2026-07-02 14:19:16 | WARNING | werkzeug |  * Debugger is active!
2026-07-02 14:19:25 | INFO    | app | upload streamed to disk in 0.00s | file=BFS_fraud_data_08-06-2026_balic_input.csv
2026-07-02 14:19:25 | INFO    | app | DuckDB ingest completed in 0.09s | table=tbl_bfs_fraud_data_08_06_2026_balic_input_csv
2026-07-02 14:19:28 | INFO    | app | [poc1] STEP 1 - getsize: 0.000s
2026-07-02 14:19:28 | INFO    | app | [poc1] STEP 2 - get_full_metadata_for_ai (DuckDB): 0.064s
2026-07-02 14:19:28 | INFO    | app | [poc1] STEP 3 - build_schema_discovery_prompt: 0.000s | prompt_chars=27465
2026-07-02 14:19:28 | INFO    | app | [poc1] USER PROMPT:
CSV METADATA (JSON):
{"schema":{"src_customer_unique_id":"BIGINT","src_txn_unique_id":"BIGINT","name":"VARCHAR","pan":"VARCHAR","id_type2":"VARCHAR","id":"VARCHAR","dob":"DATE","mobile_number":"BIGINT","alternate_mobile_number":"BIGINT","email_id":"VARCHAR","current_pincode":"BIGINT","permanent_pincode":"BIGINT","nationality":"VARCHAR","fraud_category":"VARCHAR","detail_of_fraud":"VARCHAR","date_of_incident":"DATE","amount_involved":"BIGINT","status":"VARCHAR","consent_obtained_indicator":"VARCHAR","reported_by":"VARCHAR","nominee_guarantor_guardian applicabiltty":"VARCHAR","nominee_guarantor_consent_obtained_indicator":"VARCHAR","nominee_guarantor_relation":"VARCHAR","nominee_guarantor_pan":"VARCHAR","nominee_guarantor_id_proof2_type":"VARCHAR","nominee_guarantor_id_proof2":"VARCHAR","nominee_guarantor_mobile_number":"VARCHAR","created_date":"DATE","is_active":"BOOLEAN","file_name":"VARCHAR"},"column_statistics":[{"name":"src_customer_unique_id","type":"BIGINT","null_count":20,"null_pct":95.24,"distinct_count":1,"min":"123182057","max":"123182057","value_counts":{"123182057":1}},{"name":"src_txn_unique_id","type":"BIGINT","null_count":20,"null_pct":95.24,"distinct_count":1,"min":"26353647","max":"26353647","value_counts":{"26353647":1}},{"name":"name","type":"VARCHAR","null_count":20,"null_pct":95.24,"distinct_count":1,"min":"Parag Kadam","max":"Parag Kadam","value_counts":{"Parag Kadam":1}},{"name":"pan","type":"VARCHAR","null_count":20,"null_pct":95.24,"distinct_count":1,"min":"ISVPK7453N","max":"ISVPK7453N","value_counts":{"ISVPK7453N":1}},{"name":"id_type2","type":"VARCHAR","null_count":21,"null_pct":100.0,"distinct_count":0},{"name":"id","type":"VARCHAR","null_count":21,"null_pct":100.0,"distinct_count":0},{"name":"dob","type":"DATE","null_count":20,"null_pct":95.24,"distinct_count":1,"min":"1983-11-14","max":"1983-11-14","value_counts":{"1983-11-14":1}},{"name":"mobile_number","type":"BIGINT","null_count":20,"null_pct":95.24,"distinct_count":1,"min":"8363748473","max":"8363748473","value_counts":{"8363748473":1}},{"name":"alternate_mobile_number","type":"BIGINT","null_count":20,"null_pct":95.24,"distinct_count":1,"min":"9273540865","max":"9273540865","value_counts":{"9273540865":1}},{"name":"email_id","type":"VARCHAR","null_count":20,"null_pct":95.24,"distinct_count":1,"min":"pkadam@gmail.com","max":"pkadam@gmail.com","value_counts":{"pkadam@gmail.com":1}},{"name":"current_pincode","type":"BIGINT","null_count":20,"null_pct":95.24,"distinct_count":1,"min":"272164","max":"272164","value_counts":{"272164":1}},{"name":"permanent_pincode","type":"BIGINT","null_count":20,"null_pct":95.24,"distinct_count":1,"min":"272164","max":"272164","value_counts":{"272164":1}},{"name":"nationality","type":"VARCHAR","null_count":20,"null_pct":95.24,"distinct_count":1,"min":"Indian","max":"Indian","value_counts":{"Indian":1}},{"name":"fraud_category","type":"VARCHAR","null_count":20,"null_pct":95.24,"distinct_count":1,"min":"Misrepresentation of Facts","max":"Misrepresentation of Facts","value_counts":{"Misrepresentation of Facts":1}},{"name":"detail_of_fraud","type":"VARCHAR","null_count":20,"null_pct":95.24,"distinct_count":1,"min":"Scam","max":"Scam","value_counts":{"Scam":1}},{"name":"date_of_incident","type":"DATE","null_count":20,"null_pct":95.24,"distinct_count":1,"min":"2026-05-18","max":"2026-05-18","value_counts":{"2026-05-18":1}},{"name":"amount_involved","type":"BIGINT","null_count":20,"null_pct":95.24,"distinct_count":1,"min":"2500000","max":"2500000","value_counts":{"2500000":1}},{"name":"status","type":"VARCHAR","null_count":20,"null_pct":95.24,"distinct_count":1,"min":"Established","max":"Established","value_counts":{"Established":1}},{"name":"consent_obtained_indicator","type":"VARCHAR","null_count":20,"null_pct":95.24,"distinct_count":1,"min":"Y","max":"Y","value_counts":{"Y":1}},{"name":"reported_by","type":"VARCHAR","null_count":20,"null_pct":95.24,"distinct_count":1,"min":"Bajaj Life","max":"Bajaj Life","value_counts":{"Bajaj Life":1}},{"name":"nominee_guarantor_guardian applicabiltty","type":"VARCHAR","null_count":20,"null_pct":95.24,"distinct_count":1,"min":"N","max":"N","value_counts":{"N":1}},{"name":"nominee_guarantor_consent_obtained_indicator","type":"VARCHAR","null_count":21,"null_pct":100.0,"distinct_count":0},{"name":"nominee_guarantor_relation","type":"VARCHAR","null_count":21,"null_pct":100.0,"distinct_count":0},{"name":"nominee_guarantor_pan","type":"VARCHAR","null_count":21,"null_pct":100.0,"distinct_count":0},{"name":"nominee_guarantor_id_proof2_type","type":"VARCHAR","null_count":21,"null_pct":100.0,"distinct_count":0},{"name":"nominee_guarantor_id_proof2","type":"VARCHAR","null_count":21,"null_pct":100.0,"distinct_count":0},{"name":"nominee_guarantor_mobile_number","type":"VARCHAR","null_count":21,"null_pct":100.0,"distinct_count":0},{"name":"created_date","type":"DATE","null_count":0,"null_pct":0.0,"distinct_count":1,"min":"2026-07-02","max":"2026-07-02","value_counts":{"2026-07-02":21}},{"name":"is_active","type":"BOOLEAN","null_count":0,"null_pct":0.0,"distinct_count":1,"min":"true","max":"true","value_counts":{"True":21}},{"name":"file_name","type":"VARCHAR","null_count":0,"null_pct":0.0,"distinct_count":1,"min":"BFS_fraud_data_08-06-2026_balic_input.csv","max":"BFS_fraud_data_08-06-2026_balic_input.csv","value_counts":{"BFS_fraud_data_08-06-2026_balic_input.csv":21}}],"sample_rows":[{"src_customer_unique_id":123182057,"src_txn_unique_id":26353647,"name":"Parag Kadam","pan":"ISVPK7453N","id_type2":null,"id":null,"dob":"1983-11-14","mobile_number":8363748473,"alternate_mobile_number":9273540865,"email_id":"pkadam@gmail.com","current_pincode":272164,"permanent_pincode":272164,"nationality":"Indian","fraud_category":"Misrepresentation of Facts","detail_of_fraud":"Scam","date_of_incident":"2026-05-18","amount_involved":2500000,"status":"Established","consent_obtained_indicator":"Y","reported_by":"Bajaj Life","nominee_guarantor_guardian applicabiltty":"N","nominee_guarantor_consent_obtained_indicator":null,"nominee_guarantor_relation":null,"nominee_guarantor_pan":null,"nominee_guarantor_id_proof2_type":null,"nominee_guarantor_id_proof2":null,"nominee_guarantor_mobile_number":null,"created_date":"2026-07-02","is_active":true,"file_name":"BFS_fraud_data_08-06-2026_balic_input.csv"},{"src_customer_unique_id":null,"src_txn_unique_id":null,"name":null,"pan":null,"id_type2":null,"id":null,"dob":null,"mobile_number":null,"alternate_mobile_number":null,"email_id":null,"current_pincode":null,"permanent_pincode":null,"nationality":null,"fraud_category":null,"detail_of_fraud":null,"date_of_incident":null,"amount_involved":null,"status":null,"consent_obtained_indicator":null,"reported_by":null,"nominee_guarantor_guardian applicabiltty":null,"nominee_guarantor_consent_obtained_indicator":null,"nominee_guarantor_relation":null,"nominee_guarantor_pan":null,"nominee_guarantor_id_proof2_type":null,"nominee_guarantor_id_proof2":null,"nominee_guarantor_mobile_number":null,"created_date":"2026-07-02","is_active":true,"file_name":"BFS_fraud_data_08-06-2026_balic_input.csv"},{"src_customer_unique_id":null,"src_txn_unique_id":null,"name":null,"pan":null,"id_type2":null,"id":null,"dob":null,"mobile_number":null,"alternate_mobile_number":null,"email_id":null,"current_pincode":null,"permanent_pincode":null,"nationality":null,"fraud_category":null,"detail_of_fraud":null,"date_of_incident":null,"amount_involved":null,"status":null,"consent_obtained_indicator":null,"reported_by":null,"nominee_guarantor_guardian applicabiltty":null,"nominee_guarantor_consent_obtained_indicator":null,"nominee_guarantor_relation":null,"nominee_guarantor_pan":null,"nominee_guarantor_id_proof2_type":null,"nominee_guarantor_id_proof2":null,"nominee_guarantor_mobile_number":null,"created_date":"2026-07-02","is_active":true,"file_name":"BFS_fraud_data_08-06-2026_balic_input.csv"},{"src_customer_unique_id":null,"src_txn_unique_id":null,"name":null,"pan":null,"id_type2":null,"id":null,"dob":null,"mobile_number":null,"alternate_mobile_number":null,"email_id":null,"current_pincode":null,"permanent_pincode":null,"nationality":null,"fraud_category":null,"detail_of_fraud":null,"date_of_incident":null,"amount_involved":null,"status":null,"consent_obtained_indicator":null,"reported_by":null,"nominee_guarantor_guardian applicabiltty":null,"nominee_guarantor_consent_obtained_indicator":null,"nominee_guarantor_relation":null,"nominee_guarantor_pan":null,"nominee_guarantor_id_proof2_type":null,"nominee_guarantor_id_proof2":null,"nominee_guarantor_mobile_number":null,"created_date":"2026-07-02","is_active":true,"file_name":"BFS_fraud_data_08-06-2026_balic_input.csv"},{"src_customer_unique_id":null,"src_txn_unique_id":null,"name":null,"pan":null,"id_type2":null,"id":null,"dob":null,"mobile_number":null,"alternate_mobile_number":null,"email_id":null,"current_pincode":null,"permanent_pincode":null,"nationality":null,"fraud_category":null,"detail_of_fraud":null,"date_of_incident":null,"amount_involved":null,"status":null,"consent_obtained_indicator":null,"reported_by":null,"nominee_guarantor_guardian applicabiltty":null,"nominee_guarantor_consent_obtained_indicator":null,"nominee_guarantor_relation":null,"nominee_guarantor_pan":null,"nominee_guarantor_id_proof2_type":null,"nominee_guarantor_id_proof2":null,"nominee_guarantor_mobile_number":null,"created_date":"2026-07-02","is_active":true,"file_name":"BFS_fraud_data_08-06-2026_balic_input.csv"},{"src_customer_unique_id":null,"src_txn_unique_id":null,"name":null,"pan":null,"id_type2":null,"id":null,"dob":null,"mobile_number":null,"alternate_mobile_number":null,"email_id":null,"current_pincode":null,"permanent_pincode":null,"nationality":null,"fraud_category":null,"detail_of_fraud":null,"date_of_incident":null,"amount_involved":null,"status":null,"consent_obtained_indicator":null,"reported_by":null,"nominee_guarantor_guardian applicabiltty":null,"nominee_guarantor_consent_obtained_indicator":null,"nominee_guarantor_relation":null,"nominee_guarantor_pan":null,"nominee_guarantor_id_proof2_type":null,"nominee_guarantor_id_proof2":null,"nominee_guarantor_mobile_number":null,"created_date":"2026-07-02","is_active":true,"file_name":"BFS_fraud_data_08-06-2026_balic_input.csv"},{"src_customer_unique_id":null,"src_txn_unique_id":null,"name":null,"pan":null,"id_type2":null,"id":null,"dob":null,"mobile_number":null,"alternate_mobile_number":null,"email_id":null,"current_pincode":null,"permanent_pincode":null,"nationality":null,"fraud_category":null,"detail_of_fraud":null,"date_of_incident":null,"amount_involved":null,"status":null,"consent_obtained_indicator":null,"reported_by":null,"nominee_guarantor_guardian applicabiltty":null,"nominee_guarantor_consent_obtained_indicator":null,"nominee_guarantor_relation":null,"nominee_guarantor_pan":null,"nominee_guarantor_id_proof2_type":null,"nominee_guarantor_id_proof2":null,"nominee_guarantor_mobile_number":null,"created_date":"2026-07-02","is_active":true,"file_name":"BFS_fraud_data_08-06-2026_balic_input.csv"},{"src_customer_unique_id":null,"src_txn_unique_id":null,"name":null,"pan":null,"id_type2":null,"id":null,"dob":null,"mobile_number":null,"alternate_mobile_number":null,"email_id":null,"current_pincode":null,"permanent_pincode":null,"nationality":null,"fraud_category":null,"detail_of_fraud":null,"date_of_incident":null,"amount_involved":null,"status":null,"consent_obtained_indicator":null,"reported_by":null,"nominee_guarantor_guardian applicabiltty":null,"nominee_guarantor_consent_obtained_indicator":null,"nominee_guarantor_relation":null,"nominee_guarantor_pan":null,"nominee_guarantor_id_proof2_type":null,"nominee_guarantor_id_proof2":null,"nominee_guarantor_mobile_number":null,"created_date":"2026-07-02","is_active":true,"file_name":"BFS_fraud_data_08-06-2026_balic_input.csv"},{"src_customer_unique_id":null,"src_txn_unique_id":null,"name":null,"pan":null,"id_type2":null,"id":null,"dob":null,"mobile_number":null,"alternate_mobile_number":null,"email_id":null,"current_pincode":null,"permanent_pincode":null,"nationality":null,"fraud_category":null,"detail_of_fraud":null,"date_of_incident":null,"amount_involved":null,"status":null,"consent_obtained_indicator":null,"reported_by":null,"nominee_guarantor_guardian applicabiltty":null,"nominee_guarantor_consent_obtained_indicator":null,"nominee_guarantor_relation":null,"nominee_guarantor_pan":null,"nominee_guarantor_id_proof2_type":null,"nominee_guarantor_id_proof2":null,"nominee_guarantor_mobile_number":null,"created_date":"2026-07-02","is_active":true,"file_name":"BFS_fraud_data_08-06-2026_balic_input.csv"},{"src_customer_unique_id":null,"src_txn_unique_id":null,"name":null,"pan":null,"id_type2":null,"id":null,"dob":null,"mobile_number":null,"alternate_mobile_number":null,"email_id":null,"current_pincode":null,"permanent_pincode":null,"nationality":null,"fraud_category":null,"detail_of_fraud":null,"date_of_incident":null,"amount_involved":null,"status":null,"consent_obtained_indicator":null,"reported_by":null,"nominee_guarantor_guardian applicabiltty":null,"nominee_guarantor_consent_obtained_indicator":null,"nominee_guarantor_relation":null,"nominee_guarantor_pan":null,"nominee_guarantor_id_proof2_type":null,"nominee_guarantor_id_proof2":null,"nominee_guarantor_mobile_number":null,"created_date":"2026-07-02","is_active":true,"file_name":"BFS_fraud_data_08-06-2026_balic_input.csv"},{"src_customer_unique_id":null,"src_txn_unique_id":null,"name":null,"pan":null,"id_type2":null,"id":null,"dob":null,"mobile_number":null,"alternate_mobile_number":null,"email_id":null,"current_pincode":null,"permanent_pincode":null,"nationality":null,"fraud_category":null,"detail_of_fraud":null,"date_of_incident":null,"amount_involved":null,"status":null,"consent_obtained_indicator":null,"reported_by":null,"nominee_guarantor_guardian applicabiltty":null,"nominee_guarantor_consent_obtained_indicator":null,"nominee_guarantor_relation":null,"nominee_guarantor_pan":null,"nominee_guarantor_id_proof2_type":null,"nominee_guarantor_id_proof2":null,"nominee_guarantor_mobile_number":null,"created_date":"2026-07-02","is_active":true,"file_name":"BFS_fraud_data_08-06-2026_balic_input.csv"},{"src_customer_unique_id":null,"src_txn_unique_id":null,"name":null,"pan":null,"id_type2":null,"id":null,"dob":null,"mobile_number":null,"alternate_mobile_number":null,"email_id":null,"current_pincode":null,"permanent_pincode":null,"nationality":null,"fraud_category":null,"detail_of_fraud":null,"date_of_incident":null,"amount_involved":null,"status":null,"consent_obtained_indicator":null,"reported_by":null,"nominee_guarantor_guardian applicabiltty":null,"nominee_guarantor_consent_obtained_indicator":null,"nominee_guarantor_relation":null,"nominee_guarantor_pan":null,"nominee_guarantor_id_proof2_type":null,"nominee_guarantor_id_proof2":null,"nominee_guarantor_mobile_number":null,"created_date":"2026-07-02","is_active":true,"file_name":"BFS_fraud_data_08-06-2026_balic_input.csv"},{"src_customer_unique_id":null,"src_txn_unique_id":null,"name":null,"pan":null,"id_type2":null,"id":null,"dob":null,"mobile_number":null,"alternate_mobile_number":null,"email_id":null,"current_pincode":null,"permanent_pincode":null,"nationality":null,"fraud_category":null,"detail_of_fraud":null,"date_of_incident":null,"amount_involved":null,"status":null,"consent_obtained_indicator":null,"reported_by":null,"nominee_guarantor_guardian applicabiltty":null,"nominee_guarantor_consent_obtained_indicator":null,"nominee_guarantor_relation":null,"nominee_guarantor_pan":null,"nominee_guarantor_id_proof2_type":null,"nominee_guarantor_id_proof2":null,"nominee_guarantor_mobile_number":null,"created_date":"2026-07-02","is_active":true,"file_name":"BFS_fraud_data_08-06-2026_balic_input.csv"},{"src_customer_unique_id":null,"src_txn_unique_id":null,"name":null,"pan":null,"id_type2":null,"id":null,"dob":null,"mobile_number":null,"alternate_mobile_number":null,"email_id":null,"current_pincode":null,"permanent_pincode":null,"nationality":null,"fraud_category":null,"detail_of_fraud":null,"date_of_incident":null,"amount_involved":null,"status":null,"consent_obtained_indicator":null,"reported_by":null,"nominee_guarantor_guardian applicabiltty":null,"nominee_guarantor_consent_obtained_indicator":null,"nominee_guarantor_relation":null,"nominee_guarantor_pan":null,"nominee_guarantor_id_proof2_type":null,"nominee_guarantor_id_proof2":null,"nominee_guarantor_mobile_number":null,"created_date":"2026-07-02","is_active":true,"file_name":"BFS_fraud_data_08-06-2026_balic_input.csv"},{"src_customer_unique_id":null,"src_txn_unique_id":null,"name":null,"pan":null,"id_type2":null,"id":null,"dob":null,"mobile_number":null,"alternate_mobile_number":null,"email_id":null,"current_pincode":null,"permanent_pincode":null,"nationality":null,"fraud_category":null,"detail_of_fraud":null,"date_of_incident":null,"amount_involved":null,"status":null,"consent_obtained_indicator":null,"reported_by":null,"nominee_guarantor_guardian applicabiltty":null,"nominee_guarantor_consent_obtained_indicator":null,"nominee_guarantor_relation":null,"nominee_guarantor_pan":null,"nominee_guarantor_id_proof2_type":null,"nominee_guarantor_id_proof2":null,"nominee_guarantor_mobile_number":null,"created_date":"2026-07-02","is_active":true,"file_name":"BFS_fraud_data_08-06-2026_balic_input.csv"},{"src_customer_unique_id":null,"src_txn_unique_id":null,"name":null,"pan":null,"id_type2":null,"id":null,"dob":null,"mobile_number":null,"alternate_mobile_number":null,"email_id":null,"current_pincode":null,"permanent_pincode":null,"nationality":null,"fraud_category":null,"detail_of_fraud":null,"date_of_incident":null,"amount_involved":null,"status":null,"consent_obtained_indicator":null,"reported_by":null,"nominee_guarantor_guardian applicabiltty":null,"nominee_guarantor_consent_obtained_indicator":null,"nominee_guarantor_relation":null,"nominee_guarantor_pan":null,"nominee_guarantor_id_proof2_type":null,"nominee_guarantor_id_proof2":null,"nominee_guarantor_mobile_number":null,"created_date":"2026-07-02","is_active":true,"file_name":"BFS_fraud_data_08-06-2026_balic_input.csv"},{"src_customer_unique_id":null,"src_txn_unique_id":null,"name":null,"pan":null,"id_type2":null,"id":null,"dob":null,"mobile_number":null,"alternate_mobile_number":null,"email_id":null,"current_pincode":null,"permanent_pincode":null,"nationality":null,"fraud_category":null,"detail_of_fraud":null,"date_of_incident":null,"amount_involved":null,"status":null,"consent_obtained_indicator":null,"reported_by":null,"nominee_guarantor_guardian applicabiltty":null,"nominee_guarantor_consent_obtained_indicator":null,"nominee_guarantor_relation":null,"nominee_guarantor_pan":null,"nominee_guarantor_id_proof2_type":null,"nominee_guarantor_id_proof2":null,"nominee_guarantor_mobile_number":null,"created_date":"2026-07-02","is_active":true,"file_name":"BFS_fraud_data_08-06-2026_balic_input.csv"},{"src_customer_unique_id":null,"src_txn_unique_id":null,"name":null,"pan":null,"id_type2":null,"id":null,"dob":null,"mobile_number":null,"alternate_mobile_number":null,"email_id":null,"current_pincode":null,"permanent_pincode":null,"nationality":null,"fraud_category":null,"detail_of_fraud":null,"date_of_incident":null,"amount_involved":null,"status":null,"consent_obtained_indicator":null,"reported_by":null,"nominee_guarantor_guardian applicabiltty":null,"nominee_guarantor_consent_obtained_indicator":null,"nominee_guarantor_relation":null,"nominee_guarantor_pan":null,"nominee_guarantor_id_proof2_type":null,"nominee_guarantor_id_proof2":null,"nominee_guarantor_mobile_number":null,"created_date":"2026-07-02","is_active":true,"file_name":"BFS_fraud_data_08-06-2026_balic_input.csv"},{"src_customer_unique_id":null,"src_txn_unique_id":null,"name":null,"pan":null,"id_type2":null,"id":null,"dob":null,"mobile_number":null,"alternate_mobile_number":null,"email_id":null,"current_pincode":null,"permanent_pincode":null,"nationality":null,"fraud_category":null,"detail_of_fraud":null,"date_of_incident":null,"amount_involved":null,"status":null,"consent_obtained_indicator":null,"reported_by":null,"nominee_guarantor_guardian applicabiltty":null,"nominee_guarantor_consent_obtained_indicator":null,"nominee_guarantor_relation":null,"nominee_guarantor_pan":null,"nominee_guarantor_id_proof2_type":null,"nominee_guarantor_id_proof2":null,"nominee_guarantor_mobile_number":null,"created_date":"2026-07-02","is_active":true,"file_name":"BFS_fraud_data_08-06-2026_balic_input.csv"},{"src_customer_unique_id":null,"src_txn_unique_id":null,"name":null,"pan":null,"id_type2":null,"id":null,"dob":null,"mobile_number":null,"alternate_mobile_number":null,"email_id":null,"current_pincode":null,"permanent_pincode":null,"nationality":null,"fraud_category":null,"detail_of_fraud":null,"date_of_incident":null,"amount_involved":null,"status":null,"consent_obtained_indicator":null,"reported_by":null,"nominee_guarantor_guardian applicabiltty":null,"nominee_guarantor_consent_obtained_indicator":null,"nominee_guarantor_relation":null,"nominee_guarantor_pan":null,"nominee_guarantor_id_proof2_type":null,"nominee_guarantor_id_proof2":null,"nominee_guarantor_mobile_number":null,"created_date":"2026-07-02","is_active":true,"file_name":"BFS_fraud_data_08-06-2026_balic_input.csv"},{"src_customer_unique_id":null,"src_txn_unique_id":null,"name":null,"pan":null,"id_type2":null,"id":null,"dob":null,"mobile_number":null,"alternate_mobile_number":null,"email_id":null,"current_pincode":null,"permanent_pincode":null,"nationality":null,"fraud_category":null,"detail_of_fraud":null,"date_of_incident":null,"amount_involved":null,"status":null,"consent_obtained_indicator":null,"reported_by":null,"nominee_guarantor_guardian applicabiltty":null,"nominee_guarantor_consent_obtained_indicator":null,"nominee_guarantor_relation":null,"nominee_guarantor_pan":null,"nominee_guarantor_id_proof2_type":null,"nominee_guarantor_id_proof2":null,"nominee_guarantor_mobile_number":null,"created_date":"2026-07-02","is_active":true,"file_name":"BFS_fraud_data_08-06-2026_balic_input.csv"}]}

ANALYSIS STEPS:

STEP 1 — VERIFY TYPES
  Review the schema and sample_rows in the JSON below.
  If samples show different types than schema, correct it.
  Example: schema says Int64, but samples show ["25", "N/A"] → correct to Utf8/String

STEP 2 — UNDERSTAND BUSINESS MEANING
  Based on column name and sample values, what does this column represent?
  Example: "date_of_birth" + samples ["1990-05-15", "2000-01-20"] → "Customer birth date"

STEP 3 — DATA QUALITY ASSESSMENT
  Look at null counts, distinct counts, ranges in column_statistics.
  For low-cardinality columns, review value_counts to understand the
  full distribution of categories — not just which values exist, but
  how common each one is. Flag class imbalance (e.g. one value covering
  >95% of rows), unexpectedly rare values that might be data entry
  errors, or values outside the expected set.
  Example: loan_type value_counts = {"PL": 800, "HL": 450, "BL": 90, "XYZ": 2}
  → "XYZ" appearing only twice is likely a data entry error, flag it.

STEP 4 — IDENTIFY KEY COLUMNS
  Which 3-5 columns are most critical for quality analysis?
  Usually: IDs, dates, amounts, status fields

STEP 5 — IDENTIFY CRITICAL DATA POINTS
  Which columns have:
  - Data quality issues (high nulls, duplicates, inconsistent formats, class imbalance)?
  - Security concerns (sensitive data, PII)?
  - Business impact (revenue, transaction amounts, customer status)?
  - Format issues (mixed date formats, invalid values)?
  These are CRITICAL and must be flagged.

STEP 6 — RECOMMEND INDEXES
  Which columns should be indexed for fast queries?
  Think about:
  - Primary keys / IDs (always index)
  - Date fields used in WHERE/JOIN (always index)
  - Status/category fields with filtering (index if low-cardinality)
  - Foreign keys / relationships (always index)
  - High-cardinality fields unlikely to be filtered (skip)

  For each recommendation, explain WHY it should be indexed.

  Examples of good reasons:
  - "Primary key — fast lookups and joins"
  - "Frequently filtered in WHERE clauses"
  - "Date range queries for reports"
  - "Join condition with other tables"
  - "Sorts and aggregations on this column"
  - "Low-cardinality status field — improves filter selectivity"
  
STEP 7 - Conditional / Dependency Checks (Column-Controlled Mandatory Fields) 
  Identify situations where the value of one column determines whether another column should or should not contain data. 
  Examples of controlling relationships Application_Status 
  - Loan_Account_Number Payment_Status 
  - Payment_Date Order_Status 
  - Delivery_Date Approval_Flag 
  - Approved_By Is_Active 
  - Deactivation_Date Employment_Status 
  - Exit_Date Customer_Type 
  -> GST_Number Loan_Status 
  -> Disbursement_Date Product_Type 
  -> Product_Code Country 
  -> State Generate failed rows checks for these dependencies. 
  Examples If Application_Status = 'Disbursed', Loan_Account_Number must not be NULL
  Generate similar validations whenever one column logically controls another.

Return JSON with schema profile:
{
  "table_name": "derived from filename",
  "total_columns": number,
  "total_rows": number,
  "file_size_mb": number,
  "schema": [
    {
      "column": "exact name",
      "business_meaning": "what this represents",
      "data_type": "CORRECTED type (not just inferred)",
      "nullable": boolean,
      "null_count": number,
      "null_pct": number,
      "unique_count": number,
      "validation_rule": "rule to enforce",
      "sample_values": ["val1", "val2", "val3"],
      "categorical_values": ["val1", "val2"] or [],
      "value_distribution": {"val1": 800, "val2": 450} or {}
    }
  ],
  "key_columns": ["col1", "col2", "col3"],
  "critical_data": [
    {
      "column": "column_name",
      "severity": "HIGH" or "MEDIUM",
      "concern": "Specific issue found",
      "impact": "Business/data quality impact"
    }
  ],
  "quality_concerns": ["Specific concern with details"],
  "recommended_indexes": [
    {
      "column": "applicantid",
      "index_type": "B-Tree",
      "reason": "Primary key — enables fast lookups and join operations"
    }
  ],
  "data_completeness_pct": number (average of non-null percentages)
}

2026-07-02 14:20:10 | INFO    | bedrock_client | [bedrock] invoke_model network+generation time: 41.687s
2026-07-02 14:20:10 | INFO    | bedrock_client | [bedrock] response body read+json.loads: 0.081s
2026-07-02 14:20:10 | INFO    | bedrock_client | bedrock call | input_tokens=8871 output_tokens=7360 total=16231 session_total=16231 requests=1
2026-07-02 14:20:10 | INFO    | bedrock_client | [ask_json] ask() total (network+generation+read): 41.770s
2026-07-02 14:20:10 | INFO    | bedrock_client | [ask_json] cleanup + json.loads parse: 0.004s
2026-07-02 14:20:10 | INFO    | app | [poc1] STEP 4 - ask_json (Bedrock call, incl. JSON parse): 41.775s
2026-07-02 14:20:10 | INFO    | app | [poc1] STEP 5 - save_versioned: 0.004s
2026-07-02 14:20:10 | INFO    | app | [poc1] STEP 6 - contract write: 0.001s | new_contract=True
2026-07-02 14:20:10 | INFO    | app | [poc1] TOTAL route time: 41.847s
2026-07-02 14:20:28 | INFO    | app | SODA YAML Prompt (first 500 chars):
RULE GENERATION PRIORITY

DO NOT use: failed rows, fail query, alert, warn, valid_format, regex
ONLY use: row_count, missing_count, duplicate_count, min(), max(), invalid_count

1. TABLE LEVEL CHECKS
Always include checks for <table_name>:
  - row_count > 0
If expected row count is known, generate an appropriate threshold.

2. MISSING VALUE CHECKS
Use actual metadata.
If nullable = false → Generate missing_count(column) = 0
If nullable=true → Use observed null count with reasonable tolerance
Alw
2026-07-02 14:20:38 | INFO    | bedrock_client | [bedrock] invoke_model network+generation time: 9.769s
2026-07-02 14:20:38 | INFO    | bedrock_client | [bedrock] response body read+json.loads: 0.001s
2026-07-02 14:20:38 | INFO    | bedrock_client | bedrock call | input_tokens=9281 output_tokens=1867 total=11148 session_total=27379 requests=2
2026-07-02 14:21:35 | INFO    | app | upload streamed to disk in 0.00s | file=sample_file1.csv
2026-07-02 14:21:35 | INFO    | app | DuckDB ingest completed in 0.04s | table=tbl_sample_file1_csv
2026-07-02 14:21:39 | INFO    | app | [poc1] STEP 1 - getsize: 0.000s
2026-07-02 14:21:39 | INFO    | app | [poc1] STEP 2 - get_full_metadata_for_ai (DuckDB): 0.052s
2026-07-02 14:21:39 | INFO    | app | [poc1] STEP 3 - build_schema_discovery_prompt: 0.000s | prompt_chars=9861
2026-07-02 14:21:39 | INFO    | app | [poc1] USER PROMPT:
CSV METADATA (JSON):
{"schema":{"applicationid":"BIGINT","createddt":"VARCHAR","applicantid":"BIGINT","productcd":"VARCHAR","appstatus":"VARCHAR","isactive":"BOOLEAN","last_updated_dt":"VARCHAR","status":"VARCHAR","created_date":"DATE","is_active":"BOOLEAN","file_name":"VARCHAR"},"column_statistics":[{"name":"applicationid","type":"BIGINT","null_count":0,"null_pct":0.0,"distinct_count":11,"min":"1","max":"10"},{"name":"createddt","type":"VARCHAR","null_count":0,"null_pct":0.0,"distinct_count":11,"min":"1/5/2007 0:00","max":"6/12/2020 0:00"},{"name":"applicantid","type":"BIGINT","null_count":0,"null_pct":0.0,"distinct_count":9,"min":"1764574","max":"13895619","value_counts":{"1764574":1,"2716364":1,"4426056":1,"6914137":1,"7161417":1,"7296354":1,"10430103":1,"12983975":1,"13583866":1,"13895619":1}},{"name":"productcd","type":"VARCHAR","null_count":0,"null_pct":0.0,"distinct_count":3,"min":"BL","max":"PL","value_counts":{"PL":7,"HL":2,"BL":1}},{"name":"appstatus","type":"VARCHAR","null_count":0,"null_pct":0.0,"distinct_count":4,"min":"AIP","max":"disbursed","value_counts":{"AIP":4,"created":4,"approved":1,"disbursed":1}},{"name":"isactive","type":"BOOLEAN","null_count":0,"null_pct":0.0,"distinct_count":1,"min":"true","max":"true","value_counts":{"True":10}},{"name":"last_updated_dt","type":"VARCHAR","null_count":0,"null_pct":0.0,"distinct_count":11,"min":"1/7/2001 0:00","max":"9/10/2000 0:00"},{"name":"status","type":"VARCHAR","null_count":1,"null_pct":10.0,"distinct_count":3,"min":"n","max":"y","value_counts":{"n":4,"y":4,"r":1}},{"name":"created_date","type":"DATE","null_count":0,"null_pct":0.0,"distinct_count":1,"min":"2026-07-02","max":"2026-07-02","value_counts":{"2026-07-02":10}},{"name":"is_active","type":"BOOLEAN","null_count":0,"null_pct":0.0,"distinct_count":1,"min":"true","max":"true","value_counts":{"True":10}},{"name":"file_name","type":"VARCHAR","null_count":0,"null_pct":0.0,"distinct_count":1,"min":"sample_file1.csv","max":"sample_file1.csv","value_counts":{"sample_file1.csv":10}}],"sample_rows":[{"applicationid":1,"createddt":"30/04/02 0:00","applicantid":7161417,"productcd":"PL","appstatus":"created","isactive":true,"last_updated_dt":"5/5/2002 0:00","status":"n","created_date":"2026-07-02","is_active":true,"file_name":"sample_file1.csv"},{"applicationid":2,"createddt":"4/10/2000 0:00","applicantid":6914137,"productcd":"PL","appstatus":"AIP","isactive":true,"last_updated_dt":"9/10/2000 0:00","status":"y","created_date":"2026-07-02","is_active":true,"file_name":"sample_file1.csv"},{"applicationid":3,"createddt":"20/03/11 0:00","applicantid":13583866,"productcd":"HL","appstatus":"AIP","isactive":true,"last_updated_dt":"25/03/11 0:00","status":"y","created_date":"2026-07-02","is_active":true,"file_name":"sample_file1.csv"},{"applicationid":4,"createddt":"26/06/01 0:00","applicantid":7296354,"productcd":"BL","appstatus":"created","isactive":true,"last_updated_dt":"1/7/2001 0:00","status":"n","created_date":"2026-07-02","is_active":true,"file_name":"sample_file1.csv"},{"applicationid":5,"createddt":"3/3/2008 0:00","applicantid":13895619,"productcd":"HL","appstatus":"created","isactive":true,"last_updated_dt":"8/3/2008 0:00","status":"r","created_date":"2026-07-02","is_active":true,"file_name":"sample_file1.csv"},{"applicationid":6,"createddt":"20/05/15 0:00","applicantid":12983975,"productcd":"PL","appstatus":"approved","isactive":true,"last_updated_dt":"25/05/15 0:00","status":null,"created_date":"2026-07-02","is_active":true,"file_name":"sample_file1.csv"},{"applicationid":7,"createddt":"1/5/2007 0:00","applicantid":10430103,"productcd":"PL","appstatus":"AIP","isactive":true,"last_updated_dt":"6/5/2007 0:00","status":"y","created_date":"2026-07-02","is_active":true,"file_name":"sample_file1.csv"},{"applicationid":8,"createddt":"24/03/08 0:00","applicantid":4426056,"productcd":"PL","appstatus":"disbursed","isactive":true,"last_updated_dt":"29/03/08 0:00","status":"n","created_date":"2026-07-02","is_active":true,"file_name":"sample_file1.csv"},{"applicationid":9,"createddt":"6/12/2020 0:00","applicantid":1764574,"productcd":"PL","appstatus":"created","isactive":true,"last_updated_dt":"11/12/2020 0:00","status":"y","created_date":"2026-07-02","is_active":true,"file_name":"sample_file1.csv"},{"applicationid":10,"createddt":"1/6/2005 0:00","applicantid":2716364,"productcd":"PL","appstatus":"AIP","isactive":true,"last_updated_dt":"6/6/2005 0:00","status":"n","created_date":"2026-07-02","is_active":true,"file_name":"sample_file1.csv"}]}

ANALYSIS STEPS:

STEP 1 — VERIFY TYPES
  Review the schema and sample_rows in the JSON below.
  If samples show different types than schema, correct it.
  Example: schema says Int64, but samples show ["25", "N/A"] → correct to Utf8/String

STEP 2 — UNDERSTAND BUSINESS MEANING
  Based on column name and sample values, what does this column represent?
  Example: "date_of_birth" + samples ["1990-05-15", "2000-01-20"] → "Customer birth date"

STEP 3 — DATA QUALITY ASSESSMENT
  Look at null counts, distinct counts, ranges in column_statistics.
  For low-cardinality columns, review value_counts to understand the
  full distribution of categories — not just which values exist, but
  how common each one is. Flag class imbalance (e.g. one value covering
  >95% of rows), unexpectedly rare values that might be data entry
  errors, or values outside the expected set.
  Example: loan_type value_counts = {"PL": 800, "HL": 450, "BL": 90, "XYZ": 2}
  → "XYZ" appearing only twice is likely a data entry error, flag it.

STEP 4 — IDENTIFY KEY COLUMNS
  Which 3-5 columns are most critical for quality analysis?
  Usually: IDs, dates, amounts, status fields

STEP 5 — IDENTIFY CRITICAL DATA POINTS
  Which columns have:
  - Data quality issues (high nulls, duplicates, inconsistent formats, class imbalance)?
  - Security concerns (sensitive data, PII)?
  - Business impact (revenue, transaction amounts, customer status)?
  - Format issues (mixed date formats, invalid values)?
  These are CRITICAL and must be flagged.

STEP 6 — RECOMMEND INDEXES
  Which columns should be indexed for fast queries?
  Think about:
  - Primary keys / IDs (always index)
  - Date fields used in WHERE/JOIN (always index)
  - Status/category fields with filtering (index if low-cardinality)
  - Foreign keys / relationships (always index)
  - High-cardinality fields unlikely to be filtered (skip)

  For each recommendation, explain WHY it should be indexed.

  Examples of good reasons:
  - "Primary key — fast lookups and joins"
  - "Frequently filtered in WHERE clauses"
  - "Date range queries for reports"
  - "Join condition with other tables"
  - "Sorts and aggregations on this column"
  - "Low-cardinality status field — improves filter selectivity"
  
STEP 7 - Conditional / Dependency Checks (Column-Controlled Mandatory Fields) 
  Identify situations where the value of one column determines whether another column should or should not contain data. 
  Examples of controlling relationships Application_Status 
  - Loan_Account_Number Payment_Status 
  - Payment_Date Order_Status 
  - Delivery_Date Approval_Flag 
  - Approved_By Is_Active 
  - Deactivation_Date Employment_Status 
  - Exit_Date Customer_Type 
  -> GST_Number Loan_Status 
  -> Disbursement_Date Product_Type 
  -> Product_Code Country 
  -> State Generate failed rows checks for these dependencies. 
  Examples If Application_Status = 'Disbursed', Loan_Account_Number must not be NULL
  Generate similar validations whenever one column logically controls another.

Return JSON with schema profile:
{
  "table_name": "derived from filename",
  "total_columns": number,
  "total_rows": number,
  "file_size_mb": number,
  "schema": [
    {
      "column": "exact name",
      "business_meaning": "what this represents",
      "data_type": "CORRECTED type (not just inferred)",
      "nullable": boolean,
      "null_count": number,
      "null_pct": number,
      "unique_count": number,
      "validation_rule": "rule to enforce",
      "sample_values": ["val1", "val2", "val3"],
      "categorical_values": ["val1", "val2"] or [],
      "value_distribution": {"val1": 800, "val2": 450} or {}
    }
  ],
  "key_columns": ["col1", "col2", "col3"],
  "critical_data": [
    {
      "column": "column_name",
      "severity": "HIGH" or "MEDIUM",
      "concern": "Specific issue found",
      "impact": "Business/data quality impact"
    }
  ],
  "quality_concerns": ["Specific concern with details"],
  "recommended_indexes": [
    {
      "column": "applicantid",
      "index_type": "B-Tree",
      "reason": "Primary key — enables fast lookups and join operations"
    }
  ],
  "data_completeness_pct": number (average of non-null percentages)
}

2026-07-02 14:22:08 | INFO    | bedrock_client | [bedrock] invoke_model network+generation time: 28.587s
2026-07-02 14:22:08 | INFO    | bedrock_client | [bedrock] response body read+json.loads: 0.001s
2026-07-02 14:22:08 | INFO    | bedrock_client | bedrock call | input_tokens=3299 output_tokens=4294 total=7593 session_total=34972 requests=3
2026-07-02 14:22:08 | INFO    | bedrock_client | [ask_json] ask() total (network+generation+read): 28.589s
2026-07-02 14:22:08 | INFO    | bedrock_client | [ask_json] cleanup + json.loads parse: 0.001s
2026-07-02 14:22:08 | INFO    | app | [poc1] STEP 4 - ask_json (Bedrock call, incl. JSON parse): 28.591s
2026-07-02 14:22:08 | INFO    | app | [poc1] STEP 5 - save_versioned: 0.004s
2026-07-02 14:22:08 | INFO    | app | [poc1] STEP 6 - contract write: 0.001s | new_contract=True
2026-07-02 14:22:08 | INFO    | app | [poc1] TOTAL route time: 28.650s
2026-07-02 14:23:29 | INFO    | app | SODA YAML Prompt (first 500 chars):
RULE GENERATION PRIORITY

DO NOT use: failed rows, fail query, alert, warn, valid_format, regex
ONLY use: row_count, missing_count, duplicate_count, min(), max(), invalid_count

1. TABLE LEVEL CHECKS
Always include checks for <table_name>:
  - row_count > 0
If expected row count is known, generate an appropriate threshold.

2. MISSING VALUE CHECKS
Use actual metadata.
If nullable = false → Generate missing_count(column) = 0
If nullable=true → Use observed null count with reasonable tolerance
Alw
2026-07-02 14:23:35 | INFO    | bedrock_client | [bedrock] invoke_model network+generation time: 5.591s
2026-07-02 14:23:35 | INFO    | bedrock_client | [bedrock] response body read+json.loads: 0.001s
2026-07-02 14:23:35 | INFO    | bedrock_client | bedrock call | input_tokens=6007 output_tokens=924 total=6931 session_total=41903 requests=4
2026-07-02 15:35:25 | WARNING | werkzeug |  * Debugger is active!
2026-07-02 15:35:27 | WARNING | werkzeug |  * Debugger is active!
2026-07-02 15:35:28 | WARNING | werkzeug |  * Debugger is active!
2026-07-02 15:35:29 | WARNING | werkzeug |  * Debugger is active!
2026-07-02 15:35:31 | WARNING | werkzeug |  * Debugger is active!
2026-07-02 15:35:32 | WARNING | werkzeug |  * Debugger is active!
2026-07-02 15:35:48 | INFO    | app | upload streamed to disk in 0.00s | file=bfs_aml_str_2010-02-30_bfl_input.csv
2026-07-02 15:35:48 | INFO    | app | DuckDB ingest completed in 0.11s | table=tbl_bfs_aml_str_2010_02_30_bfl_input_csv
2026-07-02 16:02:20 | WARNING | werkzeug |  * Debugger is active!
2026-07-02 16:43:34 | WARNING | werkzeug |  * Debugger is active!
2026-07-02 16:43:48 | INFO    | app | upload streamed to disk in 0.00s | file=sample_file1.csv
2026-07-02 16:43:48 | INFO    | app | DuckDB ingest completed in 0.23s | table=tbl_sample_file1_csv
2026-07-02 16:43:52 | INFO    | app | [poc1] STEP 1 - getsize: 0.000s
2026-07-02 16:43:53 | INFO    | app | [poc1] STEP 2 - get_full_metadata_for_ai (DuckDB): 0.044s
2026-07-02 16:43:53 | INFO    | app | [poc1] STEP 3 - build_schema_discovery_prompt: 0.000s | prompt_chars=9861
2026-07-02 16:43:53 | INFO    | app | [poc1] USER PROMPT:
CSV METADATA (JSON):
{"schema":{"applicationid":"BIGINT","createddt":"VARCHAR","applicantid":"BIGINT","productcd":"VARCHAR","appstatus":"VARCHAR","isactive":"BOOLEAN","last_updated_dt":"VARCHAR","status":"VARCHAR","created_date":"DATE","is_active":"BOOLEAN","file_name":"VARCHAR"},"column_statistics":[{"name":"applicationid","type":"BIGINT","null_count":0,"null_pct":0.0,"distinct_count":11,"min":"1","max":"10"},{"name":"createddt","type":"VARCHAR","null_count":0,"null_pct":0.0,"distinct_count":11,"min":"1/5/2007 0:00","max":"6/12/2020 0:00"},{"name":"applicantid","type":"BIGINT","null_count":0,"null_pct":0.0,"distinct_count":9,"min":"1764574","max":"13895619","value_counts":{"1764574":1,"2716364":1,"4426056":1,"6914137":1,"7161417":1,"7296354":1,"10430103":1,"12983975":1,"13583866":1,"13895619":1}},{"name":"productcd","type":"VARCHAR","null_count":0,"null_pct":0.0,"distinct_count":3,"min":"BL","max":"PL","value_counts":{"PL":7,"HL":2,"BL":1}},{"name":"appstatus","type":"VARCHAR","null_count":0,"null_pct":0.0,"distinct_count":4,"min":"AIP","max":"disbursed","value_counts":{"AIP":4,"created":4,"approved":1,"disbursed":1}},{"name":"isactive","type":"BOOLEAN","null_count":0,"null_pct":0.0,"distinct_count":1,"min":"true","max":"true","value_counts":{"True":10}},{"name":"last_updated_dt","type":"VARCHAR","null_count":0,"null_pct":0.0,"distinct_count":11,"min":"1/7/2001 0:00","max":"9/10/2000 0:00"},{"name":"status","type":"VARCHAR","null_count":1,"null_pct":10.0,"distinct_count":3,"min":"n","max":"y","value_counts":{"n":4,"y":4,"r":1}},{"name":"created_date","type":"DATE","null_count":0,"null_pct":0.0,"distinct_count":1,"min":"2026-07-02","max":"2026-07-02","value_counts":{"2026-07-02":10}},{"name":"is_active","type":"BOOLEAN","null_count":0,"null_pct":0.0,"distinct_count":1,"min":"true","max":"true","value_counts":{"True":10}},{"name":"file_name","type":"VARCHAR","null_count":0,"null_pct":0.0,"distinct_count":1,"min":"sample_file1.csv","max":"sample_file1.csv","value_counts":{"sample_file1.csv":10}}],"sample_rows":[{"applicationid":1,"createddt":"30/04/02 0:00","applicantid":7161417,"productcd":"PL","appstatus":"created","isactive":true,"last_updated_dt":"5/5/2002 0:00","status":"n","created_date":"2026-07-02","is_active":true,"file_name":"sample_file1.csv"},{"applicationid":2,"createddt":"4/10/2000 0:00","applicantid":6914137,"productcd":"PL","appstatus":"AIP","isactive":true,"last_updated_dt":"9/10/2000 0:00","status":"y","created_date":"2026-07-02","is_active":true,"file_name":"sample_file1.csv"},{"applicationid":3,"createddt":"20/03/11 0:00","applicantid":13583866,"productcd":"HL","appstatus":"AIP","isactive":true,"last_updated_dt":"25/03/11 0:00","status":"y","created_date":"2026-07-02","is_active":true,"file_name":"sample_file1.csv"},{"applicationid":4,"createddt":"26/06/01 0:00","applicantid":7296354,"productcd":"BL","appstatus":"created","isactive":true,"last_updated_dt":"1/7/2001 0:00","status":"n","created_date":"2026-07-02","is_active":true,"file_name":"sample_file1.csv"},{"applicationid":5,"createddt":"3/3/2008 0:00","applicantid":13895619,"productcd":"HL","appstatus":"created","isactive":true,"last_updated_dt":"8/3/2008 0:00","status":"r","created_date":"2026-07-02","is_active":true,"file_name":"sample_file1.csv"},{"applicationid":6,"createddt":"20/05/15 0:00","applicantid":12983975,"productcd":"PL","appstatus":"approved","isactive":true,"last_updated_dt":"25/05/15 0:00","status":null,"created_date":"2026-07-02","is_active":true,"file_name":"sample_file1.csv"},{"applicationid":7,"createddt":"1/5/2007 0:00","applicantid":10430103,"productcd":"PL","appstatus":"AIP","isactive":true,"last_updated_dt":"6/5/2007 0:00","status":"y","created_date":"2026-07-02","is_active":true,"file_name":"sample_file1.csv"},{"applicationid":8,"createddt":"24/03/08 0:00","applicantid":4426056,"productcd":"PL","appstatus":"disbursed","isactive":true,"last_updated_dt":"29/03/08 0:00","status":"n","created_date":"2026-07-02","is_active":true,"file_name":"sample_file1.csv"},{"applicationid":9,"createddt":"6/12/2020 0:00","applicantid":1764574,"productcd":"PL","appstatus":"created","isactive":true,"last_updated_dt":"11/12/2020 0:00","status":"y","created_date":"2026-07-02","is_active":true,"file_name":"sample_file1.csv"},{"applicationid":10,"createddt":"1/6/2005 0:00","applicantid":2716364,"productcd":"PL","appstatus":"AIP","isactive":true,"last_updated_dt":"6/6/2005 0:00","status":"n","created_date":"2026-07-02","is_active":true,"file_name":"sample_file1.csv"}]}

ANALYSIS STEPS:

STEP 1 — VERIFY TYPES
  Review the schema and sample_rows in the JSON below.
  If samples show different types than schema, correct it.
  Example: schema says Int64, but samples show ["25", "N/A"] → correct to Utf8/String

STEP 2 — UNDERSTAND BUSINESS MEANING
  Based on column name and sample values, what does this column represent?
  Example: "date_of_birth" + samples ["1990-05-15", "2000-01-20"] → "Customer birth date"

STEP 3 — DATA QUALITY ASSESSMENT
  Look at null counts, distinct counts, ranges in column_statistics.
  For low-cardinality columns, review value_counts to understand the
  full distribution of categories — not just which values exist, but
  how common each one is. Flag class imbalance (e.g. one value covering
  >95% of rows), unexpectedly rare values that might be data entry
  errors, or values outside the expected set.
  Example: loan_type value_counts = {"PL": 800, "HL": 450, "BL": 90, "XYZ": 2}
  → "XYZ" appearing only twice is likely a data entry error, flag it.

STEP 4 — IDENTIFY KEY COLUMNS
  Which 3-5 columns are most critical for quality analysis?
  Usually: IDs, dates, amounts, status fields

STEP 5 — IDENTIFY CRITICAL DATA POINTS
  Which columns have:
  - Data quality issues (high nulls, duplicates, inconsistent formats, class imbalance)?
  - Security concerns (sensitive data, PII)?
  - Business impact (revenue, transaction amounts, customer status)?
  - Format issues (mixed date formats, invalid values)?
  These are CRITICAL and must be flagged.

STEP 6 — RECOMMEND INDEXES
  Which columns should be indexed for fast queries?
  Think about:
  - Primary keys / IDs (always index)
  - Date fields used in WHERE/JOIN (always index)
  - Status/category fields with filtering (index if low-cardinality)
  - Foreign keys / relationships (always index)
  - High-cardinality fields unlikely to be filtered (skip)

  For each recommendation, explain WHY it should be indexed.

  Examples of good reasons:
  - "Primary key — fast lookups and joins"
  - "Frequently filtered in WHERE clauses"
  - "Date range queries for reports"
  - "Join condition with other tables"
  - "Sorts and aggregations on this column"
  - "Low-cardinality status field — improves filter selectivity"
  
STEP 7 - Conditional / Dependency Checks (Column-Controlled Mandatory Fields) 
  Identify situations where the value of one column determines whether another column should or should not contain data. 
  Examples of controlling relationships Application_Status 
  - Loan_Account_Number Payment_Status 
  - Payment_Date Order_Status 
  - Delivery_Date Approval_Flag 
  - Approved_By Is_Active 
  - Deactivation_Date Employment_Status 
  - Exit_Date Customer_Type 
  -> GST_Number Loan_Status 
  -> Disbursement_Date Product_Type 
  -> Product_Code Country 
  -> State Generate failed rows checks for these dependencies. 
  Examples If Application_Status = 'Disbursed', Loan_Account_Number must not be NULL
  Generate similar validations whenever one column logically controls another.

Return JSON with schema profile:
{
  "table_name": "derived from filename",
  "total_columns": number,
  "total_rows": number,
  "file_size_mb": number,
  "schema": [
    {
      "column": "exact name",
      "business_meaning": "what this represents",
      "data_type": "CORRECTED type (not just inferred)",
      "nullable": boolean,
      "null_count": number,
      "null_pct": number,
      "unique_count": number,
      "validation_rule": "rule to enforce",
      "sample_values": ["val1", "val2", "val3"],
      "categorical_values": ["val1", "val2"] or [],
      "value_distribution": {"val1": 800, "val2": 450} or {}
    }
  ],
  "key_columns": ["col1", "col2", "col3"],
  "critical_data": [
    {
      "column": "column_name",
      "severity": "HIGH" or "MEDIUM",
      "concern": "Specific issue found",
      "impact": "Business/data quality impact"
    }
  ],
  "quality_concerns": ["Specific concern with details"],
  "recommended_indexes": [
    {
      "column": "applicantid",
      "index_type": "B-Tree",
      "reason": "Primary key — enables fast lookups and join operations"
    }
  ],
  "data_completeness_pct": number (average of non-null percentages)
}

2026-07-02 16:44:21 | INFO    | bedrock_client | [bedrock] invoke_model network+generation time: 28.583s
2026-07-02 16:44:21 | INFO    | bedrock_client | [bedrock] response body read+json.loads: 0.001s
2026-07-02 16:44:21 | INFO    | bedrock_client | bedrock call | input_tokens=3299 output_tokens=3984 total=7283 session_total=7283 requests=1
2026-07-02 16:44:21 | INFO    | bedrock_client | [ask_json] ask() total (network+generation+read): 28.586s
2026-07-02 16:44:21 | INFO    | bedrock_client | [ask_json] cleanup + json.loads parse: 0.001s
2026-07-02 16:44:21 | INFO    | app | [poc1] STEP 4 - ask_json (Bedrock call, incl. JSON parse): 28.588s
2026-07-02 16:44:21 | INFO    | app | [poc1] STEP 5 - save_versioned: 0.003s
2026-07-02 16:44:21 | INFO    | app | [poc1] STEP 6 - contract write: 0.000s | new_contract=False
2026-07-02 16:44:21 | INFO    | app | [poc1] TOTAL route time: 28.635s
2026-07-02 18:45:39 | WARNING | werkzeug |  * Debugger is active!
2026-07-02 18:45:47 | INFO    | app | upload streamed to disk in 0.01s | file=application.csv
2026-07-02 18:45:48 | INFO    | app | DuckDB ingest completed in 0.23s | table=tbl_application_csv
2026-07-02 18:45:50 | INFO    | app | [poc1] STEP 1 - getsize: 0.000s
2026-07-02 18:45:50 | INFO    | app | [poc1] STEP 2 - get_full_metadata_for_ai (DuckDB): 0.129s
2026-07-02 18:45:50 | INFO    | app | [poc1] STEP 3 - build_schema_discovery_prompt: 0.000s | prompt_chars=15148
2026-07-02 18:45:50 | INFO    | app | [poc1] USER PROMPT:
CSV METADATA (JSON):
{"schema":{"applicationid":"BIGINT","createddt":"TIMESTAMP","applicantid":"BIGINT","productcd":"VARCHAR","appstatus":"VARCHAR","lan":"VARCHAR","isactive":"BOOLEAN","last_updated_dt":"TIMESTAMP","created_date":"DATE","is_active":"BOOLEAN","file_name":"VARCHAR"},"column_statistics":[{"name":"applicationid","type":"BIGINT","null_count":0,"null_pct":0.0,"distinct_count":63228,"min":"1","max":"71123"},{"name":"createddt","type":"TIMESTAMP","null_count":0,"null_pct":0.0,"distinct_count":69841,"min":"2024-05-25 14:14:15","max":"2026-04-26 14:06:28"},{"name":"applicantid","type":"BIGINT","null_count":0,"null_pct":0.0,"distinct_count":43184,"min":"1","max":"46973"},{"name":"productcd","type":"VARCHAR","null_count":0,"null_pct":0.0,"distinct_count":3,"min":"BL","max":"PL","value_counts":{"PL":23774,"BL":23703,"HL":23646}},{"name":"appstatus","type":"VARCHAR","null_count":0,"null_pct":0.0,"distinct_count":5,"min":"AIP","max":"disbursed","value_counts":{"created":17671,"disbursed":14336,"AIP":14230,"approved":14217,"cancelled":10669}},{"name":"lan","type":"VARCHAR","null_count":56785,"null_pct":79.84,"distinct_count":14905,"min":"LAN2026000000000001","max":"LAN2026000000071123"},{"name":"isactive","type":"BOOLEAN","null_count":0,"null_pct":0.0,"distinct_count":2,"min":"false","max":"true","value_counts":{"True":53254,"False":17869}},{"name":"last_updated_dt","type":"TIMESTAMP","null_count":0,"null_pct":0.0,"distinct_count":56735,"min":"2024-05-26 23:10:11","max":"2026-07-25 11:27:50"},{"name":"created_date","type":"DATE","null_count":0,"null_pct":0.0,"distinct_count":1,"min":"2026-07-02","max":"2026-07-02","value_counts":{"2026-07-02":71123}},{"name":"is_active","type":"BOOLEAN","null_count":0,"null_pct":0.0,"distinct_count":1,"min":"true","max":"true","value_counts":{"True":71123}},{"name":"file_name","type":"VARCHAR","null_count":0,"null_pct":0.0,"distinct_count":1,"min":"application.csv","max":"application.csv","value_counts":{"application.csv":71123}}],"sample_rows":[{"applicationid":3552,"createddt":"2025-03-02 08:22:21","applicantid":3552,"productcd":"HL","appstatus":"approved","lan":null,"isactive":true,"last_updated_dt":"2025-04-22 04:22:21","created_date":"2026-07-02","is_active":true,"file_name":"application.csv"},{"applicationid":9479,"createddt":"2025-03-26 18:24:52","applicantid":9479,"productcd":"PL","appstatus":"approved","lan":null,"isactive":false,"last_updated_dt":"2025-04-18 09:24:52","created_date":"2026-07-02","is_active":true,"file_name":"application.csv"},{"applicationid":9525,"createddt":"2025-05-22 07:41:45","applicantid":9525,"productcd":"HL","appstatus":"created","lan":null,"isactive":true,"last_updated_dt":"2025-06-05 02:41:45","created_date":"2026-07-02","is_active":true,"file_name":"application.csv"},{"applicationid":11302,"createddt":"2024-06-28 03:17:19","applicantid":11302,"productcd":"BL","appstatus":"cancelled","lan":null,"isactive":true,"last_updated_dt":"2024-09-12 00:17:19","created_date":"2026-07-02","is_active":true,"file_name":"application.csv"},{"applicationid":13971,"createddt":"2026-04-18 04:02:16","applicantid":13971,"productcd":"HL","appstatus":"AIP","lan":null,"isactive":true,"last_updated_dt":"2026-05-07 00:02:16","created_date":"2026-07-02","is_active":true,"file_name":"application.csv"},{"applicationid":16414,"createddt":"2024-05-29 21:08:55","applicantid":16414,"productcd":"HL","appstatus":"created","lan":null,"isactive":true,"last_updated_dt":"2024-06-30 07:08:55","created_date":"2026-07-02","is_active":true,"file_name":"application.csv"},{"applicationid":17883,"createddt":"2025-01-22 03:16:54","applicantid":17883,"productcd":"HL","appstatus":"cancelled","lan":null,"isactive":true,"last_updated_dt":"2025-03-06 09:16:54","created_date":"2026-07-02","is_active":true,"file_name":"application.csv"},{"applicationid":22436,"createddt":"2025-03-12 14:35:18","applicantid":22436,"productcd":"HL","appstatus":"created","lan":null,"isactive":true,"last_updated_dt":"2025-04-18 11:35:18","created_date":"2026-07-02","is_active":true,"file_name":"application.csv"},{"applicationid":24459,"createddt":"2024-07-19 22:35:17","applicantid":24459,"productcd":"BL","appstatus":"approved","lan":null,"isactive":true,"last_updated_dt":"2024-08-29 23:35:17","created_date":"2026-07-02","is_active":true,"file_name":"application.csv"},{"applicationid":27019,"createddt":"2024-10-09 23:52:53","applicantid":27019,"productcd":"BL","appstatus":"approved","lan":null,"isactive":true,"last_updated_dt":"2024-11-22 05:52:53","created_date":"2026-07-02","is_active":true,"file_name":"application.csv"},{"applicationid":29887,"createddt":"2024-07-03 13:51:08","applicantid":29887,"productcd":"HL","appstatus":"disbursed","lan":"LAN2026000000029887","isactive":true,"last_updated_dt":"2024-07-03 14:51:08","created_date":"2026-07-02","is_active":true,"file_name":"application.csv"},{"applicationid":31418,"createddt":"2024-10-05 00:56:13","applicantid":31418,"productcd":"HL","appstatus":"approved","lan":null,"isactive":true,"last_updated_dt":"2024-11-21 09:56:13","created_date":"2026-07-02","is_active":true,"file_name":"application.csv"},{"applicationid":31871,"createddt":"2024-11-01 09:57:12","applicantid":31871,"productcd":"BL","appstatus":"created","lan":null,"isactive":true,"last_updated_dt":"2025-01-11 09:57:12","created_date":"2026-07-02","is_active":true,"file_name":"application.csv"},{"applicationid":33260,"createddt":"2025-12-06 21:55:43","applicantid":33260,"productcd":"BL","appstatus":"AIP","lan":null,"isactive":true,"last_updated_dt":"2025-12-25 20:55:43","created_date":"2026-07-02","is_active":true,"file_name":"application.csv"},{"applicationid":33336,"createddt":"2025-03-06 23:49:49","applicantid":33336,"productcd":"PL","appstatus":"disbursed","lan":"LAN2026000000033336","isactive":true,"last_updated_dt":"2025-05-20 22:49:49","created_date":"2026-07-02","is_active":true,"file_name":"application.csv"},{"applicationid":35190,"createddt":"2024-06-04 12:21:25","applicantid":35190,"productcd":"PL","appstatus":"approved","lan":null,"isactive":true,"last_updated_dt":"2024-07-24 03:21:25","created_date":"2026-07-02","is_active":true,"file_name":"application.csv"},{"applicationid":35768,"createddt":"2024-11-23 02:27:31","applicantid":35768,"productcd":"HL","appstatus":"approved","lan":null,"isactive":true,"last_updated_dt":"2025-01-20 07:27:31","created_date":"2026-07-02","is_active":true,"file_name":"application.csv"},{"applicationid":37507,"createddt":"2026-04-19 05:55:57","applicantid":37507,"productcd":"BL","appstatus":"approved","lan":null,"isactive":true,"last_updated_dt":"2026-06-05 19:55:57","created_date":"2026-07-02","is_active":true,"file_name":"application.csv"},{"applicationid":41887,"createddt":"2025-12-10 00:03:45","applicantid":41887,"productcd":"PL","appstatus":"AIP","lan":null,"isactive":true,"last_updated_dt":"2026-01-03 10:03:45","created_date":"2026-07-02","is_active":true,"file_name":"application.csv"},{"applicationid":46751,"createddt":"2025-10-23 01:04:59","applicantid":46751,"productcd":"PL","appstatus":"created","lan":null,"isactive":true,"last_updated_dt":"2025-12-18 11:04:59","created_date":"2026-07-02","is_active":true,"file_name":"application.csv"},{"applicationid":48885,"createddt":"2025-01-29 14:25:24","applicantid":1912,"productcd":"BL","appstatus":"cancelled","lan":null,"isactive":true,"last_updated_dt":"2025-02-05 00:25:24","created_date":"2026-07-02","is_active":true,"file_name":"application.csv"},{"applicationid":52988,"createddt":"2025-04-25 07:21:57","applicantid":6015,"productcd":"BL","appstatus":"AIP","lan":null,"isactive":true,"last_updated_dt":"2025-05-13 09:21:57","created_date":"2026-07-02","is_active":true,"file_name":"application.csv"},{"applicationid":56493,"createddt":"2024-06-09 23:16:43","applicantid":9520,"productcd":"BL","appstatus":"created","lan":null,"isactive":true,"last_updated_dt":"2024-06-16 03:16:43","created_date":"2026-07-02","is_active":true,"file_name":"application.csv"},{"applicationid":58926,"createddt":"2025-09-20 21:00:40","applicantid":11953,"productcd":"BL","appstatus":"created","lan":null,"isactive":true,"last_updated_dt":"2025-10-07 19:00:40","created_date":"2026-07-02","is_active":true,"file_name":"application.csv"},{"applicationid":60669,"createddt":"2026-02-04 01:21:42","applicantid":13696,"productcd":"BL","appstatus":"AIP","lan":null,"isactive":true,"last_updated_dt":"2026-04-11 06:21:42","created_date":"2026-07-02","is_active":true,"file_name":"application.csv"},{"applicationid":63074,"createddt":"2024-07-15 19:25:27","applicantid":16101,"productcd":"BL","appstatus":"created","lan":null,"isactive":true,"last_updated_dt":"2024-08-11 14:25:27","created_date":"2026-07-02","is_active":true,"file_name":"application.csv"},{"applicationid":64593,"createddt":"2025-05-26 08:04:14","applicantid":17620,"productcd":"BL","appstatus":"AIP","lan":null,"isactive":true,"last_updated_dt":"2025-08-13 00:04:14","created_date":"2026-07-02","is_active":true,"file_name":"application.csv"},{"applicationid":66073,"createddt":"2025-01-29 04:39:13","applicantid":19100,"productcd":"PL","appstatus":"created","lan":null,"isactive":false,"last_updated_dt":"2025-03-09 23:39:13","created_date":"2026-07-02","is_active":true,"file_name":"application.csv"},{"applicationid":68545,"createddt":"2025-08-11 18:31:31","applicantid":21572,"productcd":"PL","appstatus":"created","lan":null,"isactive":false,"last_updated_dt":"2025-10-19 16:31:31","created_date":"2026-07-02","is_active":true,"file_name":"application.csv"},{"applicationid":70630,"createddt":"2025-03-04 19:05:19","applicantid":23657,"productcd":"BL","appstatus":"approved","lan":null,"isactive":true,"last_updated_dt":"2025-03-06 15:05:19","created_date":"2026-07-02","is_active":true,"file_name":"application.csv"}]}

ANALYSIS STEPS:

STEP 1 — VERIFY TYPES
  Review the schema and sample_rows in the JSON below.
  If samples show different types than schema, correct it.
  Example: schema says Int64, but samples show ["25", "N/A"] → correct to Utf8/String

STEP 2 — UNDERSTAND BUSINESS MEANING
  Based on column name and sample values, what does this column represent?
  Example: "date_of_birth" + samples ["1990-05-15", "2000-01-20"] → "Customer birth date"

STEP 3 — DATA QUALITY ASSESSMENT
  Look at null counts, distinct counts, ranges in column_statistics.
  For low-cardinality columns, review value_counts to understand the
  full distribution of categories — not just which values exist, but
  how common each one is. Flag class imbalance (e.g. one value covering
  >95% of rows), unexpectedly rare values that might be data entry
  errors, or values outside the expected set.
  Example: loan_type value_counts = {"PL": 800, "HL": 450, "BL": 90, "XYZ": 2}
  → "XYZ" appearing only twice is likely a data entry error, flag it.

STEP 4 — IDENTIFY KEY COLUMNS
  Which 3-5 columns are most critical for quality analysis?
  Usually: IDs, dates, amounts, status fields

STEP 5 — IDENTIFY CRITICAL DATA POINTS
  Which columns have:
  - Data quality issues (high nulls, duplicates, inconsistent formats, class imbalance)?
  - Security concerns (sensitive data, PII)?
  - Business impact (revenue, transaction amounts, customer status)?
  - Format issues (mixed date formats, invalid values)?
  These are CRITICAL and must be flagged.

STEP 6 — RECOMMEND INDEXES
  Which columns should be indexed for fast queries?
  Think about:
  - Primary keys / IDs (always index)
  - Date fields used in WHERE/JOIN (always index)
  - Status/category fields with filtering (index if low-cardinality)
  - Foreign keys / relationships (always index)
  - High-cardinality fields unlikely to be filtered (skip)

  For each recommendation, explain WHY it should be indexed.

  Examples of good reasons:
  - "Primary key — fast lookups and joins"
  - "Frequently filtered in WHERE clauses"
  - "Date range queries for reports"
  - "Join condition with other tables"
  - "Sorts and aggregations on this column"
  - "Low-cardinality status field — improves filter selectivity"
  
STEP 7 - Conditional / Dependency Checks (Column-Controlled Mandatory Fields) 
  Identify situations where the value of one column determines whether another column should or should not contain data. 
  Examples of controlling relationships Application_Status 
  - Loan_Account_Number Payment_Status 
  - Payment_Date Order_Status 
  - Delivery_Date Approval_Flag 
  - Approved_By Is_Active 
  - Deactivation_Date Employment_Status 
  - Exit_Date Customer_Type 
  -> GST_Number Loan_Status 
  -> Disbursement_Date Product_Type 
  -> Product_Code Country 
  -> State Generate failed rows checks for these dependencies. 
  Examples If Application_Status = 'Disbursed', Loan_Account_Number must not be NULL
  Generate similar validations whenever one column logically controls another.

Return JSON with schema profile:
{
  "table_name": "derived from filename",
  "total_columns": number,
  "total_rows": number,
  "file_size_mb": number,
  "schema": [
    {
      "column": "exact name",
      "business_meaning": "what this represents",
      "data_type": "CORRECTED type (not just inferred)",
      "nullable": boolean,
      "null_count": number,
      "null_pct": number,
      "unique_count": number,
      "validation_rule": "rule to enforce",
      "sample_values": ["val1", "val2", "val3"],
      "categorical_values": ["val1", "val2"] or [],
      "value_distribution": {"val1": 800, "val2": 450} or {}
    }
  ],
  "key_columns": ["col1", "col2", "col3"],
  "critical_data": [
    {
      "column": "column_name",
      "severity": "HIGH" or "MEDIUM",
      "concern": "Specific issue found",
      "impact": "Business/data quality impact"
    }
  ],
  "quality_concerns": ["Specific concern with details"],
  "recommended_indexes": [
    {
      "column": "applicantid",
      "index_type": "B-Tree",
      "reason": "Primary key — enables fast lookups and join operations"
    }
  ],
  "data_completeness_pct": number (average of non-null percentages)
}

2026-07-02 18:46:22 | INFO    | bedrock_client | [bedrock] invoke_model network+generation time: 31.828s
2026-07-02 18:46:22 | INFO    | bedrock_client | [bedrock] response body read+json.loads: 0.001s
2026-07-02 18:46:22 | INFO    | bedrock_client | bedrock call | input_tokens=5212 output_tokens=4479 total=9691 session_total=9691 requests=1
2026-07-02 18:46:22 | INFO    | bedrock_client | [ask_json] ask() total (network+generation+read): 31.832s
2026-07-02 18:46:22 | INFO    | bedrock_client | [ask_json] cleanup + json.loads parse: 0.002s
2026-07-02 18:46:22 | INFO    | app | [poc1] STEP 4 - ask_json (Bedrock call, incl. JSON parse): 31.834s
2026-07-02 18:46:22 | INFO    | app | [poc1] STEP 5 - save_versioned: 0.003s
2026-07-02 18:46:22 | INFO    | app | [poc1] STEP 6 - contract write: 0.001s | new_contract=True
2026-07-02 18:46:22 | INFO    | app | [poc1] TOTAL route time: 31.968s
2026-07-02 18:46:29 | INFO    | app | SODA YAML Prompt (first 500 chars):
RULE GENERATION PRIORITY

DO NOT use: failed rows, fail query, alert, warn, valid_format, regex
ONLY use: row_count, missing_count, duplicate_count, min(), max(), invalid_count

1. TABLE LEVEL CHECKS
Always include checks for <table_name>:
  - row_count > 0
If expected row count is known, generate an appropriate threshold.

2. MISSING VALUE CHECKS
Use actual metadata.
If nullable = false → Generate missing_count(column) = 0
If nullable=true → Use observed null count with reasonable tolerance
Alw
2026-07-02 18:46:37 | INFO    | bedrock_client | [bedrock] invoke_model network+generation time: 7.219s
2026-07-02 18:46:37 | INFO    | bedrock_client | [bedrock] response body read+json.loads: 0.000s
2026-07-02 18:46:37 | INFO    | bedrock_client | bedrock call | input_tokens=6186 output_tokens=1220 total=7406 session_total=17097 requests=2
2026-07-02 18:51:16 | INFO    | app | upload streamed to disk in 0.01s | file=application.csv
2026-07-02 18:51:16 | INFO    | app | DuckDB ingest completed in 0.21s | table=tbl_application_csv
2026-07-02 18:51:19 | INFO    | app | [poc1] STEP 1 - getsize: 0.000s
2026-07-02 18:51:19 | INFO    | app | [poc1] STEP 2 - get_full_metadata_for_ai (DuckDB): 0.138s
2026-07-02 18:51:19 | INFO    | app | [poc1] STEP 3 - build_schema_discovery_prompt: 0.000s | prompt_chars=15164
2026-07-02 18:51:19 | INFO    | app | [poc1] USER PROMPT:
CSV METADATA (JSON):
{"schema":{"applicationid":"BIGINT","createddt":"TIMESTAMP","applicantid":"BIGINT","productcd":"VARCHAR","appstatus":"VARCHAR","lan":"VARCHAR","isactive":"BOOLEAN","last_updated_dt":"TIMESTAMP","created_date":"DATE","is_active":"BOOLEAN","file_name":"VARCHAR"},"column_statistics":[{"name":"applicationid","type":"BIGINT","null_count":0,"null_pct":0.0,"distinct_count":63228,"min":"1","max":"71123"},{"name":"createddt","type":"TIMESTAMP","null_count":0,"null_pct":0.0,"distinct_count":69841,"min":"2024-05-25 14:14:15","max":"2026-04-26 14:06:28"},{"name":"applicantid","type":"BIGINT","null_count":0,"null_pct":0.0,"distinct_count":43184,"min":"1","max":"46973"},{"name":"productcd","type":"VARCHAR","null_count":0,"null_pct":0.0,"distinct_count":3,"min":"BL","max":"PL","value_counts":{"PL":23774,"BL":23703,"HL":23646}},{"name":"appstatus","type":"VARCHAR","null_count":0,"null_pct":0.0,"distinct_count":5,"min":"AIP","max":"disbursed","value_counts":{"created":17671,"disbursed":14336,"AIP":14230,"approved":14217,"cancelled":10669}},{"name":"lan","type":"VARCHAR","null_count":56785,"null_pct":79.84,"distinct_count":14905,"min":"LAN2026000000000001","max":"LAN2026000000071123"},{"name":"isactive","type":"BOOLEAN","null_count":0,"null_pct":0.0,"distinct_count":2,"min":"false","max":"true","value_counts":{"True":53254,"False":17869}},{"name":"last_updated_dt","type":"TIMESTAMP","null_count":0,"null_pct":0.0,"distinct_count":56735,"min":"2024-05-26 23:10:11","max":"2026-07-25 11:27:50"},{"name":"created_date","type":"DATE","null_count":0,"null_pct":0.0,"distinct_count":1,"min":"2026-07-02","max":"2026-07-02","value_counts":{"2026-07-02":71123}},{"name":"is_active","type":"BOOLEAN","null_count":0,"null_pct":0.0,"distinct_count":1,"min":"true","max":"true","value_counts":{"True":71123}},{"name":"file_name","type":"VARCHAR","null_count":0,"null_pct":0.0,"distinct_count":1,"min":"application.csv","max":"application.csv","value_counts":{"application.csv":71123}}],"sample_rows":[{"applicationid":293,"createddt":"2025-10-13 17:41:35","applicantid":293,"productcd":"HL","appstatus":"AIP","lan":null,"isactive":false,"last_updated_dt":"2025-10-14 18:41:35","created_date":"2026-07-02","is_active":true,"file_name":"application.csv"},{"applicationid":738,"createddt":"2024-07-17 11:23:24","applicantid":738,"productcd":"PL","appstatus":"approved","lan":null,"isactive":true,"last_updated_dt":"2024-09-16 10:23:24","created_date":"2026-07-02","is_active":true,"file_name":"application.csv"},{"applicationid":3240,"createddt":"2026-01-26 09:11:40","applicantid":3240,"productcd":"BL","appstatus":"AIP","lan":null,"isactive":true,"last_updated_dt":"2026-02-04 04:11:40","created_date":"2026-07-02","is_active":true,"file_name":"application.csv"},{"applicationid":8127,"createddt":"2026-03-09 08:25:34","applicantid":8127,"productcd":"HL","appstatus":"created","lan":null,"isactive":true,"last_updated_dt":"2026-04-05 02:25:34","created_date":"2026-07-02","is_active":true,"file_name":"application.csv"},{"applicationid":8594,"createddt":"2025-06-04 02:58:21","applicantid":8594,"productcd":"BL","appstatus":"cancelled","lan":null,"isactive":true,"last_updated_dt":"2025-07-06 14:58:21","created_date":"2026-07-02","is_active":true,"file_name":"application.csv"},{"applicationid":9263,"createddt":"2025-04-02 04:35:16","applicantid":9263,"productcd":"BL","appstatus":"approved","lan":null,"isactive":true,"last_updated_dt":"2025-04-30 16:35:16","created_date":"2026-07-02","is_active":true,"file_name":"application.csv"},{"applicationid":11306,"createddt":"2025-04-22 03:07:11","applicantid":11306,"productcd":"PL","appstatus":"AIP","lan":null,"isactive":true,"last_updated_dt":"2025-05-01 18:07:11","created_date":"2026-07-02","is_active":true,"file_name":"application.csv"},{"applicationid":13402,"createddt":"2025-02-20 15:04:52","applicantid":13402,"productcd":"BL","appstatus":"AIP","lan":null,"isactive":true,"last_updated_dt":"2025-04-02 07:04:52","created_date":"2026-07-02","is_active":true,"file_name":"application.csv"},{"applicationid":15068,"createddt":"2024-07-26 01:41:18","applicantid":15068,"productcd":"HL","appstatus":"approved","lan":null,"isactive":false,"last_updated_dt":"2024-10-12 04:41:18","created_date":"2026-07-02","is_active":true,"file_name":"application.csv"},{"applicationid":16932,"createddt":"2025-01-06 03:39:16","applicantid":16932,"productcd":"PL","appstatus":"AIP","lan":null,"isactive":false,"last_updated_dt":"2025-03-10 05:39:16","created_date":"2026-07-02","is_active":true,"file_name":"application.csv"},{"applicationid":20084,"createddt":"2026-04-13 10:38:03","applicantid":20084,"productcd":"PL","appstatus":"cancelled","lan":null,"isactive":true,"last_updated_dt":"2026-06-30 04:38:03","created_date":"2026-07-02","is_active":true,"file_name":"application.csv"},{"applicationid":28072,"createddt":"2025-03-10 09:57:40","applicantid":28072,"productcd":"BL","appstatus":"cancelled","lan":null,"isactive":true,"last_updated_dt":"2025-03-28 11:57:40","created_date":"2026-07-02","is_active":true,"file_name":"application.csv"},{"applicationid":29946,"createddt":"2026-04-25 18:44:05","applicantid":29946,"productcd":"HL","appstatus":"approved","lan":null,"isactive":true,"last_updated_dt":"2026-04-26 16:44:05","created_date":"2026-07-02","is_active":true,"file_name":"application.csv"},{"applicationid":30723,"createddt":"2024-11-08 09:52:08","applicantid":30723,"productcd":"PL","appstatus":"disbursed","lan":"LAN2026000000030723","isactive":true,"last_updated_dt":"2025-02-03 10:52:08","created_date":"2026-07-02","is_active":true,"file_name":"application.csv"},{"applicationid":35789,"createddt":"2024-10-07 10:44:51","applicantid":35789,"productcd":"HL","appstatus":"disbursed","lan":"LAN2026000000035789","isactive":true,"last_updated_dt":"2024-11-18 14:44:51","created_date":"2026-07-02","is_active":true,"file_name":"application.csv"},{"applicationid":36314,"createddt":"2024-07-22 18:27:02","applicantid":36314,"productcd":"HL","appstatus":"cancelled","lan":null,"isactive":true,"last_updated_dt":"2024-07-31 16:27:02","created_date":"2026-07-02","is_active":true,"file_name":"application.csv"},{"applicationid":37110,"createddt":"2025-05-20 01:54:16","applicantid":37110,"productcd":"HL","appstatus":"created","lan":null,"isactive":false,"last_updated_dt":"2025-07-21 15:54:16","created_date":"2026-07-02","is_active":true,"file_name":"application.csv"},{"applicationid":39772,"createddt":"2024-12-02 01:14:24","applicantid":39772,"productcd":"BL","appstatus":"cancelled","lan":null,"isactive":false,"last_updated_dt":"2025-03-01 13:14:24","created_date":"2026-07-02","is_active":true,"file_name":"application.csv"},{"applicationid":41499,"createddt":"2026-04-25 05:45:51","applicantid":41499,"productcd":"PL","appstatus":"approved","lan":null,"isactive":true,"last_updated_dt":"2026-05-22 08:45:51","created_date":"2026-07-02","is_active":true,"file_name":"application.csv"},{"applicationid":48247,"createddt":"2025-06-06 11:40:38","applicantid":1274,"productcd":"HL","appstatus":"created","lan":null,"isactive":true,"last_updated_dt":"2025-08-05 05:40:38","created_date":"2026-07-02","is_active":true,"file_name":"application.csv"},{"applicationid":49770,"createddt":"2024-12-04 16:17:18","applicantid":2797,"productcd":"BL","appstatus":"disbursed","lan":"LAN2026000000049770","isactive":true,"last_updated_dt":"2025-01-03 09:17:18","created_date":"2026-07-02","is_active":true,"file_name":"application.csv"},{"applicationid":53742,"createddt":"2024-07-03 07:53:35","applicantid":6769,"productcd":"HL","appstatus":"cancelled","lan":null,"isactive":true,"last_updated_dt":"2024-07-04 04:53:35","created_date":"2026-07-02","is_active":true,"file_name":"application.csv"},{"applicationid":55626,"createddt":"2024-07-22 21:41:21","applicantid":8653,"productcd":"BL","appstatus":"created","lan":null,"isactive":true,"last_updated_dt":"2024-09-03 06:41:21","created_date":"2026-07-02","is_active":true,"file_name":"application.csv"},{"applicationid":57472,"createddt":"2024-07-06 05:51:14","applicantid":10499,"productcd":"HL","appstatus":"approved","lan":null,"isactive":false,"last_updated_dt":"2024-07-17 01:51:14","created_date":"2026-07-02","is_active":true,"file_name":"application.csv"},{"applicationid":61402,"createddt":"2025-11-04 22:23:44","applicantid":14429,"productcd":"HL","appstatus":"created","lan":null,"isactive":true,"last_updated_dt":"2025-12-19 07:23:44","created_date":"2026-07-02","is_active":true,"file_name":"application.csv"},{"applicationid":62545,"createddt":"2025-12-12 03:36:54","applicantid":15572,"productcd":"BL","appstatus":"created","lan":null,"isactive":true,"last_updated_dt":"2026-01-07 17:36:54","created_date":"2026-07-02","is_active":true,"file_name":"application.csv"},{"applicationid":63936,"createddt":"2025-10-13 10:02:13","applicantid":16963,"productcd":"PL","appstatus":"AIP","lan":null,"isactive":true,"last_updated_dt":"2025-10-16 05:02:13","created_date":"2026-07-02","is_active":true,"file_name":"application.csv"},{"applicationid":66379,"createddt":"2024-07-16 03:21:50","applicantid":19406,"productcd":"PL","appstatus":"approved","lan":null,"isactive":true,"last_updated_dt":"2024-09-26 19:21:50","created_date":"2026-07-02","is_active":true,"file_name":"application.csv"},{"applicationid":68769,"createddt":"2024-07-15 19:22:51","applicantid":21796,"productcd":"BL","appstatus":"created","lan":null,"isactive":true,"last_updated_dt":"2024-08-24 16:22:51","created_date":"2026-07-02","is_active":true,"file_name":"application.csv"},{"applicationid":70493,"createddt":"2025-12-18 09:43:29","applicantid":23520,"productcd":"HL","appstatus":"approved","lan":null,"isactive":true,"last_updated_dt":"2026-01-30 06:43:29","created_date":"2026-07-02","is_active":true,"file_name":"application.csv"}]}

ANALYSIS STEPS:

STEP 1 — VERIFY TYPES
  Review the schema and sample_rows in the JSON below.
  If samples show different types than schema, correct it.
  Example: schema says Int64, but samples show ["25", "N/A"] → correct to Utf8/String

STEP 2 — UNDERSTAND BUSINESS MEANING
  Based on column name and sample values, what does this column represent?
  Example: "date_of_birth" + samples ["1990-05-15", "2000-01-20"] → "Customer birth date"

STEP 3 — DATA QUALITY ASSESSMENT
  Look at null counts, distinct counts, ranges in column_statistics.
  For low-cardinality columns, review value_counts to understand the
  full distribution of categories — not just which values exist, but
  how common each one is. Flag class imbalance (e.g. one value covering
  >95% of rows), unexpectedly rare values that might be data entry
  errors, or values outside the expected set.
  Example: loan_type value_counts = {"PL": 800, "HL": 450, "BL": 90, "XYZ": 2}
  → "XYZ" appearing only twice is likely a data entry error, flag it.

STEP 4 — IDENTIFY KEY COLUMNS
  Which 3-5 columns are most critical for quality analysis?
  Usually: IDs, dates, amounts, status fields

STEP 5 — IDENTIFY CRITICAL DATA POINTS
  Which columns have:
  - Data quality issues (high nulls, duplicates, inconsistent formats, class imbalance)?
  - Security concerns (sensitive data, PII)?
  - Business impact (revenue, transaction amounts, customer status)?
  - Format issues (mixed date formats, invalid values)?
  These are CRITICAL and must be flagged.

STEP 6 — RECOMMEND INDEXES
  Which columns should be indexed for fast queries?
  Think about:
  - Primary keys / IDs (always index)
  - Date fields used in WHERE/JOIN (always index)
  - Status/category fields with filtering (index if low-cardinality)
  - Foreign keys / relationships (always index)
  - High-cardinality fields unlikely to be filtered (skip)

  For each recommendation, explain WHY it should be indexed.

  Examples of good reasons:
  - "Primary key — fast lookups and joins"
  - "Frequently filtered in WHERE clauses"
  - "Date range queries for reports"
  - "Join condition with other tables"
  - "Sorts and aggregations on this column"
  - "Low-cardinality status field — improves filter selectivity"
  
STEP 7 - Conditional / Dependency Checks (Column-Controlled Mandatory Fields) 
  Identify situations where the value of one column determines whether another column should or should not contain data. 
  Examples of controlling relationships Application_Status 
  - Loan_Account_Number Payment_Status 
  - Payment_Date Order_Status 
  - Delivery_Date Approval_Flag 
  - Approved_By Is_Active 
  - Deactivation_Date Employment_Status 
  - Exit_Date Customer_Type 
  -> GST_Number Loan_Status 
  -> Disbursement_Date Product_Type 
  -> Product_Code Country 
  -> State Generate failed rows checks for these dependencies. 
  Examples If Application_Status = 'Disbursed', Loan_Account_Number must not be NULL
  Generate similar validations whenever one column logically controls another.

Return JSON with schema profile:
{
  "table_name": "derived from filename",
  "total_columns": number,
  "total_rows": number,
  "file_size_mb": number,
  "schema": [
    {
      "column": "exact name",
      "business_meaning": "what this represents",
      "data_type": "CORRECTED type (not just inferred)",
      "nullable": boolean,
      "null_count": number,
      "null_pct": number,
      "unique_count": number,
      "validation_rule": "rule to enforce",
      "sample_values": ["val1", "val2", "val3"],
      "categorical_values": ["val1", "val2"] or [],
      "value_distribution": {"val1": 800, "val2": 450} or {}
    }
  ],
  "key_columns": ["col1", "col2", "col3"],
  "critical_data": [
    {
      "column": "column_name",
      "severity": "HIGH" or "MEDIUM",
      "concern": "Specific issue found",
      "impact": "Business/data quality impact"
    }
  ],
  "quality_concerns": ["Specific concern with details"],
  "recommended_indexes": [
    {
      "column": "applicantid",
      "index_type": "B-Tree",
      "reason": "Primary key — enables fast lookups and join operations"
    }
  ],
  "data_completeness_pct": number (average of non-null percentages)
}

2026-07-02 18:51:47 | INFO    | bedrock_client | [bedrock] invoke_model network+generation time: 27.442s
2026-07-02 18:51:47 | INFO    | bedrock_client | [bedrock] response body read+json.loads: 0.001s
2026-07-02 18:51:47 | INFO    | bedrock_client | bedrock call | input_tokens=5217 output_tokens=3799 total=9016 session_total=26113 requests=3
2026-07-02 18:51:47 | INFO    | bedrock_client | [ask_json] ask() total (network+generation+read): 27.447s
2026-07-02 18:51:47 | INFO    | bedrock_client | [ask_json] cleanup + json.loads parse: 0.001s
2026-07-02 18:51:47 | INFO    | app | [poc1] STEP 4 - ask_json (Bedrock call, incl. JSON parse): 27.448s
2026-07-02 18:51:47 | INFO    | app | [poc1] STEP 5 - save_versioned: 0.003s
2026-07-02 18:51:47 | INFO    | app | [poc1] STEP 6 - contract write: 0.000s | new_contract=False
2026-07-02 18:51:47 | INFO    | app | [poc1] TOTAL route time: 27.591s
2026-07-02 18:53:46 | INFO    | app | SODA YAML Prompt (first 500 chars):
RULE GENERATION PRIORITY

DO NOT use: failed rows, fail query, alert, warn, valid_format, regex
ONLY use: row_count, missing_count, duplicate_count, min(), max(), invalid_count

1. TABLE LEVEL CHECKS
Always include checks for <table_name>:
  - row_count > 0
If expected row count is known, generate an appropriate threshold.

2. MISSING VALUE CHECKS
Use actual metadata.
If nullable = false → Generate missing_count(column) = 0
If nullable=true → Use observed null count with reasonable tolerance
Alw
2026-07-02 18:53:55 | INFO    | bedrock_client | [bedrock] invoke_model network+generation time: 9.292s
2026-07-02 18:53:55 | INFO    | bedrock_client | [bedrock] response body read+json.loads: 0.002s
2026-07-02 18:53:55 | INFO    | bedrock_client | bedrock call | input_tokens=5767 output_tokens=1624 total=7391 session_total=33504 requests=4
2026-07-02 18:59:34 | INFO    | app | upload streamed to disk in 0.01s | file=applicant.csv
2026-07-02 18:59:35 | INFO    | app | DuckDB ingest completed in 0.26s | table=tbl_applicant_csv
2026-07-02 18:59:50 | INFO    | app | [poc1] STEP 1 - getsize: 0.000s
2026-07-02 18:59:50 | INFO    | app | [poc1] STEP 2 - get_full_metadata_for_ai (DuckDB): 0.132s
2026-07-02 18:59:50 | INFO    | app | [poc1] STEP 3 - build_schema_discovery_prompt: 0.000s | prompt_chars=18722
2026-07-02 18:59:50 | INFO    | app | [poc1] USER PROMPT:
CSV METADATA (JSON):
{"schema":{"applicantid":"BIGINT","applicant_first_name":"VARCHAR","applicant_middle_name":"VARCHAR","applicant_last_name":"VARCHAR","mobile":"BIGINT","dob":"DATE","pan":"VARCHAR","employment":"VARCHAR","isactive":"BOOLEAN","createddt":"TIMESTAMP","last_updated_dt":"TIMESTAMP","created_date":"DATE","is_active":"BOOLEAN","file_name":"VARCHAR"},"column_statistics":[{"name":"applicantid","type":"BIGINT","null_count":0,"null_pct":0.0,"distinct_count":43184,"min":"1","max":"46973"},{"name":"applicant_first_name","type":"VARCHAR","null_count":0,"null_pct":0.0,"distinct_count":30,"min":"Aadhya","max":"Vivaan"},{"name":"applicant_middle_name","type":"VARCHAR","null_count":3086,"null_pct":6.57,"distinct_count":16,"min":"Anil","max":"Vijay","value_counts":{"Mohan":3209,"Vijay":3187,"Prakash":3185,"Devi":3171,"Ramesh":3165,"Ashok":3132,"Laxmi":3130,"Suresh":3127,"Sunil":3115,"Madhav":3107,"Dilip":3104,"Anil":3092,"Kumar":3089,"Raj":3073}},{"name":"applicant_last_name","type":"VARCHAR","null_count":0,"null_pct":0.0,"distinct_count":22,"min":"Agarwal","max":"Yadav"},{"name":"mobile","type":"BIGINT","null_count":0,"null_pct":0.0,"distinct_count":47799,"min":"6000007919","max":"6371979187"},{"name":"dob","type":"DATE","null_count":0,"null_pct":0.0,"distinct_count":12957,"min":"1960-01-01","max":"2004-12-31"},{"name":"pan","type":"VARCHAR","null_count":0,"null_pct":0.0,"distinct_count":48695,"min":"AAAOC1786K","max":"ZZZYF5487H"},{"name":"employment","type":"VARCHAR","null_count":0,"null_pct":0.0,"distinct_count":3,"min":"business","max":"salaried","value_counts":{"salaried":15669,"business":15663,"doctor":15641}},{"name":"isactive","type":"BOOLEAN","null_count":0,"null_pct":0.0,"distinct_count":2,"min":"false","max":"true","value_counts":{"True":35259,"False":11714}},{"name":"createddt","type":"TIMESTAMP","null_count":0,"null_pct":0.0,"distinct_count":41296,"min":"2023-11-07 14:13:05","max":"2026-04-26 13:48:08"},{"name":"last_updated_dt","type":"TIMESTAMP","null_count":0,"null_pct":0.0,"distinct_count":44975,"min":"2023-11-08 17:59:55","max":"2026-08-23 15:06:15"},{"name":"created_date","type":"DATE","null_count":0,"null_pct":0.0,"distinct_count":1,"min":"2026-07-02","max":"2026-07-02","value_counts":{"2026-07-02":46973}},{"name":"is_active","type":"BOOLEAN","null_count":0,"null_pct":0.0,"distinct_count":1,"min":"true","max":"true","value_counts":{"True":46973}},{"name":"file_name","type":"VARCHAR","null_count":0,"null_pct":0.0,"distinct_count":1,"min":"applicant.csv","max":"applicant.csv","value_counts":{"applicant.csv":46973}}],"sample_rows":[{"applicantid":2221,"applicant_first_name":"Krishna","applicant_middle_name":null,"applicant_last_name":"Joshi","mobile":6017588099,"dob":"1975-11-14","pan":"JFOSM2221R","employment":"doctor","isactive":true,"createddt":"2025-01-31 08:29:11","last_updated_dt":"2025-04-30 04:29:11","created_date":"2026-07-02","is_active":true,"file_name":"applicant.csv"},{"applicantid":3370,"applicant_first_name":"Ira","applicant_middle_name":"Prakash","applicant_last_name":"Yadav","mobile":6026687030,"dob":"1964-01-13","pan":"BEJKG3370H","employment":"salaried","isactive":true,"createddt":"2024-06-21 23:33:28","last_updated_dt":"2024-07-31 15:33:28","created_date":"2026-07-02","is_active":true,"file_name":"applicant.csv"},{"applicantid":3510,"applicant_first_name":"Myra","applicant_middle_name":"Suresh","applicant_last_name":"Kumar","mobile":6027795690,"dob":"1965-07-09","pan":"LNYCE3510A","employment":"doctor","isactive":true,"createddt":"2024-09-22 14:45:41","last_updated_dt":"2024-12-19 23:45:41","created_date":"2026-07-02","is_active":true,"file_name":"applicant.csv"},{"applicantid":5257,"applicant_first_name":"Arjun","applicant_middle_name":"Kumar","applicant_last_name":"Gupta","mobile":6041630183,"dob":"1986-09-10","pan":"TISMF5257Y","employment":"doctor","isactive":true,"createddt":"2026-02-14 08:28:04","last_updated_dt":"2026-03-26 03:28:04","created_date":"2026-07-02","is_active":true,"file_name":"applicant.csv"},{"applicantid":6252,"applicant_first_name":"Nikhil","applicant_middle_name":"Prakash","applicant_last_name":"Nair","mobile":6049509588,"dob":"1962-01-22","pan":"AKKZS6252E","employment":"business","isactive":true,"createddt":"2025-10-02 19:00:41","last_updated_dt":"2026-01-09 15:00:41","created_date":"2026-07-02","is_active":true,"file_name":"applicant.csv"},{"applicantid":6887,"applicant_first_name":"Neha","applicant_middle_name":"Mohan","applicant_last_name":"Reddy","mobile":6054538153,"dob":"1965-11-04","pan":"AKDKG6887U","employment":"doctor","isactive":true,"createddt":"2024-03-03 11:31:04","last_updated_dt":"2024-03-06 20:31:04","created_date":"2026-07-02","is_active":true,"file_name":"applicant.csv"},{"applicantid":9604,"applicant_first_name":"Anika","applicant_middle_name":"Devi","applicant_last_name":"Gupta","mobile":6076054076,"dob":"1993-10-24","pan":"SECMN9604H","employment":"doctor","isactive":true,"createddt":"2025-07-14 11:47:12","last_updated_dt":"2025-07-19 03:47:12","created_date":"2026-07-02","is_active":true,"file_name":"applicant.csv"},{"applicantid":10727,"applicant_first_name":"Reyansh","applicant_middle_name":"Sunil","applicant_last_name":"Agarwal","mobile":6084947113,"dob":"1972-03-24","pan":"APJHR0727J","employment":"doctor","isactive":true,"createddt":"2026-01-30 20:08:48","last_updated_dt":"2026-04-06 06:08:48","created_date":"2026-07-02","is_active":true,"file_name":"applicant.csv"},{"applicantid":11817,"applicant_first_name":"Kiara","applicant_middle_name":"Suresh","applicant_last_name":"Mishra","mobile":6093578823,"dob":"1974-12-18","pan":"BKLMZ1817H","employment":"salaried","isactive":true,"createddt":"2024-03-22 08:25:16","last_updated_dt":"2024-06-16 15:25:16","created_date":"2026-07-02","is_active":true,"file_name":"applicant.csv"},{"applicantid":13307,"applicant_first_name":"Anika","applicant_middle_name":"Raj","applicant_last_name":"Mishra","mobile":6105378133,"dob":"1969-08-21","pan":"QXXMM3307C","employment":"doctor","isactive":true,"createddt":"2025-10-19 03:16:33","last_updated_dt":"2026-01-21 07:16:33","created_date":"2026-07-02","is_active":true,"file_name":"applicant.csv"},{"applicantid":17304,"applicant_first_name":"Arjun","applicant_middle_name":"Anil","applicant_last_name":"Joshi","mobile":6137030376,"dob":"1965-11-13","pan":"HVOIN7304W","employment":"business","isactive":false,"createddt":"2024-04-18 13:35:03","last_updated_dt":"2024-05-22 21:35:03","created_date":"2026-07-02","is_active":true,"file_name":"applicant.csv"},{"applicantid":19366,"applicant_first_name":"Neha","applicant_middle_name":"Prakash","applicant_last_name":"Kulkarni","mobile":6153359354,"dob":"1967-04-10","pan":"TSHHH9366H","employment":"salaried","isactive":true,"createddt":"2024-02-14 13:49:17","last_updated_dt":"2024-03-18 00:49:17","created_date":"2026-07-02","is_active":true,"file_name":"applicant.csv"},{"applicantid":19679,"applicant_first_name":"Pooja","applicant_middle_name":"Anil","applicant_last_name":"Kulkarni","mobile":6155838001,"dob":"1991-07-19","pan":"ZCZGL9679J","employment":"salaried","isactive":false,"createddt":"2024-07-31 20:14:24","last_updated_dt":"2024-11-05 21:14:24","created_date":"2026-07-02","is_active":true,"file_name":"applicant.csv"},{"applicantid":20324,"applicant_first_name":"Krishna","applicant_middle_name":"Laxmi","applicant_last_name":"Iyer","mobile":6160945756,"dob":"1970-01-26","pan":"CVNGW0324R","employment":"salaried","isactive":true,"createddt":"2024-03-23 04:13:57","last_updated_dt":"2024-03-25 17:13:57","created_date":"2026-07-02","is_active":true,"file_name":"applicant.csv"},{"applicantid":20687,"applicant_first_name":"Sai","applicant_middle_name":"Madhav","applicant_last_name":"Reddy","mobile":6163820353,"dob":"2000-08-10","pan":"NIDLP0687M","employment":"salaried","isactive":true,"createddt":"2025-01-06 08:23:59","last_updated_dt":"2025-04-28 19:23:59","created_date":"2026-07-02","is_active":true,"file_name":"applicant.csv"},{"applicantid":22529,"applicant_first_name":"Rohan","applicant_middle_name":null,"applicant_last_name":"Iyer","mobile":6178407151,"dob":"1980-12-07","pan":"VCBIO2529S","employment":"business","isactive":true,"createddt":"2025-01-15 20:44:42","last_updated_dt":"2025-03-08 23:44:42","created_date":"2026-07-02","is_active":true,"file_name":"applicant.csv"},{"applicantid":22699,"applicant_first_name":"Rahul","applicant_middle_name":"Vijay","applicant_last_name":"Sharma","mobile":6179753381,"dob":"1995-11-24","pan":"LIXYP2699C","employment":"business","isactive":true,"createddt":"2024-03-31 22:14:21","last_updated_dt":"2024-06-16 13:14:21","created_date":"2026-07-02","is_active":true,"file_name":"applicant.csv"},{"applicantid":25189,"applicant_first_name":"Kiara","applicant_middle_name":"Vijay","applicant_last_name":"Agarwal","mobile":6199471691,"dob":"1969-04-28","pan":"PPWMU5189P","employment":"doctor","isactive":true,"createddt":"2024-09-04 18:57:04","last_updated_dt":"2024-09-13 09:57:04","created_date":"2026-07-02","is_active":true,"file_name":"applicant.csv"},{"applicantid":26883,"applicant_first_name":"Neha","applicant_middle_name":"Prakash","applicant_last_name":"Mehta","mobile":6212886477,"dob":"1967-03-17","pan":"WHTQQ6883V","employment":"business","isactive":false,"createddt":"2024-10-02 08:53:19","last_updated_dt":"2024-10-25 06:53:19","created_date":"2026-07-02","is_active":true,"file_name":"applicant.csv"},{"applicantid":30015,"applicant_first_name":"Neha","applicant_middle_name":"Vijay","applicant_last_name":"Gupta","mobile":6237688785,"dob":"2000-12-04","pan":"MSMLJ0015N","employment":"business","isactive":true,"createddt":"2024-04-02 18:55:33","last_updated_dt":"2024-04-12 12:55:33","created_date":"2026-07-02","is_active":true,"file_name":"applicant.csv"},{"applicantid":30204,"applicant_first_name":"Saanvi","applicant_middle_name":"Raj","applicant_last_name":"Mishra","mobile":6239185476,"dob":"2001-05-19","pan":"PXQYU0204C","employment":"doctor","isactive":false,"createddt":"2025-07-05 15:05:27","last_updated_dt":"2025-08-07 13:05:27","created_date":"2026-07-02","is_active":true,"file_name":"applicant.csv"},{"applicantid":30974,"applicant_first_name":"Ira","applicant_middle_name":"Raj","applicant_last_name":"Mishra","mobile":6245283106,"dob":"1975-07-22","pan":"YXDAD0974Y","employment":"business","isactive":true,"createddt":"2025-05-15 18:08:11","last_updated_dt":"2025-07-23 09:08:11","created_date":"2026-07-02","is_active":true,"file_name":"applicant.csv"},{"applicantid":33644,"applicant_first_name":"Krishna","applicant_middle_name":"Laxmi","applicant_last_name":"Chopra","mobile":6266426836,"dob":"1997-08-23","pan":"JQQIN3644E","employment":"doctor","isactive":true,"createddt":"2025-05-12 13:39:48","last_updated_dt":"2025-08-09 09:39:48","created_date":"2026-07-02","is_active":true,"file_name":"applicant.csv"},{"applicantid":36533,"applicant_first_name":"Aditya","applicant_middle_name":"Madhav","applicant_last_name":"Agarwal","mobile":6289304827,"dob":"2000-10-22","pan":"TSBRI6533A","employment":"salaried","isactive":false,"createddt":"2024-08-16 11:58:16","last_updated_dt":"2024-12-08 02:58:16","created_date":"2026-07-02","is_active":true,"file_name":"applicant.csv"},{"applicantid":38703,"applicant_first_name":"Kiran","applicant_middle_name":"Prakash","applicant_last_name":"Jain","mobile":6306489057,"dob":"1986-05-18","pan":"CCXAC8703N","employment":"salaried","isactive":true,"createddt":"2024-09-28 18:57:40","last_updated_dt":"2024-10-22 17:57:40","created_date":"2026-07-02","is_active":true,"file_name":"applicant.csv"},{"applicantid":39331,"applicant_first_name":"Reyansh","applicant_middle_name":"Raj","applicant_last_name":"Mishra","mobile":6311462189,"dob":"1972-05-01","pan":"EONTT9331Q","employment":"doctor","isactive":true,"createddt":"2025-11-19 09:11:03","last_updated_dt":"2025-12-21 06:11:03","created_date":"2026-07-02","is_active":true,"file_name":"applicant.csv"},{"applicantid":39909,"applicant_first_name":"Pooja","applicant_middle_name":null,"applicant_last_name":"Kulkarni","mobile":6316039371,"dob":"1977-07-18","pan":"CBNRT9909C","employment":"doctor","isactive":true,"createddt":"2025-08-19 15:52:52","last_updated_dt":"2025-10-06 02:52:52","created_date":"2026-07-02","is_active":true,"file_name":"applicant.csv"},{"applicantid":41817,"applicant_first_name":"Krishna","applicant_middle_name":"Raj","applicant_last_name":"Singh","mobile":6331148823,"dob":"1967-05-03","pan":"EWSOG1817K","employment":"doctor","isactive":false,"createddt":"2025-10-22 03:42:26","last_updated_dt":"2026-01-04 19:42:26","created_date":"2026-07-02","is_active":true,"file_name":"applicant.csv"},{"applicantid":44071,"applicant_first_name":"Sagar","applicant_middle_name":"Anil","applicant_last_name":"Sharma","mobile":6348998249,"dob":"2000-10-07","pan":"GJZSA4071I","employment":"salaried","isactive":false,"createddt":"2024-11-18 20:00:43","last_updated_dt":"2024-12-29 01:00:43","created_date":"2026-07-02","is_active":true,"file_name":"applicant.csv"},{"applicantid":46149,"applicant_first_name":"Avni","applicant_middle_name":"Ramesh","applicant_last_name":"Patel","mobile":6365453931,"dob":"1973-02-04","pan":"TYFVP6149U","employment":"doctor","isactive":true,"createddt":"2025-07-26 22:03:02","last_updated_dt":"2025-10-08 16:03:02","created_date":"2026-07-02","is_active":true,"file_name":"applicant.csv"}]}

ANALYSIS STEPS:

STEP 1 — VERIFY TYPES
  Review the schema and sample_rows in the JSON below.
  If samples show different types than schema, correct it.
  Example: schema says Int64, but samples show ["25", "N/A"] → correct to Utf8/String

STEP 2 — UNDERSTAND BUSINESS MEANING
  Based on column name and sample values, what does this column represent?
  Example: "date_of_birth" + samples ["1990-05-15", "2000-01-20"] → "Customer birth date"

STEP 3 — DATA QUALITY ASSESSMENT
  Look at null counts, distinct counts, ranges in column_statistics.
  For low-cardinality columns, review value_counts to understand the
  full distribution of categories — not just which values exist, but
  how common each one is. Flag class imbalance (e.g. one value covering
  >95% of rows), unexpectedly rare values that might be data entry
  errors, or values outside the expected set.
  Example: loan_type value_counts = {"PL": 800, "HL": 450, "BL": 90, "XYZ": 2}
  → "XYZ" appearing only twice is likely a data entry error, flag it.

STEP 4 — IDENTIFY KEY COLUMNS
  Which 3-5 columns are most critical for quality analysis?
  Usually: IDs, dates, amounts, status fields

STEP 5 — IDENTIFY CRITICAL DATA POINTS
  Which columns have:
  - Data quality issues (high nulls, duplicates, inconsistent formats, class imbalance)?
  - Security concerns (sensitive data, PII)?
  - Business impact (revenue, transaction amounts, customer status)?
  - Format issues (mixed date formats, invalid values)?
  These are CRITICAL and must be flagged.

STEP 6 — RECOMMEND INDEXES
  Which columns should be indexed for fast queries?
  Think about:
  - Primary keys / IDs (always index)
  - Date fields used in WHERE/JOIN (always index)
  - Status/category fields with filtering (index if low-cardinality)
  - Foreign keys / relationships (always index)
  - High-cardinality fields unlikely to be filtered (skip)

  For each recommendation, explain WHY it should be indexed.

  Examples of good reasons:
  - "Primary key — fast lookups and joins"
  - "Frequently filtered in WHERE clauses"
  - "Date range queries for reports"
  - "Join condition with other tables"
  - "Sorts and aggregations on this column"
  - "Low-cardinality status field — improves filter selectivity"
  
STEP 7 - Conditional / Dependency Checks (Column-Controlled Mandatory Fields) 
  Identify situations where the value of one column determines whether another column should or should not contain data. 
  Examples of controlling relationships Application_Status 
  - Loan_Account_Number Payment_Status 
  - Payment_Date Order_Status 
  - Delivery_Date Approval_Flag 
  - Approved_By Is_Active 
  - Deactivation_Date Employment_Status 
  - Exit_Date Customer_Type 
  -> GST_Number Loan_Status 
  -> Disbursement_Date Product_Type 
  -> Product_Code Country 
  -> State Generate failed rows checks for these dependencies. 
  Examples If Application_Status = 'Disbursed', Loan_Account_Number must not be NULL
  Generate similar validations whenever one column logically controls another.

Return JSON with schema profile:
{
  "table_name": "derived from filename",
  "total_columns": number,
  "total_rows": number,
  "file_size_mb": number,
  "schema": [
    {
      "column": "exact name",
      "business_meaning": "what this represents",
      "data_type": "CORRECTED type (not just inferred)",
      "nullable": boolean,
      "null_count": number,
      "null_pct": number,
      "unique_count": number,
      "validation_rule": "rule to enforce",
      "sample_values": ["val1", "val2", "val3"],
      "categorical_values": ["val1", "val2"] or [],
      "value_distribution": {"val1": 800, "val2": 450} or {}
    }
  ],
  "key_columns": ["col1", "col2", "col3"],
  "critical_data": [
    {
      "column": "column_name",
      "severity": "HIGH" or "MEDIUM",
      "concern": "Specific issue found",
      "impact": "Business/data quality impact"
    }
  ],
  "quality_concerns": ["Specific concern with details"],
  "recommended_indexes": [
    {
      "column": "applicantid",
      "index_type": "B-Tree",
      "reason": "Primary key — enables fast lookups and join operations"
    }
  ],
  "data_completeness_pct": number (average of non-null percentages)
}

2026-07-02 19:00:25 | INFO    | bedrock_client | [bedrock] invoke_model network+generation time: 35.468s
2026-07-02 19:00:25 | INFO    | bedrock_client | [bedrock] response body read+json.loads: 0.001s
2026-07-02 19:00:25 | INFO    | bedrock_client | bedrock call | input_tokens=6741 output_tokens=5329 total=12070 session_total=45574 requests=5
2026-07-02 19:00:25 | INFO    | bedrock_client | [ask_json] ask() total (network+generation+read): 35.471s
2026-07-02 19:00:25 | INFO    | bedrock_client | [ask_json] cleanup + json.loads parse: 0.001s
2026-07-02 19:00:25 | INFO    | app | [poc1] STEP 4 - ask_json (Bedrock call, incl. JSON parse): 35.473s
2026-07-02 19:00:25 | INFO    | app | [poc1] STEP 5 - save_versioned: 0.004s
2026-07-02 19:00:25 | INFO    | app | [poc1] STEP 6 - contract write: 0.001s | new_contract=True
2026-07-02 19:00:25 | INFO    | app | [poc1] TOTAL route time: 35.613s
2026-07-02 20:02:26 | WARNING | werkzeug |  * Debugger is active!
2026-07-02 20:02:30 | WARNING | werkzeug |  * Debugger is active!
2026-07-02 20:02:32 | WARNING | werkzeug |  * Debugger is active!
2026-07-02 20:02:46 | WARNING | werkzeug |  * Debugger is active!
2026-07-02 20:02:48 | WARNING | werkzeug |  * Debugger is active!
2026-07-02 20:02:50 | WARNING | werkzeug |  * Debugger is active!
2026-07-02 20:03:00 | WARNING | werkzeug |  * Debugger is active!
2026-07-02 20:03:11 | INFO    | app | upload streamed to disk in 0.01s | file=application.csv
2026-07-02 20:03:11 | INFO    | app | DuckDB ingest completed in 0.02s | table=tbl_application_csv
2026-07-02 20:03:11 | ERROR   | app | DB ingest reported failure for table=tbl_application_csv: IO Error: Could not set lock on file "/Users/paragkadam/Downloads/AI_POC/poc_package/storage/ai_poc_dq.duckdb": Conflicting lock is held in /Applications/DBeaver.app/Contents/MacOS/dbeaver (PID 259) by user paragkadam. See also https://duckdb.org/docs/stable/connect/concurrency
2026-07-02 20:03:28 | INFO    | app | upload streamed to disk in 0.01s | file=application.csv
2026-07-02 20:03:29 | INFO    | app | DuckDB ingest completed in 0.22s | table=tbl_application_csv
2026-07-02 20:03:31 | INFO    | app | [poc1] STEP 1 - getsize: 0.000s
2026-07-02 20:03:31 | INFO    | app | [poc1] STEP 2 - get_full_metadata_for_ai (DuckDB): 0.131s
2026-07-02 20:03:31 | INFO    | app | [poc1] STEP 3 - build_schema_discovery_prompt: 0.000s | prompt_chars=15288
2026-07-02 20:03:31 | INFO    | app | [poc1] USER PROMPT:
CSV METADATA (JSON):
{"schema":{"applicationid":"BIGINT","createddt":"TIMESTAMP","applicantid":"BIGINT","productcd":"VARCHAR","appstatus":"VARCHAR","lan":"VARCHAR","isactive":"BOOLEAN","last_updated_dt":"TIMESTAMP","created_date":"DATE","is_active":"BOOLEAN","file_name":"VARCHAR"},"column_statistics":[{"name":"applicationid","type":"BIGINT","null_count":0,"null_pct":0.0,"distinct_count":63228,"min":"1","max":"71123"},{"name":"createddt","type":"TIMESTAMP","null_count":0,"null_pct":0.0,"distinct_count":69841,"min":"2024-05-25 14:14:15","max":"2026-04-26 14:06:28"},{"name":"applicantid","type":"BIGINT","null_count":0,"null_pct":0.0,"distinct_count":43184,"min":"1","max":"46973"},{"name":"productcd","type":"VARCHAR","null_count":0,"null_pct":0.0,"distinct_count":3,"min":"BL","max":"PL","value_counts":{"PL":23774,"BL":23703,"HL":23646}},{"name":"appstatus","type":"VARCHAR","null_count":0,"null_pct":0.0,"distinct_count":5,"min":"AIP","max":"disbursed","value_counts":{"created":17671,"disbursed":14336,"AIP":14230,"approved":14217,"cancelled":10669}},{"name":"lan","type":"VARCHAR","null_count":56785,"null_pct":79.84,"distinct_count":14905,"min":"LAN2026000000000001","max":"LAN2026000000071123"},{"name":"isactive","type":"BOOLEAN","null_count":0,"null_pct":0.0,"distinct_count":2,"min":"false","max":"true","value_counts":{"True":53254,"False":17869}},{"name":"last_updated_dt","type":"TIMESTAMP","null_count":0,"null_pct":0.0,"distinct_count":56735,"min":"2024-05-26 23:10:11","max":"2026-07-25 11:27:50"},{"name":"created_date","type":"DATE","null_count":0,"null_pct":0.0,"distinct_count":1,"min":"2026-07-02","max":"2026-07-02","value_counts":{"2026-07-02":71123}},{"name":"is_active","type":"BOOLEAN","null_count":0,"null_pct":0.0,"distinct_count":1,"min":"true","max":"true","value_counts":{"True":71123}},{"name":"file_name","type":"VARCHAR","null_count":0,"null_pct":0.0,"distinct_count":1,"min":"application.csv","max":"application.csv","value_counts":{"application.csv":71123}}],"sample_rows":[{"applicationid":1574,"createddt":"2024-05-30 00:38:01","applicantid":1574,"productcd":"PL","appstatus":"created","lan":null,"isactive":true,"last_updated_dt":"2024-06-29 00:38:01","created_date":"2026-07-02","is_active":true,"file_name":"application.csv"},{"applicationid":2528,"createddt":"2025-08-25 15:08:17","applicantid":2528,"productcd":"PL","appstatus":"cancelled","lan":null,"isactive":true,"last_updated_dt":"2025-10-19 12:08:17","created_date":"2026-07-02","is_active":true,"file_name":"application.csv"},{"applicationid":3748,"createddt":"2025-07-07 06:28:16","applicantid":3748,"productcd":"BL","appstatus":"created","lan":null,"isactive":true,"last_updated_dt":"2025-08-08 08:28:16","created_date":"2026-07-02","is_active":true,"file_name":"application.csv"},{"applicationid":8112,"createddt":"2026-02-14 08:55:31","applicantid":8112,"productcd":"BL","appstatus":"disbursed","lan":"LAN2026000000008112","isactive":false,"last_updated_dt":"2026-05-13 16:55:31","created_date":"2026-07-02","is_active":true,"file_name":"application.csv"},{"applicationid":9796,"createddt":"2025-07-04 20:39:24","applicantid":9796,"productcd":"HL","appstatus":"created","lan":null,"isactive":true,"last_updated_dt":"2025-08-12 08:39:24","created_date":"2026-07-02","is_active":true,"file_name":"application.csv"},{"applicationid":10028,"createddt":"2024-09-17 02:33:44","applicantid":10028,"productcd":"HL","appstatus":"created","lan":null,"isactive":false,"last_updated_dt":"2024-12-16 07:33:44","created_date":"2026-07-02","is_active":true,"file_name":"application.csv"},{"applicationid":11197,"createddt":"2025-10-08 23:17:41","applicantid":11197,"productcd":"BL","appstatus":"disbursed","lan":"LAN2026000000011197","isactive":true,"last_updated_dt":"2025-12-22 22:17:41","created_date":"2026-07-02","is_active":true,"file_name":"application.csv"},{"applicationid":12637,"createddt":"2025-06-11 09:04:38","applicantid":12637,"productcd":"HL","appstatus":"disbursed","lan":"LAN2026000000012637","isactive":false,"last_updated_dt":"2025-06-19 09:04:38","created_date":"2026-07-02","is_active":true,"file_name":"application.csv"},{"applicationid":20216,"createddt":"2024-09-20 22:08:05","applicantid":20216,"productcd":"HL","appstatus":"AIP","lan":null,"isactive":true,"last_updated_dt":"2024-10-01 19:08:05","created_date":"2026-07-02","is_active":true,"file_name":"application.csv"},{"applicationid":23891,"createddt":"2025-03-04 20:15:31","applicantid":23891,"productcd":"HL","appstatus":"created","lan":null,"isactive":true,"last_updated_dt":"2025-03-28 02:15:31","created_date":"2026-07-02","is_active":true,"file_name":"application.csv"},{"applicationid":27180,"createddt":"2025-09-26 16:01:32","applicantid":27180,"productcd":"BL","appstatus":"cancelled","lan":null,"isactive":true,"last_updated_dt":"2025-12-06 05:01:32","created_date":"2026-07-02","is_active":true,"file_name":"application.csv"},{"applicationid":31544,"createddt":"2024-10-25 04:43:58","applicantid":31544,"productcd":"BL","appstatus":"cancelled","lan":null,"isactive":true,"last_updated_dt":"2024-11-29 01:43:58","created_date":"2026-07-02","is_active":true,"file_name":"application.csv"},{"applicationid":34530,"createddt":"2024-10-30 07:53:19","applicantid":34530,"productcd":"HL","appstatus":"disbursed","lan":"LAN2026000000034530","isactive":true,"last_updated_dt":"2024-12-23 17:53:19","created_date":"2026-07-02","is_active":true,"file_name":"application.csv"},{"applicationid":36156,"createddt":"2025-02-01 13:42:54","applicantid":36156,"productcd":"BL","appstatus":"cancelled","lan":null,"isactive":false,"last_updated_dt":"2025-04-09 17:42:54","created_date":"2026-07-02","is_active":true,"file_name":"application.csv"},{"applicationid":37825,"createddt":"2024-08-29 11:10:09","applicantid":37825,"productcd":"PL","appstatus":"disbursed","lan":"LAN2026000000037825","isactive":true,"last_updated_dt":"2024-09-12 04:10:09","created_date":"2026-07-02","is_active":true,"file_name":"application.csv"},{"applicationid":39123,"createddt":"2026-04-18 20:37:55","applicantid":39123,"productcd":"HL","appstatus":"created","lan":null,"isactive":false,"last_updated_dt":"2026-06-02 13:37:55","created_date":"2026-07-02","is_active":true,"file_name":"application.csv"},{"applicationid":39159,"createddt":"2026-01-26 11:46:37","applicantid":39159,"productcd":"BL","appstatus":"approved","lan":null,"isactive":true,"last_updated_dt":"2026-04-14 04:46:37","created_date":"2026-07-02","is_active":true,"file_name":"application.csv"},{"applicationid":41352,"createddt":"2024-11-27 15:45:00","applicantid":41352,"productcd":"BL","appstatus":"created","lan":null,"isactive":false,"last_updated_dt":"2024-12-11 09:45:00","created_date":"2026-07-02","is_active":true,"file_name":"application.csv"},{"applicationid":45855,"createddt":"2025-09-29 14:32:20","applicantid":45855,"productcd":"BL","appstatus":"disbursed","lan":"LAN2026000000045855","isactive":true,"last_updated_dt":"2025-12-24 06:32:20","created_date":"2026-07-02","is_active":true,"file_name":"application.csv"},{"applicationid":47884,"createddt":"2025-01-05 20:30:46","applicantid":911,"productcd":"HL","appstatus":"disbursed","lan":"LAN2026000000047884","isactive":false,"last_updated_dt":"2025-03-15 15:30:46","created_date":"2026-07-02","is_active":true,"file_name":"application.csv"},{"applicationid":50633,"createddt":"2024-07-16 19:14:28","applicantid":3660,"productcd":"PL","appstatus":"approved","lan":null,"isactive":true,"last_updated_dt":"2024-09-09 09:14:28","created_date":"2026-07-02","is_active":true,"file_name":"application.csv"},{"applicationid":52955,"createddt":"2025-08-19 13:58:49","applicantid":5982,"productcd":"PL","appstatus":"AIP","lan":null,"isactive":true,"last_updated_dt":"2025-09-19 05:58:49","created_date":"2026-07-02","is_active":true,"file_name":"application.csv"},{"applicationid":55129,"createddt":"2024-09-04 02:49:19","applicantid":8156,"productcd":"PL","appstatus":"created","lan":null,"isactive":true,"last_updated_dt":"2024-09-14 20:49:19","created_date":"2026-07-02","is_active":true,"file_name":"application.csv"},{"applicationid":57232,"createddt":"2025-11-22 18:02:37","applicantid":10259,"productcd":"BL","appstatus":"approved","lan":null,"isactive":false,"last_updated_dt":"2025-12-24 15:02:37","created_date":"2026-07-02","is_active":true,"file_name":"application.csv"},{"applicationid":58505,"createddt":"2024-09-04 04:26:28","applicantid":11532,"productcd":"BL","appstatus":"created","lan":null,"isactive":true,"last_updated_dt":"2024-10-14 19:26:28","created_date":"2026-07-02","is_active":true,"file_name":"application.csv"},{"applicationid":60487,"createddt":"2024-09-10 23:10:01","applicantid":13514,"productcd":"PL","appstatus":"cancelled","lan":null,"isactive":true,"last_updated_dt":"2024-09-19 07:10:01","created_date":"2026-07-02","is_active":true,"file_name":"application.csv"},{"applicationid":61747,"createddt":"2024-06-04 16:41:57","applicantid":14774,"productcd":"BL","appstatus":"AIP","lan":null,"isactive":true,"last_updated_dt":"2024-06-14 00:41:57","created_date":"2026-07-02","is_active":true,"file_name":"application.csv"},{"applicationid":66283,"createddt":"2024-08-06 10:50:13","applicantid":19310,"productcd":"BL","appstatus":"disbursed","lan":"LAN2026000000066283","isactive":false,"last_updated_dt":"2024-08-11 12:50:13","created_date":"2026-07-02","is_active":true,"file_name":"application.csv"},{"applicationid":68860,"createddt":"2025-05-06 22:22:58","applicantid":21887,"productcd":"BL","appstatus":"disbursed","lan":"LAN2026000000068860","isactive":false,"last_updated_dt":"2025-06-04 13:22:58","created_date":"2026-07-02","is_active":true,"file_name":"application.csv"},{"applicationid":70099,"createddt":"2024-11-17 08:27:46","applicantid":23126,"productcd":"HL","appstatus":"AIP","lan":null,"isactive":true,"last_updated_dt":"2024-12-30 18:27:46","created_date":"2026-07-02","is_active":true,"file_name":"application.csv"}]}

ANALYSIS STEPS:

STEP 1 — VERIFY TYPES
  Review the schema and sample_rows in the JSON below.
  If samples show different types than schema, correct it.
  Example: schema says Int64, but samples show ["25", "N/A"] → correct to Utf8/String

STEP 2 — UNDERSTAND BUSINESS MEANING
  Based on column name and sample values, what does this column represent?
  Example: "date_of_birth" + samples ["1990-05-15", "2000-01-20"] → "Customer birth date"

STEP 3 — DATA QUALITY ASSESSMENT
  Look at null counts, distinct counts, ranges in column_statistics.
  For low-cardinality columns, review value_counts to understand the
  full distribution of categories — not just which values exist, but
  how common each one is. Flag class imbalance (e.g. one value covering
  >95% of rows), unexpectedly rare values that might be data entry
  errors, or values outside the expected set.
  Example: loan_type value_counts = {"PL": 800, "HL": 450, "BL": 90, "XYZ": 2}
  → "XYZ" appearing only twice is likely a data entry error, flag it.

STEP 4 — IDENTIFY KEY COLUMNS
  Which 3-5 columns are most critical for quality analysis?
  Usually: IDs, dates, amounts, status fields

STEP 5 — IDENTIFY CRITICAL DATA POINTS
  Which columns have:
  - Data quality issues (high nulls, duplicates, inconsistent formats, class imbalance)?
  - Security concerns (sensitive data, PII)?
  - Business impact (revenue, transaction amounts, customer status)?
  - Format issues (mixed date formats, invalid values)?
  These are CRITICAL and must be flagged.

STEP 6 — RECOMMEND INDEXES
  Which columns should be indexed for fast queries?
  Think about:
  - Primary keys / IDs (always index)
  - Date fields used in WHERE/JOIN (always index)
  - Status/category fields with filtering (index if low-cardinality)
  - Foreign keys / relationships (always index)
  - High-cardinality fields unlikely to be filtered (skip)

  For each recommendation, explain WHY it should be indexed.

  Examples of good reasons:
  - "Primary key — fast lookups and joins"
  - "Frequently filtered in WHERE clauses"
  - "Date range queries for reports"
  - "Join condition with other tables"
  - "Sorts and aggregations on this column"
  - "Low-cardinality status field — improves filter selectivity"
  
STEP 7 - Conditional / Dependency Checks (Column-Controlled Mandatory Fields) 
  Identify situations where the value of one column determines whether another column should or should not contain data. 
  Examples of controlling relationships Application_Status 
  - Loan_Account_Number Payment_Status 
  - Payment_Date Order_Status 
  - Delivery_Date Approval_Flag 
  - Approved_By Is_Active 
  - Deactivation_Date Employment_Status 
  - Exit_Date Customer_Type 
  -> GST_Number Loan_Status 
  -> Disbursement_Date Product_Type 
  -> Product_Code Country 
  -> State Generate failed rows checks for these dependencies. 
  Examples If Application_Status = 'Disbursed', Loan_Account_Number must not be NULL
  Generate similar validations whenever one column logically controls another.

Return JSON with schema profile:
{
  "table_name": "derived from filename",
  "total_columns": number,
  "total_rows": number,
  "file_size_mb": number,
  "schema": [
    {
      "column": "exact name",
      "business_meaning": "what this represents",
      "data_type": "CORRECTED type (not just inferred)",
      "nullable": boolean,
      "null_count": number,
      "null_pct": number,
      "unique_count": number,
      "validation_rule": "rule to enforce",
      "sample_values": ["val1", "val2", "val3"],
      "categorical_values": ["val1", "val2"] or [],
      "value_distribution": {"val1": 800, "val2": 450} or {}
    }
  ],
  "key_columns": ["col1", "col2", "col3"],
  "critical_data": [
    {
      "column": "column_name",
      "severity": "HIGH" or "MEDIUM",
      "concern": "Specific issue found",
      "impact": "Business/data quality impact"
    }
  ],
  "quality_concerns": ["Specific concern with details"],
  "recommended_indexes": [
    {
      "column": "applicantid",
      "index_type": "B-Tree",
      "reason": "Primary key — enables fast lookups and join operations"
    }
  ],
  "data_completeness_pct": number (average of non-null percentages)
}

2026-07-02 20:03:58 | INFO    | bedrock_client | [bedrock] invoke_model network+generation time: 27.288s
2026-07-02 20:03:58 | INFO    | bedrock_client | [bedrock] response body read+json.loads: 0.001s
2026-07-02 20:03:58 | INFO    | bedrock_client | bedrock call | input_tokens=5272 output_tokens=4029 total=9301 session_total=9301 requests=1
2026-07-02 20:03:58 | INFO    | bedrock_client | [ask_json] ask() total (network+generation+read): 27.290s
2026-07-02 20:03:58 | INFO    | bedrock_client | [ask_json] cleanup + json.loads parse: 0.002s
2026-07-02 20:03:58 | INFO    | app | [poc1] STEP 4 - ask_json (Bedrock call, incl. JSON parse): 27.292s
2026-07-02 20:03:58 | INFO    | app | [poc1] STEP 5 - save_versioned: 0.003s
2026-07-02 20:03:58 | INFO    | app | [poc1] STEP 6 - contract write: 0.000s | new_contract=False
2026-07-02 20:03:58 | INFO    | app | [poc1] TOTAL route time: 27.427s
2026-07-02 20:04:44 | INFO    | app | SODA YAML Prompt (first 500 chars):
RULE GENERATION PRIORITY

DO NOT use: failed rows, fail query, alert, warn, valid_format, regex
ONLY use: row_count, missing_count, duplicate_count, min(), max(), invalid_count

1. TABLE LEVEL CHECKS
Always include checks for <table_name>:
  - row_count > 0
If expected row count is known, generate an appropriate threshold.

2. MISSING VALUE CHECKS
Use actual metadata.
If nullable = false → Generate missing_count(column) = 0
If nullable=true → Use observed null count with reasonable tolerance
Alw
2026-07-02 20:04:52 | INFO    | bedrock_client | [bedrock] invoke_model network+generation time: 8.283s
2026-07-02 20:04:52 | INFO    | bedrock_client | [bedrock] response body read+json.loads: 0.000s
2026-07-02 20:04:52 | INFO    | bedrock_client | bedrock call | input_tokens=5768 output_tokens=1212 total=6980 session_total=16281 requests=2
2026-07-02 20:25:12 | WARNING | werkzeug |  * Debugger is active!
2026-07-02 20:25:13 | WARNING | werkzeug |  * Debugger is active!
2026-07-02 20:25:19 | INFO    | app | upload streamed to disk in 0.01s | file=application.csv
2026-07-02 20:25:19 | INFO    | app | DuckDB ingest completed in 0.02s | table=tbl_application_csv
2026-07-02 20:25:19 | ERROR   | app | DB ingest reported failure for table=tbl_application_csv: IO Error: Could not set lock on file "/Users/paragkadam/Downloads/AI_POC/poc_package/storage/ai_poc_dq.duckdb": Conflicting lock is held in /Applications/DBeaver.app/Contents/MacOS/dbeaver (PID 6537) by user paragkadam. See also https://duckdb.org/docs/stable/connect/concurrency
2026-07-02 20:25:36 | INFO    | app | upload streamed to disk in 0.01s | file=application.csv
2026-07-02 20:25:36 | INFO    | app | DuckDB ingest completed in 0.28s | table=tbl_application_csv
2026-07-02 20:25:49 | INFO    | app | [poc1] STEP 1 - getsize: 0.000s
2026-07-02 20:25:49 | INFO    | app | [poc1] STEP 2 - get_full_metadata_for_ai (DuckDB): 0.139s
2026-07-02 20:25:49 | INFO    | app | [poc1] STEP 3 - build_schema_discovery_prompt: 0.000s | prompt_chars=15292
2026-07-02 20:25:49 | INFO    | app | [poc1] USER PROMPT:
CSV METADATA (JSON):
{"schema":{"applicationid":"BIGINT","createddt":"TIMESTAMP","applicantid":"BIGINT","productcd":"VARCHAR","appstatus":"VARCHAR","lan":"VARCHAR","isactive":"BOOLEAN","last_updated_dt":"TIMESTAMP","created_date":"DATE","is_active":"BOOLEAN","file_name":"VARCHAR"},"column_statistics":[{"name":"applicationid","type":"BIGINT","null_count":0,"null_pct":0.0,"distinct_count":63228,"min":"1","max":"71123"},{"name":"createddt","type":"TIMESTAMP","null_count":0,"null_pct":0.0,"distinct_count":69841,"min":"2024-05-25 14:14:15","max":"2026-04-26 14:06:28"},{"name":"applicantid","type":"BIGINT","null_count":0,"null_pct":0.0,"distinct_count":43184,"min":"1","max":"46973"},{"name":"productcd","type":"VARCHAR","null_count":0,"null_pct":0.0,"distinct_count":3,"min":"BL","max":"PL","value_counts":{"PL":23774,"BL":23703,"HL":23646}},{"name":"appstatus","type":"VARCHAR","null_count":0,"null_pct":0.0,"distinct_count":5,"min":"AIP","max":"disbursed","value_counts":{"created":17671,"disbursed":14336,"AIP":14230,"approved":14217,"cancelled":10669}},{"name":"lan","type":"VARCHAR","null_count":56785,"null_pct":79.84,"distinct_count":14905,"min":"LAN2026000000000001","max":"LAN2026000000071123"},{"name":"isactive","type":"BOOLEAN","null_count":0,"null_pct":0.0,"distinct_count":2,"min":"false","max":"true","value_counts":{"True":53254,"False":17869}},{"name":"last_updated_dt","type":"TIMESTAMP","null_count":0,"null_pct":0.0,"distinct_count":56735,"min":"2024-05-26 23:10:11","max":"2026-07-25 11:27:50"},{"name":"created_date","type":"DATE","null_count":0,"null_pct":0.0,"distinct_count":1,"min":"2026-07-02","max":"2026-07-02","value_counts":{"2026-07-02":71123}},{"name":"is_active","type":"BOOLEAN","null_count":0,"null_pct":0.0,"distinct_count":1,"min":"true","max":"true","value_counts":{"True":71123}},{"name":"file_name","type":"VARCHAR","null_count":0,"null_pct":0.0,"distinct_count":1,"min":"application.csv","max":"application.csv","value_counts":{"application.csv":71123}}],"sample_rows":[{"applicationid":1799,"createddt":"2025-09-29 00:19:40","applicantid":1799,"productcd":"HL","appstatus":"disbursed","lan":"LAN2026000000001799","isactive":true,"last_updated_dt":"2025-12-08 03:19:40","created_date":"2026-07-02","is_active":true,"file_name":"application.csv"},{"applicationid":2534,"createddt":"2025-08-15 09:40:28","applicantid":2534,"productcd":"BL","appstatus":"cancelled","lan":null,"isactive":true,"last_updated_dt":"2025-09-14 12:40:28","created_date":"2026-07-02","is_active":true,"file_name":"application.csv"},{"applicationid":3407,"createddt":"2024-12-15 03:17:32","applicantid":3407,"productcd":"PL","appstatus":"created","lan":null,"isactive":true,"last_updated_dt":"2024-12-29 03:17:32","created_date":"2026-07-02","is_active":true,"file_name":"application.csv"},{"applicationid":3431,"createddt":"2025-11-15 08:33:41","applicantid":3431,"productcd":"PL","appstatus":"created","lan":null,"isactive":true,"last_updated_dt":"2026-01-08 21:33:41","created_date":"2026-07-02","is_active":true,"file_name":"application.csv"},{"applicationid":4159,"createddt":"2025-01-30 16:55:57","applicantid":4159,"productcd":"HL","appstatus":"disbursed","lan":"LAN2026000000004159","isactive":true,"last_updated_dt":"2025-04-23 00:55:57","created_date":"2026-07-02","is_active":true,"file_name":"application.csv"},{"applicationid":7348,"createddt":"2025-06-09 13:32:54","applicantid":7348,"productcd":"PL","appstatus":"disbursed","lan":"LAN2026000000007348","isactive":false,"last_updated_dt":"2025-08-15 04:32:54","created_date":"2026-07-02","is_active":true,"file_name":"application.csv"},{"applicationid":13017,"createddt":"2026-03-30 00:49:06","applicantid":13017,"productcd":"BL","appstatus":"AIP","lan":null,"isactive":true,"last_updated_dt":"2026-06-28 06:49:06","created_date":"2026-07-02","is_active":true,"file_name":"application.csv"},{"applicationid":13693,"createddt":"2025-06-19 19:20:58","applicantid":13693,"productcd":"BL","appstatus":"approved","lan":null,"isactive":true,"last_updated_dt":"2025-09-13 00:20:58","created_date":"2026-07-02","is_active":true,"file_name":"application.csv"},{"applicationid":14384,"createddt":"2024-07-30 17:42:03","applicantid":14384,"productcd":"BL","appstatus":"approved","lan":null,"isactive":true,"last_updated_dt":"2024-10-27 21:42:03","created_date":"2026-07-02","is_active":true,"file_name":"application.csv"},{"applicationid":17373,"createddt":"2026-02-10 15:39:48","applicantid":17373,"productcd":"PL","appstatus":"AIP","lan":null,"isactive":true,"last_updated_dt":"2026-02-10 18:39:48","created_date":"2026-07-02","is_active":true,"file_name":"application.csv"},{"applicationid":19084,"createddt":"2024-07-06 19:27:26","applicantid":19084,"productcd":"PL","appstatus":"created","lan":null,"isactive":true,"last_updated_dt":"2024-09-17 02:27:26","created_date":"2026-07-02","is_active":true,"file_name":"application.csv"},{"applicationid":19599,"createddt":"2025-12-30 23:46:28","applicantid":19599,"productcd":"BL","appstatus":"created","lan":null,"isactive":true,"last_updated_dt":"2026-03-14 02:46:28","created_date":"2026-07-02","is_active":true,"file_name":"application.csv"},{"applicationid":22829,"createddt":"2025-09-25 23:23:55","applicantid":22829,"productcd":"PL","appstatus":"disbursed","lan":"LAN2026000000022829","isactive":true,"last_updated_dt":"2025-10-09 12:23:55","created_date":"2026-07-02","is_active":true,"file_name":"application.csv"},{"applicationid":25776,"createddt":"2024-12-14 09:49:25","applicantid":25776,"productcd":"HL","appstatus":"created","lan":null,"isactive":false,"last_updated_dt":"2025-01-28 13:49:25","created_date":"2026-07-02","is_active":true,"file_name":"application.csv"},{"applicationid":26777,"createddt":"2025-12-07 13:46:24","applicantid":26777,"productcd":"HL","appstatus":"disbursed","lan":"LAN2026000000026777","isactive":true,"last_updated_dt":"2026-01-19 16:46:24","created_date":"2026-07-02","is_active":true,"file_name":"application.csv"},{"applicationid":32918,"createddt":"2025-08-17 17:33:10","applicantid":32918,"productcd":"PL","appstatus":"created","lan":null,"isactive":true,"last_updated_dt":"2025-10-08 17:33:10","created_date":"2026-07-02","is_active":true,"file_name":"application.csv"},{"applicationid":36233,"createddt":"2025-06-28 17:03:46","applicantid":36233,"productcd":"BL","appstatus":"disbursed","lan":"LAN2026000000036233","isactive":false,"last_updated_dt":"2025-07-26 02:03:46","created_date":"2026-07-02","is_active":true,"file_name":"application.csv"},{"applicationid":40430,"createddt":"2024-10-09 04:27:02","applicantid":40430,"productcd":"HL","appstatus":"disbursed","lan":"LAN2026000000040430","isactive":false,"last_updated_dt":"2024-11-22 09:27:02","created_date":"2026-07-02","is_active":true,"file_name":"application.csv"},{"applicationid":41081,"createddt":"2025-05-16 04:05:16","applicantid":41081,"productcd":"HL","appstatus":"AIP","lan":null,"isactive":true,"last_updated_dt":"2025-07-28 13:05:16","created_date":"2026-07-02","is_active":true,"file_name":"application.csv"},{"applicationid":51145,"createddt":"2025-08-25 04:06:37","applicantid":4172,"productcd":"BL","appstatus":"disbursed","lan":"LAN2026000000051145","isactive":true,"last_updated_dt":"2025-10-15 00:06:37","created_date":"2026-07-02","is_active":true,"file_name":"application.csv"},{"applicationid":52712,"createddt":"2024-08-28 23:39:48","applicantid":5739,"productcd":"PL","appstatus":"disbursed","lan":"LAN2026000000052712","isactive":false,"last_updated_dt":"2024-10-21 01:39:48","created_date":"2026-07-02","is_active":true,"file_name":"application.csv"},{"applicationid":54445,"createddt":"2025-09-25 23:59:24","applicantid":7472,"productcd":"BL","appstatus":"created","lan":null,"isactive":false,"last_updated_dt":"2025-10-23 00:59:24","created_date":"2026-07-02","is_active":true,"file_name":"application.csv"},{"applicationid":57191,"createddt":"2026-03-25 11:36:11","applicantid":10218,"productcd":"BL","appstatus":"created","lan":null,"isactive":true,"last_updated_dt":"2026-05-24 01:36:11","created_date":"2026-07-02","is_active":true,"file_name":"application.csv"},{"applicationid":58530,"createddt":"2024-07-12 07:05:43","applicantid":11557,"productcd":"PL","appstatus":"disbursed","lan":"LAN2026000000058530","isactive":true,"last_updated_dt":"2024-10-07 20:05:43","created_date":"2026-07-02","is_active":true,"file_name":"application.csv"},{"applicationid":60035,"createddt":"2024-07-16 13:18:39","applicantid":13062,"productcd":"BL","appstatus":"AIP","lan":null,"isactive":true,"last_updated_dt":"2024-08-16 20:18:39","created_date":"2026-07-02","is_active":true,"file_name":"application.csv"},{"applicationid":61760,"createddt":"2024-12-15 13:00:59","applicantid":14787,"productcd":"BL","appstatus":"approved","lan":null,"isactive":false,"last_updated_dt":"2024-12-19 01:00:59","created_date":"2026-07-02","is_active":true,"file_name":"application.csv"},{"applicationid":65122,"createddt":"2025-11-27 20:27:44","applicantid":18149,"productcd":"BL","appstatus":"AIP","lan":null,"isactive":true,"last_updated_dt":"2026-01-14 01:27:44","created_date":"2026-07-02","is_active":true,"file_name":"application.csv"},{"applicationid":65686,"createddt":"2024-09-29 04:44:32","applicantid":18713,"productcd":"BL","appstatus":"approved","lan":null,"isactive":false,"last_updated_dt":"2024-11-07 16:44:32","created_date":"2026-07-02","is_active":true,"file_name":"application.csv"},{"applicationid":69378,"createddt":"2024-07-16 21:27:31","applicantid":22405,"productcd":"HL","appstatus":"AIP","lan":null,"isactive":false,"last_updated_dt":"2024-07-25 17:27:31","created_date":"2026-07-02","is_active":true,"file_name":"application.csv"},{"applicationid":70679,"createddt":"2024-08-24 13:23:43","applicantid":23706,"productcd":"HL","appstatus":"approved","lan":null,"isactive":true,"last_updated_dt":"2024-11-22 21:23:43","created_date":"2026-07-02","is_active":true,"file_name":"application.csv"}]}

ANALYSIS STEPS:

STEP 1 — VERIFY TYPES
  Review the schema and sample_rows in the JSON below.
  If samples show different types than schema, correct it.
  Example: schema says Int64, but samples show ["25", "N/A"] → correct to Utf8/String

STEP 2 — UNDERSTAND BUSINESS MEANING
  Based on column name and sample values, what does this column represent?
  Example: "date_of_birth" + samples ["1990-05-15", "2000-01-20"] → "Customer birth date"

STEP 3 — DATA QUALITY ASSESSMENT
  Look at null counts, distinct counts, ranges in column_statistics.
  For low-cardinality columns, review value_counts to understand the
  full distribution of categories — not just which values exist, but
  how common each one is. Flag class imbalance (e.g. one value covering
  >95% of rows), unexpectedly rare values that might be data entry
  errors, or values outside the expected set.
  Example: loan_type value_counts = {"PL": 800, "HL": 450, "BL": 90, "XYZ": 2}
  → "XYZ" appearing only twice is likely a data entry error, flag it.

STEP 4 — IDENTIFY KEY COLUMNS
  Which 3-5 columns are most critical for quality analysis?
  Usually: IDs, dates, amounts, status fields

STEP 5 — IDENTIFY CRITICAL DATA POINTS
  Which columns have:
  - Data quality issues (high nulls, duplicates, inconsistent formats, class imbalance)?
  - Security concerns (sensitive data, PII)?
  - Business impact (revenue, transaction amounts, customer status)?
  - Format issues (mixed date formats, invalid values)?
  These are CRITICAL and must be flagged.

STEP 6 — RECOMMEND INDEXES
  Which columns should be indexed for fast queries?
  Think about:
  - Primary keys / IDs (always index)
  - Date fields used in WHERE/JOIN (always index)
  - Status/category fields with filtering (index if low-cardinality)
  - Foreign keys / relationships (always index)
  - High-cardinality fields unlikely to be filtered (skip)

  For each recommendation, explain WHY it should be indexed.

  Examples of good reasons:
  - "Primary key — fast lookups and joins"
  - "Frequently filtered in WHERE clauses"
  - "Date range queries for reports"
  - "Join condition with other tables"
  - "Sorts and aggregations on this column"
  - "Low-cardinality status field — improves filter selectivity"
  
STEP 7 - Conditional / Dependency Checks (Column-Controlled Mandatory Fields) 
  Identify situations where the value of one column determines whether another column should or should not contain data. 
  Examples of controlling relationships Application_Status 
  - Loan_Account_Number Payment_Status 
  - Payment_Date Order_Status 
  - Delivery_Date Approval_Flag 
  - Approved_By Is_Active 
  - Deactivation_Date Employment_Status 
  - Exit_Date Customer_Type 
  -> GST_Number Loan_Status 
  -> Disbursement_Date Product_Type 
  -> Product_Code Country 
  -> State Generate failed rows checks for these dependencies. 
  Examples If Application_Status = 'Disbursed', Loan_Account_Number must not be NULL
  Generate similar validations whenever one column logically controls another.

Return JSON with schema profile:
{
  "table_name": "derived from filename",
  "total_columns": number,
  "total_rows": number,
  "file_size_mb": number,
  "schema": [
    {
      "column": "exact name",
      "business_meaning": "what this represents",
      "data_type": "CORRECTED type (not just inferred)",
      "nullable": boolean,
      "null_count": number,
      "null_pct": number,
      "unique_count": number,
      "validation_rule": "rule to enforce",
      "sample_values": ["val1", "val2", "val3"],
      "categorical_values": ["val1", "val2"] or [],
      "value_distribution": {"val1": 800, "val2": 450} or {}
    }
  ],
  "key_columns": ["col1", "col2", "col3"],
  "critical_data": [
    {
      "column": "column_name",
      "severity": "HIGH" or "MEDIUM",
      "concern": "Specific issue found",
      "impact": "Business/data quality impact"
    }
  ],
  "quality_concerns": ["Specific concern with details"],
  "recommended_indexes": [
    {
      "column": "applicantid",
      "index_type": "B-Tree",
      "reason": "Primary key — enables fast lookups and join operations"
    }
  ],
  "data_completeness_pct": number (average of non-null percentages)
}

2026-07-02 20:26:19 | INFO    | bedrock_client | [bedrock] invoke_model network+generation time: 29.726s
2026-07-02 20:26:19 | INFO    | bedrock_client | [bedrock] response body read+json.loads: 0.000s
2026-07-02 20:26:19 | INFO    | bedrock_client | bedrock call | input_tokens=5284 output_tokens=4142 total=9426 session_total=9426 requests=1
2026-07-02 20:26:19 | INFO    | bedrock_client | [ask_json] ask() total (network+generation+read): 29.727s
2026-07-02 20:26:19 | INFO    | bedrock_client | [ask_json] cleanup + json.loads parse: 0.001s
2026-07-02 20:26:19 | INFO    | app | [poc1] STEP 4 - ask_json (Bedrock call, incl. JSON parse): 29.728s
2026-07-02 20:26:19 | INFO    | app | [poc1] STEP 5 - save_versioned: 0.002s
2026-07-02 20:26:19 | INFO    | app | [poc1] STEP 6 - contract write: 0.000s | new_contract=False
2026-07-02 20:26:19 | INFO    | app | [poc1] TOTAL route time: 29.871s
2026-07-02 20:33:55 | WARNING | werkzeug |  * Debugger is active!
2026-07-02 20:33:56 | WARNING | werkzeug |  * Debugger is active!
2026-07-02 20:34:49 | WARNING | werkzeug |  * Debugger is active!
2026-07-02 20:34:50 | WARNING | werkzeug |  * Debugger is active!
2026-07-02 20:35:18 | WARNING | werkzeug |  * Debugger is active!
2026-07-02 20:35:26 | INFO    | app | upload streamed to disk in 0.02s | file=application.csv
2026-07-02 20:35:26 | INFO    | app | DuckDB ingest completed in 0.28s | table=tbl_application_csv
2026-07-02 20:35:36 | INFO    | app | [poc1] STEP 1 - getsize: 0.000s
2026-07-02 20:35:37 | INFO    | app | [poc1] STEP 2 - get_full_metadata_for_ai (DuckDB): 0.138s
2026-07-02 20:35:37 | INFO    | app | [poc1] STEP 3 - build_schema_discovery_prompt: 0.000s | prompt_chars=15253
2026-07-02 20:35:37 | INFO    | app | [poc1] USER PROMPT:
CSV METADATA (JSON):
{"schema":{"applicationid":"BIGINT","createddt":"TIMESTAMP","applicantid":"BIGINT","productcd":"VARCHAR","appstatus":"VARCHAR","lan":"VARCHAR","isactive":"BOOLEAN","last_updated_dt":"TIMESTAMP","created_date":"DATE","is_active":"BOOLEAN","file_name":"VARCHAR"},"column_statistics":[{"name":"applicationid","type":"BIGINT","null_count":0,"null_pct":0.0,"distinct_count":63228,"min":"1","max":"71123"},{"name":"createddt","type":"TIMESTAMP","null_count":0,"null_pct":0.0,"distinct_count":69841,"min":"2024-05-25 14:14:15","max":"2026-04-26 14:06:28"},{"name":"applicantid","type":"BIGINT","null_count":0,"null_pct":0.0,"distinct_count":43184,"min":"1","max":"46973"},{"name":"productcd","type":"VARCHAR","null_count":0,"null_pct":0.0,"distinct_count":3,"min":"BL","max":"PL","value_counts":{"PL":23774,"BL":23703,"HL":23646}},{"name":"appstatus","type":"VARCHAR","null_count":0,"null_pct":0.0,"distinct_count":5,"min":"AIP","max":"disbursed","value_counts":{"created":17671,"disbursed":14336,"AIP":14230,"approved":14217,"cancelled":10669}},{"name":"lan","type":"VARCHAR","null_count":56785,"null_pct":79.84,"distinct_count":14905,"min":"LAN2026000000000001","max":"LAN2026000000071123"},{"name":"isactive","type":"BOOLEAN","null_count":0,"null_pct":0.0,"distinct_count":2,"min":"false","max":"true","value_counts":{"True":53254,"False":17869}},{"name":"last_updated_dt","type":"TIMESTAMP","null_count":0,"null_pct":0.0,"distinct_count":56735,"min":"2024-05-26 23:10:11","max":"2026-07-25 11:27:50"},{"name":"created_date","type":"DATE","null_count":0,"null_pct":0.0,"distinct_count":1,"min":"2026-07-02","max":"2026-07-02","value_counts":{"2026-07-02":71123}},{"name":"is_active","type":"BOOLEAN","null_count":0,"null_pct":0.0,"distinct_count":1,"min":"true","max":"true","value_counts":{"True":71123}},{"name":"file_name","type":"VARCHAR","null_count":0,"null_pct":0.0,"distinct_count":1,"min":"application.csv","max":"application.csv","value_counts":{"application.csv":71123}}],"sample_rows":[{"applicationid":3468,"createddt":"2024-11-08 17:24:55","applicantid":3468,"productcd":"PL","appstatus":"disbursed","lan":"LAN2026000000003468","isactive":true,"last_updated_dt":"2024-11-24 13:24:55","created_date":"2026-07-02","is_active":true,"file_name":"application.csv"},{"applicationid":4788,"createddt":"2024-08-02 02:37:06","applicantid":4788,"productcd":"HL","appstatus":"cancelled","lan":null,"isactive":true,"last_updated_dt":"2024-10-15 20:37:06","created_date":"2026-07-02","is_active":true,"file_name":"application.csv"},{"applicationid":4994,"createddt":"2024-12-16 22:20:54","applicantid":4994,"productcd":"BL","appstatus":"created","lan":null,"isactive":true,"last_updated_dt":"2024-12-27 03:20:54","created_date":"2026-07-02","is_active":true,"file_name":"application.csv"},{"applicationid":6256,"createddt":"2024-06-11 13:11:27","applicantid":6256,"productcd":"HL","appstatus":"created","lan":null,"isactive":true,"last_updated_dt":"2024-08-13 22:11:27","created_date":"2026-07-02","is_active":true,"file_name":"application.csv"},{"applicationid":9545,"createddt":"2024-10-12 11:59:44","applicantid":9545,"productcd":"BL","appstatus":"AIP","lan":null,"isactive":true,"last_updated_dt":"2024-10-31 20:59:44","created_date":"2026-07-02","is_active":true,"file_name":"application.csv"},{"applicationid":11544,"createddt":"2024-10-10 12:57:07","applicantid":11544,"productcd":"PL","appstatus":"created","lan":null,"isactive":true,"last_updated_dt":"2024-10-15 00:57:07","created_date":"2026-07-02","is_active":true,"file_name":"application.csv"},{"applicationid":14794,"createddt":"2025-04-05 07:12:54","applicantid":14794,"productcd":"BL","appstatus":"created","lan":null,"isactive":true,"last_updated_dt":"2025-05-14 14:12:54","created_date":"2026-07-02","is_active":true,"file_name":"application.csv"},{"applicationid":15149,"createddt":"2024-07-14 05:26:35","applicantid":15149,"productcd":"PL","appstatus":"created","lan":null,"isactive":false,"last_updated_dt":"2024-10-11 21:26:35","created_date":"2026-07-02","is_active":true,"file_name":"application.csv"},{"applicationid":18317,"createddt":"2024-09-05 00:52:39","applicantid":18317,"productcd":"HL","appstatus":"disbursed","lan":"LAN2026000000018317","isactive":true,"last_updated_dt":"2024-11-27 19:52:39","created_date":"2026-07-02","is_active":true,"file_name":"application.csv"},{"applicationid":23889,"createddt":"2025-10-28 17:20:00","applicantid":23889,"productcd":"HL","appstatus":"disbursed","lan":"LAN2026000000023889","isactive":true,"last_updated_dt":"2026-01-11 11:20:00","created_date":"2026-07-02","is_active":true,"file_name":"application.csv"},{"applicationid":24209,"createddt":"2025-03-05 17:14:28","applicantid":24209,"productcd":"BL","appstatus":"AIP","lan":null,"isactive":true,"last_updated_dt":"2025-04-03 21:14:28","created_date":"2026-07-02","is_active":true,"file_name":"application.csv"},{"applicationid":29855,"createddt":"2024-10-27 02:08:05","applicantid":29855,"productcd":"PL","appstatus":"approved","lan":null,"isactive":false,"last_updated_dt":"2025-01-10 05:08:05","created_date":"2026-07-02","is_active":true,"file_name":"application.csv"},{"applicationid":30992,"createddt":"2026-02-15 07:57:11","applicantid":30992,"productcd":"PL","appstatus":"disbursed","lan":"LAN2026000000030992","isactive":true,"last_updated_dt":"2026-02-23 18:57:11","created_date":"2026-07-02","is_active":true,"file_name":"application.csv"},{"applicationid":32781,"createddt":"2024-10-30 15:05:46","applicantid":32781,"productcd":"BL","appstatus":"disbursed","lan":"LAN2026000000032781","isactive":true,"last_updated_dt":"2024-11-13 10:05:46","created_date":"2026-07-02","is_active":true,"file_name":"application.csv"},{"applicationid":35213,"createddt":"2026-04-02 11:44:49","applicantid":35213,"productcd":"HL","appstatus":"approved","lan":null,"isactive":true,"last_updated_dt":"2026-06-20 09:44:49","created_date":"2026-07-02","is_active":true,"file_name":"application.csv"},{"applicationid":38647,"createddt":"2025-04-04 18:12:31","applicantid":38647,"productcd":"HL","appstatus":"approved","lan":null,"isactive":false,"last_updated_dt":"2025-05-28 06:12:31","created_date":"2026-07-02","is_active":true,"file_name":"application.csv"},{"applicationid":40558,"createddt":"2026-03-09 09:02:23","applicantid":40558,"productcd":"HL","appstatus":"created","lan":null,"isactive":true,"last_updated_dt":"2026-03-12 18:02:23","created_date":"2026-07-02","is_active":true,"file_name":"application.csv"},{"applicationid":42495,"createddt":"2025-06-08 21:07:42","applicantid":42495,"productcd":"BL","appstatus":"AIP","lan":null,"isactive":false,"last_updated_dt":"2025-07-08 23:07:42","created_date":"2026-07-02","is_active":true,"file_name":"application.csv"},{"applicationid":43944,"createddt":"2024-08-06 11:41:50","applicantid":43944,"productcd":"BL","appstatus":"created","lan":null,"isactive":true,"last_updated_dt":"2024-11-04 18:41:50","created_date":"2026-07-02","is_active":true,"file_name":"application.csv"},{"applicationid":49271,"createddt":"2024-09-09 03:29:37","applicantid":2298,"productcd":"HL","appstatus":"disbursed","lan":"LAN2026000000049271","isactive":true,"last_updated_dt":"2024-10-04 16:29:37","created_date":"2026-07-02","is_active":true,"file_name":"application.csv"},{"applicationid":52395,"createddt":"2025-12-31 02:24:39","applicantid":5422,"productcd":"PL","appstatus":"created","lan":null,"isactive":true,"last_updated_dt":"2026-02-27 16:24:39","created_date":"2026-07-02","is_active":true,"file_name":"application.csv"},{"applicationid":54279,"createddt":"2024-06-05 01:36:23","applicantid":7306,"productcd":"BL","appstatus":"AIP","lan":null,"isactive":true,"last_updated_dt":"2024-06-05 15:36:23","created_date":"2026-07-02","is_active":true,"file_name":"application.csv"},{"applicationid":55444,"createddt":"2025-12-17 02:44:45","applicantid":8471,"productcd":"BL","appstatus":"created","lan":null,"isactive":true,"last_updated_dt":"2026-01-15 14:44:45","created_date":"2026-07-02","is_active":true,"file_name":"application.csv"},{"applicationid":57488,"createddt":"2025-05-13 15:38:52","applicantid":10515,"productcd":"HL","appstatus":"approved","lan":null,"isactive":true,"last_updated_dt":"2025-06-01 07:38:52","created_date":"2026-07-02","is_active":true,"file_name":"application.csv"},{"applicationid":61065,"createddt":"2024-10-05 03:17:54","applicantid":14092,"productcd":"PL","appstatus":"disbursed","lan":"LAN2026000000061065","isactive":false,"last_updated_dt":"2024-11-29 12:17:54","created_date":"2026-07-02","is_active":true,"file_name":"application.csv"},{"applicationid":62987,"createddt":"2025-04-29 06:13:21","applicantid":16014,"productcd":"PL","appstatus":"AIP","lan":null,"isactive":false,"last_updated_dt":"2025-07-26 11:13:21","created_date":"2026-07-02","is_active":true,"file_name":"application.csv"},{"applicationid":65271,"createddt":"2024-07-05 18:24:13","applicantid":18298,"productcd":"HL","appstatus":"disbursed","lan":"LAN2026000000065271","isactive":true,"last_updated_dt":"2024-08-30 01:24:13","created_date":"2026-07-02","is_active":true,"file_name":"application.csv"},{"applicationid":67453,"createddt":"2025-11-25 11:24:20","applicantid":20480,"productcd":"BL","appstatus":"approved","lan":null,"isactive":true,"last_updated_dt":"2025-12-03 14:24:20","created_date":"2026-07-02","is_active":true,"file_name":"application.csv"},{"applicationid":67926,"createddt":"2026-03-01 02:13:05","applicantid":20953,"productcd":"BL","appstatus":"created","lan":null,"isactive":true,"last_updated_dt":"2026-04-18 23:13:05","created_date":"2026-07-02","is_active":true,"file_name":"application.csv"},{"applicationid":70557,"createddt":"2025-02-17 01:29:16","applicantid":23584,"productcd":"HL","appstatus":"AIP","lan":null,"isactive":false,"last_updated_dt":"2025-03-21 02:29:16","created_date":"2026-07-02","is_active":true,"file_name":"application.csv"}]}

ANALYSIS STEPS:

STEP 1 — VERIFY TYPES
  Review the schema and sample_rows in the JSON below.
  If samples show different types than schema, correct it.
  Example: schema says Int64, but samples show ["25", "N/A"] → correct to Utf8/String

STEP 2 — UNDERSTAND BUSINESS MEANING
  Based on column name and sample values, what does this column represent?
  Example: "date_of_birth" + samples ["1990-05-15", "2000-01-20"] → "Customer birth date"

STEP 3 — DATA QUALITY ASSESSMENT
  Look at null counts, distinct counts, ranges in column_statistics.
  For low-cardinality columns, review value_counts to understand the
  full distribution of categories — not just which values exist, but
  how common each one is. Flag class imbalance (e.g. one value covering
  >95% of rows), unexpectedly rare values that might be data entry
  errors, or values outside the expected set.
  Example: loan_type value_counts = {"PL": 800, "HL": 450, "BL": 90, "XYZ": 2}
  → "XYZ" appearing only twice is likely a data entry error, flag it.

STEP 4 — IDENTIFY KEY COLUMNS
  Which 3-5 columns are most critical for quality analysis?
  Usually: IDs, dates, amounts, status fields

STEP 5 — IDENTIFY CRITICAL DATA POINTS
  Which columns have:
  - Data quality issues (high nulls, duplicates, inconsistent formats, class imbalance)?
  - Security concerns (sensitive data, PII)?
  - Business impact (revenue, transaction amounts, customer status)?
  - Format issues (mixed date formats, invalid values)?
  These are CRITICAL and must be flagged.

STEP 6 — RECOMMEND INDEXES
  Which columns should be indexed for fast queries?
  Think about:
  - Primary keys / IDs (always index)
  - Date fields used in WHERE/JOIN (always index)
  - Status/category fields with filtering (index if low-cardinality)
  - Foreign keys / relationships (always index)
  - High-cardinality fields unlikely to be filtered (skip)

  For each recommendation, explain WHY it should be indexed.

  Examples of good reasons:
  - "Primary key — fast lookups and joins"
  - "Frequently filtered in WHERE clauses"
  - "Date range queries for reports"
  - "Join condition with other tables"
  - "Sorts and aggregations on this column"
  - "Low-cardinality status field — improves filter selectivity"
  
STEP 7 - Conditional / Dependency Checks (Column-Controlled Mandatory Fields) 
  Identify situations where the value of one column determines whether another column should or should not contain data. 
  Examples of controlling relationships Application_Status 
  - Loan_Account_Number Payment_Status 
  - Payment_Date Order_Status 
  - Delivery_Date Approval_Flag 
  - Approved_By Is_Active 
  - Deactivation_Date Employment_Status 
  - Exit_Date Customer_Type 
  -> GST_Number Loan_Status 
  -> Disbursement_Date Product_Type 
  -> Product_Code Country 
  -> State Generate failed rows checks for these dependencies. 
  Examples If Application_Status = 'Disbursed', Loan_Account_Number must not be NULL
  Generate similar validations whenever one column logically controls another.

Return JSON with schema profile:
{
  "table_name": "derived from filename",
  "total_columns": number,
  "total_rows": number,
  "file_size_mb": number,
  "schema": [
    {
      "column": "exact name",
      "business_meaning": "what this represents",
      "data_type": "CORRECTED type (not just inferred)",
      "nullable": boolean,
      "null_count": number,
      "null_pct": number,
      "unique_count": number,
      "validation_rule": "rule to enforce",
      "sample_values": ["val1", "val2", "val3"],
      "categorical_values": ["val1", "val2"] or [],
      "value_distribution": {"val1": 800, "val2": 450} or {}
    }
  ],
  "key_columns": ["col1", "col2", "col3"],
  "critical_data": [
    {
      "column": "column_name",
      "severity": "HIGH" or "MEDIUM",
      "concern": "Specific issue found",
      "impact": "Business/data quality impact"
    }
  ],
  "quality_concerns": ["Specific concern with details"],
  "recommended_indexes": [
    {
      "column": "applicantid",
      "index_type": "B-Tree",
      "reason": "Primary key — enables fast lookups and join operations"
    }
  ],
  "data_completeness_pct": number (average of non-null percentages)
}

2026-07-02 20:36:09 | INFO    | bedrock_client | [bedrock] invoke_model network+generation time: 32.108s
2026-07-02 20:36:09 | INFO    | bedrock_client | [bedrock] response body read+json.loads: 0.002s
2026-07-02 20:36:09 | INFO    | bedrock_client | bedrock call | input_tokens=5266 output_tokens=4410 total=9676 session_total=9676 requests=1
2026-07-02 20:36:09 | INFO    | bedrock_client | [ask_json] ask() total (network+generation+read): 32.112s
2026-07-02 20:36:09 | INFO    | bedrock_client | [ask_json] cleanup + json.loads parse: 0.001s
2026-07-02 20:36:09 | INFO    | app | [poc1] STEP 4 - ask_json (Bedrock call, incl. JSON parse): 32.113s
2026-07-02 20:36:09 | INFO    | app | [poc1] STEP 5 - save_versioned: 0.003s
2026-07-02 20:36:09 | INFO    | app | [poc1] STEP 6 - contract write: 0.000s | new_contract=False
2026-07-02 20:36:09 | INFO    | app | [poc1] TOTAL route time: 32.255s
2026-07-02 20:36:42 | INFO    | app | SODA YAML Prompt (first 500 chars):
RULE GENERATION PRIORITY

DO NOT use: failed rows, fail query, alert, warn, valid_format, regex
ONLY use: row_count, missing_count, duplicate_count, min(), max(), invalid_count

1. TABLE LEVEL CHECKS
Always include checks for <table_name>:
  - row_count > 0
If expected row count is known, generate an appropriate threshold.

2. MISSING VALUE CHECKS
Use actual metadata.
If nullable = false → Generate missing_count(column) = 0
If nullable=true → Use observed null count with reasonable tolerance
Alw
2026-07-02 20:36:50 | INFO    | bedrock_client | [bedrock] invoke_model network+generation time: 7.541s
2026-07-02 20:36:50 | INFO    | bedrock_client | [bedrock] response body read+json.loads: 0.000s
2026-07-02 20:36:50 | INFO    | bedrock_client | bedrock call | input_tokens=6351 output_tokens=1232 total=7583 session_total=17259 requests=2
2026-07-02 20:39:14 | INFO    | app | upload streamed to disk in 0.01s | file=applicant.csv
2026-07-02 20:39:15 | INFO    | app | DuckDB ingest completed in 0.35s | table=tbl_applicant_csv
2026-07-02 20:39:18 | INFO    | app | [poc1] STEP 1 - getsize: 0.000s
2026-07-02 20:39:18 | INFO    | app | [poc1] STEP 2 - get_full_metadata_for_ai (DuckDB): 0.123s
2026-07-02 20:39:18 | INFO    | app | [poc1] STEP 3 - build_schema_discovery_prompt: 0.000s | prompt_chars=18766
2026-07-02 20:39:18 | INFO    | app | [poc1] USER PROMPT:
CSV METADATA (JSON):
{"schema":{"applicantid":"BIGINT","applicant_first_name":"VARCHAR","applicant_middle_name":"VARCHAR","applicant_last_name":"VARCHAR","mobile":"BIGINT","dob":"DATE","pan":"VARCHAR","employment":"VARCHAR","isactive":"BOOLEAN","createddt":"TIMESTAMP","last_updated_dt":"TIMESTAMP","created_date":"DATE","is_active":"BOOLEAN","file_name":"VARCHAR"},"column_statistics":[{"name":"applicantid","type":"BIGINT","null_count":0,"null_pct":0.0,"distinct_count":43184,"min":"1","max":"46973"},{"name":"applicant_first_name","type":"VARCHAR","null_count":0,"null_pct":0.0,"distinct_count":30,"min":"Aadhya","max":"Vivaan"},{"name":"applicant_middle_name","type":"VARCHAR","null_count":3086,"null_pct":6.57,"distinct_count":16,"min":"Anil","max":"Vijay","value_counts":{"Mohan":3209,"Vijay":3187,"Prakash":3185,"Devi":3171,"Ramesh":3165,"Ashok":3132,"Laxmi":3130,"Suresh":3127,"Sunil":3115,"Madhav":3107,"Dilip":3104,"Anil":3092,"Kumar":3089,"Raj":3073}},{"name":"applicant_last_name","type":"VARCHAR","null_count":0,"null_pct":0.0,"distinct_count":22,"min":"Agarwal","max":"Yadav"},{"name":"mobile","type":"BIGINT","null_count":0,"null_pct":0.0,"distinct_count":47799,"min":"6000007919","max":"6371979187"},{"name":"dob","type":"DATE","null_count":0,"null_pct":0.0,"distinct_count":12957,"min":"1960-01-01","max":"2004-12-31"},{"name":"pan","type":"VARCHAR","null_count":0,"null_pct":0.0,"distinct_count":48695,"min":"AAAOC1786K","max":"ZZZYF5487H"},{"name":"employment","type":"VARCHAR","null_count":0,"null_pct":0.0,"distinct_count":3,"min":"business","max":"salaried","value_counts":{"salaried":15669,"business":15663,"doctor":15641}},{"name":"isactive","type":"BOOLEAN","null_count":0,"null_pct":0.0,"distinct_count":2,"min":"false","max":"true","value_counts":{"True":35259,"False":11714}},{"name":"createddt","type":"TIMESTAMP","null_count":0,"null_pct":0.0,"distinct_count":41296,"min":"2023-11-07 14:13:05","max":"2026-04-26 13:48:08"},{"name":"last_updated_dt","type":"TIMESTAMP","null_count":0,"null_pct":0.0,"distinct_count":44975,"min":"2023-11-08 17:59:55","max":"2026-08-23 15:06:15"},{"name":"created_date","type":"DATE","null_count":0,"null_pct":0.0,"distinct_count":1,"min":"2026-07-02","max":"2026-07-02","value_counts":{"2026-07-02":46973}},{"name":"is_active","type":"BOOLEAN","null_count":0,"null_pct":0.0,"distinct_count":1,"min":"true","max":"true","value_counts":{"True":46973}},{"name":"file_name","type":"VARCHAR","null_count":0,"null_pct":0.0,"distinct_count":1,"min":"applicant.csv","max":"applicant.csv","value_counts":{"applicant.csv":46973}}],"sample_rows":[{"applicantid":182,"applicant_first_name":"Ishaan","applicant_middle_name":"Suresh","applicant_last_name":"Pawar","mobile":6001441258,"dob":"1978-01-07","pan":"MEKIT0182U","employment":"business","isactive":true,"createddt":"2025-02-09 14:26:57","last_updated_dt":"2025-04-26 18:26:57","created_date":"2026-07-02","is_active":true,"file_name":"applicant.csv"},{"applicantid":1631,"applicant_first_name":"Rahul","applicant_middle_name":"Prakash","applicant_last_name":"Agarwal","mobile":6012915889,"dob":"1996-01-07","pan":"RLKFV1631Y","employment":"salaried","isactive":false,"createddt":"2024-07-01 17:43:34","last_updated_dt":"2024-08-25 15:43:34","created_date":"2026-07-02","is_active":true,"file_name":"applicant.csv"},{"applicantid":1642,"applicant_first_name":"Avni","applicant_middle_name":"Devi","applicant_last_name":"Sharma","mobile":6013002998,"dob":"1997-12-12","pan":"YRSWK1642D","employment":"salaried","isactive":false,"createddt":"2024-07-19 04:07:05","last_updated_dt":"2024-07-30 06:07:05","created_date":"2026-07-02","is_active":true,"file_name":"applicant.csv"},{"applicantid":5529,"applicant_first_name":"Muhammad","applicant_middle_name":"Dilip","applicant_last_name":"Mishra","mobile":6043784151,"dob":"1982-08-07","pan":"MMRIQ5529B","employment":"business","isactive":true,"createddt":"2023-11-25 13:18:24","last_updated_dt":"2024-01-24 15:18:24","created_date":"2026-07-02","is_active":true,"file_name":"applicant.csv"},{"applicantid":8034,"applicant_first_name":"Muhammad","applicant_middle_name":"Suresh","applicant_last_name":"Iyer","mobile":6063621246,"dob":"1970-03-04","pan":"CKRDF8034U","employment":"doctor","isactive":false,"createddt":"2024-07-18 09:29:01","last_updated_dt":"2024-08-25 02:29:01","created_date":"2026-07-02","is_active":true,"file_name":"applicant.csv"},{"applicantid":8393,"applicant_first_name":"Saanvi","applicant_middle_name":"Mohan","applicant_last_name":"Chopra","mobile":6066464167,"dob":"1998-01-22","pan":"QOUZL8393S","employment":"salaried","isactive":true,"createddt":"2026-04-25 17:42:36","last_updated_dt":"2026-08-20 23:42:36","created_date":"2026-07-02","is_active":true,"file_name":"applicant.csv"},{"applicantid":9668,"applicant_first_name":"Diya","applicant_middle_name":"Vijay","applicant_last_name":"Pawar","mobile":6076560892,"dob":"1976-12-22","pan":"RTCXS9668Y","employment":"doctor","isactive":true,"createddt":"2026-03-21 17:53:41","last_updated_dt":"2026-05-22 14:53:41","created_date":"2026-07-02","is_active":true,"file_name":"applicant.csv"},{"applicantid":10576,"applicant_first_name":"Aditya","applicant_middle_name":"Mohan","applicant_last_name":"Mishra","mobile":6083751344,"dob":"1975-07-10","pan":"HNYEC0576T","employment":"business","isactive":false,"createddt":"2024-07-26 16:52:09","last_updated_dt":"2024-08-29 10:52:09","created_date":"2026-07-02","is_active":true,"file_name":"applicant.csv"},{"applicantid":12348,"applicant_first_name":"Sai","applicant_middle_name":"Dilip","applicant_last_name":"Bajaj","mobile":6097783812,"dob":"1994-07-10","pan":"JBDQH2348L","employment":"business","isactive":true,"createddt":"2024-07-19 00:30:38","last_updated_dt":"2024-11-13 12:30:38","created_date":"2026-07-02","is_active":true,"file_name":"applicant.csv"},{"applicantid":12582,"applicant_first_name":"Neha","applicant_middle_name":"Laxmi","applicant_last_name":"Iyer","mobile":6099636858,"dob":"1964-07-31","pan":"XQSOQ2582D","employment":"salaried","isactive":true,"createddt":"2024-06-13 03:30:38","last_updated_dt":"2024-10-07 19:30:38","created_date":"2026-07-02","is_active":true,"file_name":"applicant.csv"},{"applicantid":14545,"applicant_first_name":"Ishaan","applicant_middle_name":"Mohan","applicant_last_name":"Nair","mobile":6115181855,"dob":"1971-08-14","pan":"OKAXE4545X","employment":"salaried","isactive":true,"createddt":"2024-01-11 03:47:29","last_updated_dt":"2024-02-09 20:47:29","created_date":"2026-07-02","is_active":true,"file_name":"applicant.csv"},{"applicantid":18724,"applicant_first_name":"Rahul","applicant_middle_name":"Prakash","applicant_last_name":"Deshmukh","mobile":6148275356,"dob":"2001-02-10","pan":"TJBZO8724D","employment":"business","isactive":true,"createddt":"2025-08-25 04:51:21","last_updated_dt":"2025-11-26 13:51:21","created_date":"2026-07-02","is_active":true,"file_name":"applicant.csv"},{"applicantid":20298,"applicant_first_name":"Pooja","applicant_middle_name":null,"applicant_last_name":"Deshmukh","mobile":6160739862,"dob":"2002-08-03","pan":"DBMVY0298D","employment":"doctor","isactive":true,"createddt":"2024-10-13 09:19:10","last_updated_dt":"2024-10-20 22:19:10","created_date":"2026-07-02","is_active":true,"file_name":"applicant.csv"},{"applicantid":20656,"applicant_first_name":"Rohan","applicant_middle_name":"Laxmi","applicant_last_name":"Verma","mobile":6163574864,"dob":"1983-09-28","pan":"BWIMK0656K","employment":"salaried","isactive":true,"createddt":"2026-02-22 10:27:38","last_updated_dt":"2026-02-27 06:27:38","created_date":"2026-07-02","is_active":true,"file_name":"applicant.csv"},{"applicantid":22879,"applicant_first_name":"Myra","applicant_middle_name":null,"applicant_last_name":"Sharma","mobile":6181178801,"dob":"1984-02-14","pan":"OTPFJ2879B","employment":"salaried","isactive":true,"createddt":"2025-08-04 19:20:45","last_updated_dt":"2025-08-29 21:20:45","created_date":"2026-07-02","is_active":true,"file_name":"applicant.csv"},{"applicantid":24186,"applicant_first_name":"Muhammad","applicant_middle_name":"Madhav","applicant_last_name":"Jain","mobile":6191528934,"dob":"1990-01-13","pan":"GTLDN4186F","employment":"business","isactive":false,"createddt":"2026-01-05 06:07:40","last_updated_dt":"2026-02-26 04:07:40","created_date":"2026-07-02","is_active":true,"file_name":"applicant.csv"},{"applicantid":26888,"applicant_first_name":"Rahul","applicant_middle_name":"Mohan","applicant_last_name":"Mehta","mobile":6212926072,"dob":"1977-02-09","pan":"NWGYS6888G","employment":"doctor","isactive":true,"createddt":"2025-04-26 17:36:15","last_updated_dt":"2025-08-12 04:36:15","created_date":"2026-07-02","is_active":true,"file_name":"applicant.csv"},{"applicantid":30345,"applicant_first_name":"Aadhya","applicant_middle_name":"Laxmi","applicant_last_name":"Kulkarni","mobile":6240302055,"dob":"1978-10-31","pan":"HLSKR0345D","employment":"doctor","isactive":false,"createddt":"2025-08-10 17:27:28","last_updated_dt":"2025-09-29 04:27:28","created_date":"2026-07-02","is_active":true,"file_name":"applicant.csv"},{"applicantid":32388,"applicant_first_name":"Ishaan","applicant_middle_name":"Madhav","applicant_last_name":"Mishra","mobile":6256480572,"dob":"1970-03-19","pan":"ZYCKP2388F","employment":"business","isactive":true,"createddt":"2025-05-28 08:11:05","last_updated_dt":"2025-08-08 22:11:05","created_date":"2026-07-02","is_active":true,"file_name":"applicant.csv"},{"applicantid":32695,"applicant_first_name":"Aarav","applicant_middle_name":"Prakash","applicant_last_name":"Bajaj","mobile":6258911705,"dob":"1964-02-25","pan":"EKVAD2695E","employment":"salaried","isactive":true,"createddt":"2025-03-07 05:58:40","last_updated_dt":"2025-05-22 21:58:40","created_date":"2026-07-02","is_active":true,"file_name":"applicant.csv"},{"applicantid":32993,"applicant_first_name":"Krishna","applicant_middle_name":"Prakash","applicant_last_name":"Agarwal","mobile":6261271567,"dob":"1980-11-15","pan":"KZZBZ2993T","employment":"business","isactive":false,"createddt":"2024-05-28 23:08:10","last_updated_dt":"2024-09-16 06:08:10","created_date":"2026-07-02","is_active":true,"file_name":"applicant.csv"},{"applicantid":33374,"applicant_first_name":"Anika","applicant_middle_name":"Suresh","applicant_last_name":"Pawar","mobile":6264288706,"dob":"1971-06-15","pan":"JTBRU3374G","employment":"salaried","isactive":true,"createddt":"2024-08-17 20:55:51","last_updated_dt":"2024-09-05 06:55:51","created_date":"2026-07-02","is_active":true,"file_name":"applicant.csv"},{"applicantid":34869,"applicant_first_name":"Sneha","applicant_middle_name":"Laxmi","applicant_last_name":"Gupta","mobile":6276127611,"dob":"1987-10-20","pan":"WNACN4869E","employment":"doctor","isactive":true,"createddt":"2024-10-28 22:28:43","last_updated_dt":"2025-02-17 16:28:43","created_date":"2026-07-02","is_active":true,"file_name":"applicant.csv"},{"applicantid":36372,"applicant_first_name":"Reyansh","applicant_middle_name":"Prakash","applicant_last_name":"Mishra","mobile":6288029868,"dob":"1990-05-08","pan":"YWXCF6372Z","employment":"salaried","isactive":true,"createddt":"2024-09-03 12:58:18","last_updated_dt":"2024-12-18 14:58:18","created_date":"2026-07-02","is_active":true,"file_name":"applicant.csv"},{"applicantid":38169,"applicant_first_name":"Diya","applicant_middle_name":"Vijay","applicant_last_name":"Sharma","mobile":6302260311,"dob":"1987-03-05","pan":"LNFOZ8169F","employment":"salaried","isactive":true,"createddt":"2025-11-24 02:51:05","last_updated_dt":"2025-12-23 02:51:05","created_date":"2026-07-02","is_active":true,"file_name":"applicant.csv"},{"applicantid":40142,"applicant_first_name":"Ishaan","applicant_middle_name":"Vijay","applicant_last_name":"Iyer","mobile":6317884498,"dob":"1962-02-09","pan":"PQBFP0142Q","employment":"business","isactive":true,"createddt":"2024-08-09 11:41:17","last_updated_dt":"2024-11-10 15:41:17","created_date":"2026-07-02","is_active":true,"file_name":"applicant.csv"},{"applicantid":40166,"applicant_first_name":"Aditya","applicant_middle_name":"Suresh","applicant_last_name":"Verma","mobile":6318074554,"dob":"1989-08-07","pan":"MHUVU0166Z","employment":"salaried","isactive":false,"createddt":"2024-06-10 00:43:49","last_updated_dt":"2024-06-12 17:43:49","created_date":"2026-07-02","is_active":true,"file_name":"applicant.csv"},{"applicantid":41374,"applicant_first_name":"Rahul","applicant_middle_name":"Dilip","applicant_last_name":"Mishra","mobile":6327640706,"dob":"1992-03-08","pan":"COOYR1374J","employment":"salaried","isactive":true,"createddt":"2025-06-29 22:28:34","last_updated_dt":"2025-07-08 19:28:34","created_date":"2026-07-02","is_active":true,"file_name":"applicant.csv"},{"applicantid":43423,"applicant_first_name":"Anaya","applicant_middle_name":"Prakash","applicant_last_name":"Singh","mobile":6343866737,"dob":"2001-03-05","pan":"AGCOD3423I","employment":"salaried","isactive":false,"createddt":"2024-02-23 00:40:16","last_updated_dt":"2024-04-22 00:40:16","created_date":"2026-07-02","is_active":true,"file_name":"applicant.csv"},{"applicantid":45673,"applicant_first_name":"Krishna","applicant_middle_name":null,"applicant_last_name":"Mehta","mobile":6361684487,"dob":"1962-03-17","pan":"TNSWY5673C","employment":"salaried","isactive":true,"createddt":"2025-08-04 12:41:37","last_updated_dt":"2025-10-08 04:41:37","created_date":"2026-07-02","is_active":true,"file_name":"applicant.csv"}]}

ANALYSIS STEPS:

STEP 1 — VERIFY TYPES
  Review the schema and sample_rows in the JSON below.
  If samples show different types than schema, correct it.
  Example: schema says Int64, but samples show ["25", "N/A"] → correct to Utf8/String

STEP 2 — UNDERSTAND BUSINESS MEANING
  Based on column name and sample values, what does this column represent?
  Example: "date_of_birth" + samples ["1990-05-15", "2000-01-20"] → "Customer birth date"

STEP 3 — DATA QUALITY ASSESSMENT
  Look at null counts, distinct counts, ranges in column_statistics.
  For low-cardinality columns, review value_counts to understand the
  full distribution of categories — not just which values exist, but
  how common each one is. Flag class imbalance (e.g. one value covering
  >95% of rows), unexpectedly rare values that might be data entry
  errors, or values outside the expected set.
  Example: loan_type value_counts = {"PL": 800, "HL": 450, "BL": 90, "XYZ": 2}
  → "XYZ" appearing only twice is likely a data entry error, flag it.

STEP 4 — IDENTIFY KEY COLUMNS
  Which 3-5 columns are most critical for quality analysis?
  Usually: IDs, dates, amounts, status fields

STEP 5 — IDENTIFY CRITICAL DATA POINTS
  Which columns have:
  - Data quality issues (high nulls, duplicates, inconsistent formats, class imbalance)?
  - Security concerns (sensitive data, PII)?
  - Business impact (revenue, transaction amounts, customer status)?
  - Format issues (mixed date formats, invalid values)?
  These are CRITICAL and must be flagged.

STEP 6 — RECOMMEND INDEXES
  Which columns should be indexed for fast queries?
  Think about:
  - Primary keys / IDs (always index)
  - Date fields used in WHERE/JOIN (always index)
  - Status/category fields with filtering (index if low-cardinality)
  - Foreign keys / relationships (always index)
  - High-cardinality fields unlikely to be filtered (skip)

  For each recommendation, explain WHY it should be indexed.

  Examples of good reasons:
  - "Primary key — fast lookups and joins"
  - "Frequently filtered in WHERE clauses"
  - "Date range queries for reports"
  - "Join condition with other tables"
  - "Sorts and aggregations on this column"
  - "Low-cardinality status field — improves filter selectivity"
  
STEP 7 - Conditional / Dependency Checks (Column-Controlled Mandatory Fields) 
  Identify situations where the value of one column determines whether another column should or should not contain data. 
  Examples of controlling relationships Application_Status 
  - Loan_Account_Number Payment_Status 
  - Payment_Date Order_Status 
  - Delivery_Date Approval_Flag 
  - Approved_By Is_Active 
  - Deactivation_Date Employment_Status 
  - Exit_Date Customer_Type 
  -> GST_Number Loan_Status 
  -> Disbursement_Date Product_Type 
  -> Product_Code Country 
  -> State Generate failed rows checks for these dependencies. 
  Examples If Application_Status = 'Disbursed', Loan_Account_Number must not be NULL
  Generate similar validations whenever one column logically controls another.

Return JSON with schema profile:
{
  "table_name": "derived from filename",
  "total_columns": number,
  "total_rows": number,
  "file_size_mb": number,
  "schema": [
    {
      "column": "exact name",
      "business_meaning": "what this represents",
      "data_type": "CORRECTED type (not just inferred)",
      "nullable": boolean,
      "null_count": number,
      "null_pct": number,
      "unique_count": number,
      "validation_rule": "rule to enforce",
      "sample_values": ["val1", "val2", "val3"],
      "categorical_values": ["val1", "val2"] or [],
      "value_distribution": {"val1": 800, "val2": 450} or {}
    }
  ],
  "key_columns": ["col1", "col2", "col3"],
  "critical_data": [
    {
      "column": "column_name",
      "severity": "HIGH" or "MEDIUM",
      "concern": "Specific issue found",
      "impact": "Business/data quality impact"
    }
  ],
  "quality_concerns": ["Specific concern with details"],
  "recommended_indexes": [
    {
      "column": "applicantid",
      "index_type": "B-Tree",
      "reason": "Primary key — enables fast lookups and join operations"
    }
  ],
  "data_completeness_pct": number (average of non-null percentages)
}

2026-07-02 20:39:55 | INFO    | bedrock_client | [bedrock] invoke_model network+generation time: 37.015s
2026-07-02 20:39:55 | INFO    | bedrock_client | [bedrock] response body read+json.loads: 0.001s
2026-07-02 20:39:55 | INFO    | bedrock_client | bedrock call | input_tokens=6770 output_tokens=5347 total=12117 session_total=29376 requests=3
2026-07-02 20:39:55 | INFO    | bedrock_client | [ask_json] ask() total (network+generation+read): 37.018s
2026-07-02 20:39:55 | INFO    | bedrock_client | [ask_json] cleanup + json.loads parse: 0.001s
2026-07-02 20:39:55 | INFO    | app | [poc1] STEP 4 - ask_json (Bedrock call, incl. JSON parse): 37.019s
2026-07-02 20:39:55 | INFO    | app | [poc1] STEP 5 - save_versioned: 0.003s
2026-07-02 20:39:55 | INFO    | app | [poc1] STEP 6 - contract write: 0.000s | new_contract=False
2026-07-02 20:39:55 | INFO    | app | [poc1] TOTAL route time: 37.147s
2026-07-02 20:40:45 | INFO    | app | SODA YAML Prompt (first 500 chars):
RULE GENERATION PRIORITY

DO NOT use: failed rows, fail query, alert, warn, valid_format, regex
ONLY use: row_count, missing_count, duplicate_count, min(), max(), invalid_count

1. TABLE LEVEL CHECKS
Always include checks for <table_name>:
  - row_count > 0
If expected row count is known, generate an appropriate threshold.

2. MISSING VALUE CHECKS
Use actual metadata.
If nullable = false → Generate missing_count(column) = 0
If nullable=true → Use observed null count with reasonable tolerance
Alw
2026-07-02 20:40:56 | INFO    | bedrock_client | [bedrock] invoke_model network+generation time: 10.663s
2026-07-02 20:40:56 | INFO    | bedrock_client | [bedrock] response body read+json.loads: 0.001s
2026-07-02 20:40:56 | INFO    | bedrock_client | bedrock call | input_tokens=7286 output_tokens=1907 total=9193 session_total=38569 requests=4
2026-07-02 20:40:58 | ERROR   | app | Data quality check run (poc2) failed for dataset=applicant_csv: IO Error: Could not set lock on file "/Users/paragkadam/Downloads/AI_POC/poc_package/storage/ai_poc_dq.duckdb": Conflicting lock is held in /Applications/DBeaver.app/Contents/MacOS/dbeaver (PID 9797) by user paragkadam. See also https://duckdb.org/docs/stable/connect/concurrency
Traceback (most recent call last):
  File "/Users/paragkadam/Downloads/AI_POC/poc_package/app.py", line 341, in run_poc2
    result = run_soda_checks_from_yaml(DB_FILE, yaml_path, tbl)
             ^^^^^^^^^^^^^^^^^^^^^^^^^^^^^^^^^^^^^^^^^^^^^^^^^^
  File "/Users/paragkadam/Downloads/AI_POC/poc_package/engines/soda_executor.py", line 342, in run_soda_checks_from_yaml
    results = execute_checks(db_file, table_name, checks)
              ^^^^^^^^^^^^^^^^^^^^^^^^^^^^^^^^^^^^^^^^^^^
  File "/Users/paragkadam/Downloads/AI_POC/poc_package/engines/soda_executor.py", line 206, in execute_checks
    conn = duckdb.connect(db_file, read_only=True)
           ^^^^^^^^^^^^^^^^^^^^^^^^^^^^^^^^^^^^^^^
_duckdb.IOException: IO Error: Could not set lock on file "/Users/paragkadam/Downloads/AI_POC/poc_package/storage/ai_poc_dq.duckdb": Conflicting lock is held in /Applications/DBeaver.app/Contents/MacOS/dbeaver (PID 9797) by user paragkadam. See also https://duckdb.org/docs/stable/connect/concurrency
2026-07-02 20:47:04 | WARNING | werkzeug |  * Debugger is active!
2026-07-02 20:50:09 | WARNING | werkzeug |  * Debugger is active!
2026-07-02 20:50:11 | WARNING | werkzeug |  * Debugger is active!
2026-07-02 20:50:16 | WARNING | werkzeug |  * Debugger is active!
2026-07-02 20:50:18 | WARNING | werkzeug |  * Debugger is active!
2026-07-02 20:50:19 | WARNING | werkzeug |  * Debugger is active!
2026-07-02 20:50:20 | WARNING | werkzeug |  * Debugger is active!
2026-07-02 20:50:39 | WARNING | werkzeug |  * Debugger is active!
2026-07-02 20:50:41 | WARNING | werkzeug |  * Debugger is active!
2026-07-02 20:50:42 | WARNING | werkzeug |  * Debugger is active!
2026-07-02 20:51:44 | WARNING | werkzeug |  * Debugger is active!
2026-07-02 20:51:45 | WARNING | werkzeug |  * Debugger is active!
2026-07-02 20:52:03 | WARNING | werkzeug |  * Debugger is active!
2026-07-02 20:52:10 | WARNING | werkzeug |  * Debugger is active!
2026-07-02 20:52:45 | WARNING | werkzeug |  * Debugger is active!
2026-07-02 20:52:53 | INFO    | app | upload streamed to disk in 0.02s | file=applicant.csv
2026-07-02 20:52:53 | INFO    | app | DuckDB ingest completed in 0.02s | table=tbl_applicant_csv
2026-07-02 20:52:53 | ERROR   | app | DB ingest reported failure for table=tbl_applicant_csv: IO Error: Could not set lock on file "/Users/paragkadam/Downloads/AI_POC/poc_package/storage/ai_poc_dq.duckdb": Conflicting lock is held in /Applications/DBeaver.app/Contents/MacOS/dbeaver (PID 9797) by user paragkadam. See also https://duckdb.org/docs/stable/connect/concurrency
2026-07-02 20:53:03 | INFO    | app | upload streamed to disk in 0.01s | file=applicant.csv
2026-07-02 20:53:03 | INFO    | app | DuckDB ingest completed in 0.36s | table=tbl_applicant_csv
2026-07-02 20:53:14 | INFO    | app | [poc1] STEP 1 - getsize: 0.000s
2026-07-02 20:53:14 | INFO    | app | [poc1] STEP 2 - get_full_metadata_for_ai (DuckDB): 0.124s
2026-07-02 20:53:14 | INFO    | app | [poc1] STEP 3 - build_schema_discovery_prompt: 0.000s | prompt_chars=18735
2026-07-02 20:53:14 | INFO    | app | [poc1] USER PROMPT:
CSV METADATA (JSON):
{"schema":{"applicantid":"BIGINT","applicant_first_name":"VARCHAR","applicant_middle_name":"VARCHAR","applicant_last_name":"VARCHAR","mobile":"BIGINT","dob":"DATE","pan":"VARCHAR","employment":"VARCHAR","isactive":"BOOLEAN","createddt":"TIMESTAMP","last_updated_dt":"TIMESTAMP","created_date":"DATE","is_active":"BOOLEAN","file_name":"VARCHAR"},"column_statistics":[{"name":"applicantid","type":"BIGINT","null_count":0,"null_pct":0.0,"distinct_count":43184,"min":"1","max":"46973"},{"name":"applicant_first_name","type":"VARCHAR","null_count":0,"null_pct":0.0,"distinct_count":30,"min":"Aadhya","max":"Vivaan"},{"name":"applicant_middle_name","type":"VARCHAR","null_count":3086,"null_pct":6.57,"distinct_count":16,"min":"Anil","max":"Vijay","value_counts":{"Mohan":3209,"Vijay":3187,"Prakash":3185,"Devi":3171,"Ramesh":3165,"Ashok":3132,"Laxmi":3130,"Suresh":3127,"Sunil":3115,"Madhav":3107,"Dilip":3104,"Anil":3092,"Kumar":3089,"Raj":3073}},{"name":"applicant_last_name","type":"VARCHAR","null_count":0,"null_pct":0.0,"distinct_count":22,"min":"Agarwal","max":"Yadav"},{"name":"mobile","type":"BIGINT","null_count":0,"null_pct":0.0,"distinct_count":47799,"min":"6000007919","max":"6371979187"},{"name":"dob","type":"DATE","null_count":0,"null_pct":0.0,"distinct_count":12957,"min":"1960-01-01","max":"2004-12-31"},{"name":"pan","type":"VARCHAR","null_count":0,"null_pct":0.0,"distinct_count":48695,"min":"AAAOC1786K","max":"ZZZYF5487H"},{"name":"employment","type":"VARCHAR","null_count":0,"null_pct":0.0,"distinct_count":3,"min":"business","max":"salaried","value_counts":{"salaried":15669,"business":15663,"doctor":15641}},{"name":"isactive","type":"BOOLEAN","null_count":0,"null_pct":0.0,"distinct_count":2,"min":"false","max":"true","value_counts":{"True":35259,"False":11714}},{"name":"createddt","type":"TIMESTAMP","null_count":0,"null_pct":0.0,"distinct_count":41296,"min":"2023-11-07 14:13:05","max":"2026-04-26 13:48:08"},{"name":"last_updated_dt","type":"TIMESTAMP","null_count":0,"null_pct":0.0,"distinct_count":44975,"min":"2023-11-08 17:59:55","max":"2026-08-23 15:06:15"},{"name":"created_date","type":"DATE","null_count":0,"null_pct":0.0,"distinct_count":1,"min":"2026-07-02","max":"2026-07-02","value_counts":{"2026-07-02":46973}},{"name":"is_active","type":"BOOLEAN","null_count":0,"null_pct":0.0,"distinct_count":1,"min":"true","max":"true","value_counts":{"True":46973}},{"name":"file_name","type":"VARCHAR","null_count":0,"null_pct":0.0,"distinct_count":1,"min":"applicant.csv","max":"applicant.csv","value_counts":{"applicant.csv":46973}}],"sample_rows":[{"applicantid":1403,"applicant_first_name":"Sai","applicant_middle_name":"Dilip","applicant_last_name":"Kumar","mobile":6011110357,"dob":"1987-09-13","pan":"FPQJI1403A","employment":"doctor","isactive":true,"createddt":"2024-06-30 18:19:15","last_updated_dt":"2024-08-23 05:19:15","created_date":"2026-07-02","is_active":true,"file_name":"applicant.csv"},{"applicantid":6262,"applicant_first_name":"Arjun","applicant_middle_name":"Dilip","applicant_last_name":"Agarwal","mobile":6049588778,"dob":"1972-06-20","pan":"YCUED6262M","employment":"business","isactive":false,"createddt":"2024-06-28 23:56:51","last_updated_dt":"2024-07-04 15:56:51","created_date":"2026-07-02","is_active":true,"file_name":"applicant.csv"},{"applicantid":6842,"applicant_first_name":"Kiran","applicant_middle_name":"Ashok","applicant_last_name":"Mishra","mobile":6054181798,"dob":"1976-01-15","pan":"BVZIE6842T","employment":"salaried","isactive":true,"createddt":"2024-12-31 12:34:03","last_updated_dt":"2025-01-24 01:34:03","created_date":"2026-07-02","is_active":true,"file_name":"applicant.csv"},{"applicantid":7794,"applicant_first_name":"Reyansh","applicant_middle_name":"Mohan","applicant_last_name":"Kumar","mobile":6061720686,"dob":"1998-02-10","pan":"PPYCV7794L","employment":"salaried","isactive":true,"createddt":"2025-01-26 15:25:43","last_updated_dt":"2025-04-30 02:25:43","created_date":"2026-07-02","is_active":true,"file_name":"applicant.csv"},{"applicantid":9274,"applicant_first_name":"Neha","applicant_middle_name":"Mohan","applicant_last_name":"Mishra","mobile":6073440806,"dob":"1983-11-06","pan":"NAPUL9274N","employment":"salaried","isactive":true,"createddt":"2025-08-25 02:57:43","last_updated_dt":"2025-09-14 07:57:43","created_date":"2026-07-02","is_active":true,"file_name":"applicant.csv"},{"applicantid":10794,"applicant_first_name":"Priya","applicant_middle_name":null,"applicant_last_name":"Bajaj","mobile":6085477686,"dob":"1999-05-17","pan":"WYGMW0794W","employment":"business","isactive":false,"createddt":"2025-06-20 16:45:58","last_updated_dt":"2025-08-12 22:45:58","created_date":"2026-07-02","is_active":true,"file_name":"applicant.csv"},{"applicantid":11665,"applicant_first_name":"Avni","applicant_middle_name":"Sunil","applicant_last_name":"Agarwal","mobile":6092375135,"dob":"1988-03-24","pan":"WPXET1665T","employment":"business","isactive":true,"createddt":"2024-12-29 09:32:57","last_updated_dt":"2025-02-12 23:32:57","created_date":"2026-07-02","is_active":true,"file_name":"applicant.csv"},{"applicantid":11806,"applicant_first_name":"Aarav","applicant_middle_name":"Suresh","applicant_last_name":"Pawar","mobile":6093491714,"dob":"1993-08-23","pan":"XLPRP1806C","employment":"business","isactive":true,"createddt":"2024-04-03 05:35:25","last_updated_dt":"2024-04-19 06:35:25","created_date":"2026-07-02","is_active":true,"file_name":"applicant.csv"},{"applicantid":14915,"applicant_first_name":"Aditya","applicant_middle_name":"Mohan","applicant_last_name":"Mishra","mobile":6118111885,"dob":"1966-07-24","pan":"VVBTQ4915H","employment":"salaried","isactive":true,"createddt":"2023-12-06 10:01:16","last_updated_dt":"2024-04-02 09:01:16","created_date":"2026-07-02","is_active":true,"file_name":"applicant.csv"},{"applicantid":16547,"applicant_first_name":"Rahul","applicant_middle_name":"Sunil","applicant_last_name":"Singh","mobile":6131035693,"dob":"1970-01-19","pan":"NDFGP6547R","employment":"business","isactive":true,"createddt":"2024-11-15 12:47:59","last_updated_dt":"2024-12-21 00:47:59","created_date":"2026-07-02","is_active":true,"file_name":"applicant.csv"},{"applicantid":17402,"applicant_first_name":"Kiran","applicant_middle_name":"Sunil","applicant_last_name":"Iyer","mobile":6137806438,"dob":"1966-03-30","pan":"EMLDX7402R","employment":"business","isactive":false,"createddt":"2023-12-07 14:54:23","last_updated_dt":"2024-02-09 23:54:23","created_date":"2026-07-02","is_active":true,"file_name":"applicant.csv"},{"applicantid":19570,"applicant_first_name":"Aadhya","applicant_middle_name":"Kumar","applicant_last_name":"Sharma","mobile":6154974830,"dob":"1999-03-07","pan":"EYWJY9570H","employment":"salaried","isactive":false,"createddt":"2025-01-03 23:27:39","last_updated_dt":"2025-02-27 10:27:39","created_date":"2026-07-02","is_active":true,"file_name":"applicant.csv"},{"applicantid":20025,"applicant_first_name":"Kiran","applicant_middle_name":"Anil","applicant_last_name":"Singh","mobile":6158577975,"dob":"1973-03-31","pan":"WFWIF0025N","employment":"business","isactive":false,"createddt":"2024-02-21 15:10:26","last_updated_dt":"2024-03-23 03:10:26","created_date":"2026-07-02","is_active":true,"file_name":"applicant.csv"},{"applicantid":20163,"applicant_first_name":"Sai","applicant_middle_name":"Devi","applicant_last_name":"Iyer","mobile":6159670797,"dob":"1963-11-24","pan":"NUXCP0163Y","employment":"salaried","isactive":true,"createddt":"2025-11-14 07:27:20","last_updated_dt":"2026-01-02 23:27:20","created_date":"2026-07-02","is_active":true,"file_name":"applicant.csv"},{"applicantid":20790,"applicant_first_name":"Ishaan","applicant_middle_name":"Suresh","applicant_last_name":"Mehta","mobile":6164636010,"dob":"1973-10-16","pan":"KVOGV0790P","employment":"doctor","isactive":true,"createddt":"2024-12-20 22:38:59","last_updated_dt":"2025-01-20 18:38:59","created_date":"2026-07-02","is_active":true,"file_name":"applicant.csv"},{"applicantid":22015,"applicant_first_name":"Aditya","applicant_middle_name":"Suresh","applicant_last_name":"Agarwal","mobile":6174336785,"dob":"1992-11-26","pan":"LGFYO2015B","employment":"doctor","isactive":false,"createddt":"2025-09-06 14:53:11","last_updated_dt":"2025-10-16 01:53:11","created_date":"2026-07-02","is_active":true,"file_name":"applicant.csv"},{"applicantid":22862,"applicant_first_name":"Kiran","applicant_middle_name":"Devi","applicant_last_name":"Mishra","mobile":6181044178,"dob":"1981-06-29","pan":"PSTXS2862J","employment":"business","isactive":false,"createddt":"2025-05-17 19:19:40","last_updated_dt":"2025-07-15 23:19:40","created_date":"2026-07-02","is_active":true,"file_name":"applicant.csv"},{"applicantid":23337,"applicant_first_name":"Saanvi","applicant_middle_name":"Suresh","applicant_last_name":"Kumar","mobile":6184805703,"dob":"1991-08-26","pan":"HKSGF3337U","employment":"doctor","isactive":true,"createddt":"2024-08-25 13:22:54","last_updated_dt":"2024-09-09 09:22:54","created_date":"2026-07-02","is_active":true,"file_name":"applicant.csv"},{"applicantid":24671,"applicant_first_name":"Muhammad","applicant_middle_name":"Anil","applicant_last_name":"Nair","mobile":6195369649,"dob":"1999-07-24","pan":"RMLVK4671K","employment":"salaried","isactive":true,"createddt":"2025-09-20 14:06:20","last_updated_dt":"2025-12-21 14:06:20","created_date":"2026-07-02","is_active":true,"file_name":"applicant.csv"},{"applicantid":29118,"applicant_first_name":"Sneha","applicant_middle_name":"Raj","applicant_last_name":"Deshmukh","mobile":6230585442,"dob":"1968-02-04","pan":"ZVNFE9118Y","employment":"business","isactive":true,"createddt":"2025-11-13 18:51:23","last_updated_dt":"2026-01-09 18:51:23","created_date":"2026-07-02","is_active":true,"file_name":"applicant.csv"},{"applicantid":31967,"applicant_first_name":"Rahul","applicant_middle_name":"Mohan","applicant_last_name":"Kulkarni","mobile":6253146673,"dob":"1997-04-23","pan":"QNDFF1967H","employment":"business","isactive":true,"createddt":"2024-12-04 08:57:09","last_updated_dt":"2025-02-06 19:57:09","created_date":"2026-07-02","is_active":true,"file_name":"applicant.csv"},{"applicantid":33111,"applicant_first_name":"Sagar","applicant_middle_name":"Ashok","applicant_last_name":"Chopra","mobile":6262206009,"dob":"1991-08-10","pan":"DHYBF3111F","employment":"doctor","isactive":false,"createddt":"2024-03-28 03:37:25","last_updated_dt":"2024-06-30 23:37:25","created_date":"2026-07-02","is_active":true,"file_name":"applicant.csv"},{"applicantid":34096,"applicant_first_name":"Kiran","applicant_middle_name":"Anil","applicant_last_name":"Mehta","mobile":6270006224,"dob":"1961-09-11","pan":"PANEG4096O","employment":"doctor","isactive":false,"createddt":"2024-11-20 03:12:50","last_updated_dt":"2025-01-23 01:12:50","created_date":"2026-07-02","is_active":true,"file_name":"applicant.csv"},{"applicantid":36503,"applicant_first_name":"Sagar","applicant_middle_name":"Devi","applicant_last_name":"Chopra","mobile":6289067257,"dob":"2002-10-25","pan":"YKREF6503V","employment":"doctor","isactive":true,"createddt":"2024-07-29 18:34:34","last_updated_dt":"2024-10-24 15:34:34","created_date":"2026-07-02","is_active":true,"file_name":"applicant.csv"},{"applicantid":36845,"applicant_first_name":"Ira","applicant_middle_name":"Laxmi","applicant_last_name":"Kumar","mobile":6291775555,"dob":"2000-07-31","pan":"CKQGJ6845L","employment":"business","isactive":true,"createddt":"2026-04-03 09:43:12","last_updated_dt":"2026-04-14 20:43:12","created_date":"2026-07-02","is_active":true,"file_name":"applicant.csv"},{"applicantid":38585,"applicant_first_name":"Ira","applicant_middle_name":"Sunil","applicant_last_name":"Yadav","mobile":6305554615,"dob":"2000-05-04","pan":"LPPGA8585D","employment":"salaried","isactive":true,"createddt":"2026-01-06 17:22:44","last_updated_dt":"2026-01-20 07:22:44","created_date":"2026-07-02","is_active":true,"file_name":"applicant.csv"},{"applicantid":39541,"applicant_first_name":"Vihaan","applicant_middle_name":"Kumar","applicant_last_name":"Jain","mobile":6313125179,"dob":"1967-01-07","pan":"YVOYH9541Q","employment":"doctor","isactive":true,"createddt":"2025-05-07 07:19:57","last_updated_dt":"2025-08-11 05:19:57","created_date":"2026-07-02","is_active":true,"file_name":"applicant.csv"},{"applicantid":39583,"applicant_first_name":"Pooja","applicant_middle_name":"Mohan","applicant_last_name":"Deshmukh","mobile":6313457777,"dob":"1968-11-17","pan":"XSSFB9583D","employment":"salaried","isactive":false,"createddt":"2023-11-28 10:18:00","last_updated_dt":"2023-12-18 04:18:00","created_date":"2026-07-02","is_active":true,"file_name":"applicant.csv"},{"applicantid":42464,"applicant_first_name":"Rohan","applicant_middle_name":"Dilip","applicant_last_name":"Chopra","mobile":6336272416,"dob":"1981-09-28","pan":"QOBHI2464D","employment":"business","isactive":true,"createddt":"2024-01-28 18:14:00","last_updated_dt":"2024-02-19 14:14:00","created_date":"2026-07-02","is_active":true,"file_name":"applicant.csv"},{"applicantid":45831,"applicant_first_name":"Myra","applicant_middle_name":"Laxmi","applicant_last_name":"Pawar","mobile":6362935689,"dob":"1975-10-17","pan":"VSIOA5831Y","employment":"doctor","isactive":true,"createddt":"2023-11-16 11:36:10","last_updated_dt":"2024-02-03 13:36:10","created_date":"2026-07-02","is_active":true,"file_name":"applicant.csv"}]}

ANALYSIS STEPS:

STEP 1 — VERIFY TYPES
  Review the schema and sample_rows in the JSON below.
  If samples show different types than schema, correct it.
  Example: schema says Int64, but samples show ["25", "N/A"] → correct to Utf8/String

STEP 2 — UNDERSTAND BUSINESS MEANING
  Based on column name and sample values, what does this column represent?
  Example: "date_of_birth" + samples ["1990-05-15", "2000-01-20"] → "Customer birth date"

STEP 3 — DATA QUALITY ASSESSMENT
  Look at null counts, distinct counts, ranges in column_statistics.
  For low-cardinality columns, review value_counts to understand the
  full distribution of categories — not just which values exist, but
  how common each one is. Flag class imbalance (e.g. one value covering
  >95% of rows), unexpectedly rare values that might be data entry
  errors, or values outside the expected set.
  Example: loan_type value_counts = {"PL": 800, "HL": 450, "BL": 90, "XYZ": 2}
  → "XYZ" appearing only twice is likely a data entry error, flag it.

STEP 4 — IDENTIFY KEY COLUMNS
  Which 3-5 columns are most critical for quality analysis?
  Usually: IDs, dates, amounts, status fields

STEP 5 — IDENTIFY CRITICAL DATA POINTS
  Which columns have:
  - Data quality issues (high nulls, duplicates, inconsistent formats, class imbalance)?
  - Security concerns (sensitive data, PII)?
  - Business impact (revenue, transaction amounts, customer status)?
  - Format issues (mixed date formats, invalid values)?
  These are CRITICAL and must be flagged.

STEP 6 — RECOMMEND INDEXES
  Which columns should be indexed for fast queries?
  Think about:
  - Primary keys / IDs (always index)
  - Date fields used in WHERE/JOIN (always index)
  - Status/category fields with filtering (index if low-cardinality)
  - Foreign keys / relationships (always index)
  - High-cardinality fields unlikely to be filtered (skip)

  For each recommendation, explain WHY it should be indexed.

  Examples of good reasons:
  - "Primary key — fast lookups and joins"
  - "Frequently filtered in WHERE clauses"
  - "Date range queries for reports"
  - "Join condition with other tables"
  - "Sorts and aggregations on this column"
  - "Low-cardinality status field — improves filter selectivity"
  
STEP 7 - Conditional / Dependency Checks (Column-Controlled Mandatory Fields) 
  Identify situations where the value of one column determines whether another column should or should not contain data. 
  Examples of controlling relationships Application_Status 
  - Loan_Account_Number Payment_Status 
  - Payment_Date Order_Status 
  - Delivery_Date Approval_Flag 
  - Approved_By Is_Active 
  - Deactivation_Date Employment_Status 
  - Exit_Date Customer_Type 
  -> GST_Number Loan_Status 
  -> Disbursement_Date Product_Type 
  -> Product_Code Country 
  -> State Generate failed rows checks for these dependencies. 
  Examples If Application_Status = 'Disbursed', Loan_Account_Number must not be NULL
  Generate similar validations whenever one column logically controls another.

Return JSON with schema profile:
{
  "table_name": "derived from filename",
  "total_columns": number,
  "total_rows": number,
  "file_size_mb": number,
  "schema": [
    {
      "column": "exact name",
      "business_meaning": "what this represents",
      "data_type": "CORRECTED type (not just inferred)",
      "nullable": boolean,
      "null_count": number,
      "null_pct": number,
      "unique_count": number,
      "validation_rule": "rule to enforce",
      "sample_values": ["val1", "val2", "val3"],
      "categorical_values": ["val1", "val2"] or [],
      "value_distribution": {"val1": 800, "val2": 450} or {}
    }
  ],
  "key_columns": ["col1", "col2", "col3"],
  "critical_data": [
    {
      "column": "column_name",
      "severity": "HIGH" or "MEDIUM",
      "concern": "Specific issue found",
      "impact": "Business/data quality impact"
    }
  ],
  "quality_concerns": ["Specific concern with details"],
  "recommended_indexes": [
    {
      "column": "applicantid",
      "index_type": "B-Tree",
      "reason": "Primary key — enables fast lookups and join operations"
    }
  ],
  "data_completeness_pct": number (average of non-null percentages)
}

2026-07-02 20:53:52 | INFO    | bedrock_client | [bedrock] invoke_model network+generation time: 37.790s
2026-07-02 20:53:52 | INFO    | bedrock_client | [bedrock] response body read+json.loads: 0.002s
2026-07-02 20:53:52 | INFO    | bedrock_client | bedrock call | input_tokens=6753 output_tokens=5833 total=12586 session_total=12586 requests=1
2026-07-02 20:53:52 | INFO    | bedrock_client | [ask_json] ask() total (network+generation+read): 37.796s
2026-07-02 20:53:52 | INFO    | bedrock_client | [ask_json] cleanup + json.loads parse: 0.002s
2026-07-02 20:53:52 | INFO    | app | [poc1] STEP 4 - ask_json (Bedrock call, incl. JSON parse): 37.798s
2026-07-02 20:53:52 | INFO    | app | [poc1] STEP 5 - save_versioned: 0.002s
2026-07-02 20:53:52 | INFO    | app | [poc1] STEP 6 - contract write: 0.000s | new_contract=False
2026-07-02 20:53:52 | INFO    | app | [poc1] TOTAL route time: 37.927s
2026-07-02 20:57:22 | WARNING | werkzeug |  * Debugger is active!
2026-07-02 20:57:23 | WARNING | werkzeug |  * Debugger is active!
2026-07-02 20:57:29 | WARNING | werkzeug |  * Debugger is active!
2026-07-02 20:57:35 | INFO    | app | upload streamed to disk in 0.02s | file=applicant.csv
2026-07-02 20:57:36 | INFO    | app | DuckDB ingest completed in 0.31s | table=tbl_applicant_csv
2026-07-02 20:57:38 | INFO    | app | [poc1] STEP 1 - getsize: 0.000s
2026-07-02 20:57:38 | INFO    | app | [poc1] STEP 2 - get_full_metadata_for_ai (DuckDB): 0.125s
2026-07-02 20:57:38 | INFO    | app | [poc1] STEP 3 - build_schema_discovery_prompt: 0.000s | prompt_chars=18728
2026-07-02 20:57:38 | INFO    | app | [poc1] USER PROMPT:
CSV METADATA (JSON):
{"schema":{"applicantid":"BIGINT","applicant_first_name":"VARCHAR","applicant_middle_name":"VARCHAR","applicant_last_name":"VARCHAR","mobile":"BIGINT","dob":"DATE","pan":"VARCHAR","employment":"VARCHAR","isactive":"BOOLEAN","createddt":"TIMESTAMP","last_updated_dt":"TIMESTAMP","created_date":"DATE","is_active":"BOOLEAN","file_name":"VARCHAR"},"column_statistics":[{"name":"applicantid","type":"BIGINT","null_count":0,"null_pct":0.0,"distinct_count":43184,"min":"1","max":"46973"},{"name":"applicant_first_name","type":"VARCHAR","null_count":0,"null_pct":0.0,"distinct_count":30,"min":"Aadhya","max":"Vivaan"},{"name":"applicant_middle_name","type":"VARCHAR","null_count":3086,"null_pct":6.57,"distinct_count":16,"min":"Anil","max":"Vijay","value_counts":{"Mohan":3209,"Vijay":3187,"Prakash":3185,"Devi":3171,"Ramesh":3165,"Ashok":3132,"Laxmi":3130,"Suresh":3127,"Sunil":3115,"Madhav":3107,"Dilip":3104,"Anil":3092,"Kumar":3089,"Raj":3073}},{"name":"applicant_last_name","type":"VARCHAR","null_count":0,"null_pct":0.0,"distinct_count":22,"min":"Agarwal","max":"Yadav"},{"name":"mobile","type":"BIGINT","null_count":0,"null_pct":0.0,"distinct_count":47799,"min":"6000007919","max":"6371979187"},{"name":"dob","type":"DATE","null_count":0,"null_pct":0.0,"distinct_count":12957,"min":"1960-01-01","max":"2004-12-31"},{"name":"pan","type":"VARCHAR","null_count":0,"null_pct":0.0,"distinct_count":48695,"min":"AAAOC1786K","max":"ZZZYF5487H"},{"name":"employment","type":"VARCHAR","null_count":0,"null_pct":0.0,"distinct_count":3,"min":"business","max":"salaried","value_counts":{"salaried":15669,"business":15663,"doctor":15641}},{"name":"isactive","type":"BOOLEAN","null_count":0,"null_pct":0.0,"distinct_count":2,"min":"false","max":"true","value_counts":{"True":35259,"False":11714}},{"name":"createddt","type":"TIMESTAMP","null_count":0,"null_pct":0.0,"distinct_count":41296,"min":"2023-11-07 14:13:05","max":"2026-04-26 13:48:08"},{"name":"last_updated_dt","type":"TIMESTAMP","null_count":0,"null_pct":0.0,"distinct_count":44975,"min":"2023-11-08 17:59:55","max":"2026-08-23 15:06:15"},{"name":"created_date","type":"DATE","null_count":0,"null_pct":0.0,"distinct_count":1,"min":"2026-07-02","max":"2026-07-02","value_counts":{"2026-07-02":46973}},{"name":"is_active","type":"BOOLEAN","null_count":0,"null_pct":0.0,"distinct_count":1,"min":"true","max":"true","value_counts":{"True":46973}},{"name":"file_name","type":"VARCHAR","null_count":0,"null_pct":0.0,"distinct_count":1,"min":"applicant.csv","max":"applicant.csv","value_counts":{"applicant.csv":46973}}],"sample_rows":[{"applicantid":281,"applicant_first_name":"Nikhil","applicant_middle_name":"Mohan","applicant_last_name":"Chopra","mobile":6002225239,"dob":"1989-10-13","pan":"OQMRS0281D","employment":"salaried","isactive":true,"createddt":"2025-05-12 00:55:25","last_updated_dt":"2025-08-25 01:55:25","created_date":"2026-07-02","is_active":true,"file_name":"applicant.csv"},{"applicantid":2097,"applicant_first_name":"Ishaan","applicant_middle_name":null,"applicant_last_name":"Jain","mobile":6016606143,"dob":"1996-05-18","pan":"JUSDJ2097T","employment":"salaried","isactive":true,"createddt":"2025-09-04 20:45:13","last_updated_dt":"2025-10-28 00:45:13","created_date":"2026-07-02","is_active":true,"file_name":"applicant.csv"},{"applicantid":3420,"applicant_first_name":"Myra","applicant_middle_name":"Ashok","applicant_last_name":"Sharma","mobile":6027082980,"dob":"1993-05-14","pan":"KQYCT3420P","employment":"business","isactive":true,"createddt":"2026-01-05 09:13:48","last_updated_dt":"2026-02-11 18:13:48","created_date":"2026-07-02","is_active":true,"file_name":"applicant.csv"},{"applicantid":4740,"applicant_first_name":"Muhammad","applicant_middle_name":"Mohan","applicant_last_name":"Kulkarni","mobile":6037536060,"dob":"1992-01-29","pan":"IKLCK4740N","employment":"business","isactive":false,"createddt":"2025-03-11 02:52:05","last_updated_dt":"2025-03-12 14:52:05","created_date":"2026-07-02","is_active":true,"file_name":"applicant.csv"},{"applicantid":5560,"applicant_first_name":"Anika","applicant_middle_name":"Ashok","applicant_last_name":"Pawar","mobile":6044029640,"dob":"1967-09-07","pan":"REPRD5560O","employment":"business","isactive":false,"createddt":"2024-06-07 19:41:10","last_updated_dt":"2024-09-15 05:41:10","created_date":"2026-07-02","is_active":true,"file_name":"applicant.csv"},{"applicantid":8235,"applicant_first_name":"Aditya","applicant_middle_name":"Raj","applicant_last_name":"Joshi","mobile":6065212965,"dob":"1969-06-03","pan":"QHGEY8235J","employment":"salaried","isactive":true,"createddt":"2026-04-09 23:37:41","last_updated_dt":"2026-05-16 10:37:41","created_date":"2026-07-02","is_active":true,"file_name":"applicant.csv"},{"applicantid":8817,"applicant_first_name":"Muhammad","applicant_middle_name":"Mohan","applicant_last_name":"Gupta","mobile":6069821823,"dob":"1984-08-12","pan":"JETCN8817R","employment":"salaried","isactive":true,"createddt":"2026-01-26 21:56:47","last_updated_dt":"2026-03-04 08:56:47","created_date":"2026-07-02","is_active":true,"file_name":"applicant.csv"},{"applicantid":9675,"applicant_first_name":"Arjun","applicant_middle_name":"Kumar","applicant_last_name":"Sharma","mobile":6076616325,"dob":"2002-08-18","pan":"QNJAF9675J","employment":"business","isactive":true,"createddt":"2024-10-11 10:18:17","last_updated_dt":"2025-01-25 07:18:17","created_date":"2026-07-02","is_active":true,"file_name":"applicant.csv"},{"applicantid":12721,"applicant_first_name":"Sneha","applicant_middle_name":"Laxmi","applicant_last_name":"Chopra","mobile":6100737599,"dob":"1995-07-26","pan":"PMVDC2721W","employment":"doctor","isactive":true,"createddt":"2026-01-06 00:47:36","last_updated_dt":"2026-02-07 01:47:36","created_date":"2026-07-02","is_active":true,"file_name":"applicant.csv"},{"applicantid":13831,"applicant_first_name":"Pooja","applicant_middle_name":"Vijay","applicant_last_name":"Gupta","mobile":6109527689,"dob":"1976-06-05","pan":"YAFCQ3831Z","employment":"doctor","isactive":true,"createddt":"2025-02-26 05:20:07","last_updated_dt":"2025-04-04 08:20:07","created_date":"2026-07-02","is_active":true,"file_name":"applicant.csv"},{"applicantid":13852,"applicant_first_name":"Aadhya","applicant_middle_name":"Mohan","applicant_last_name":"Chopra","mobile":6109693988,"dob":"1976-01-27","pan":"WYYTW3852O","employment":"salaried","isactive":false,"createddt":"2025-09-01 15:22:42","last_updated_dt":"2025-12-28 13:22:42","created_date":"2026-07-02","is_active":true,"file_name":"applicant.csv"},{"applicantid":15480,"applicant_first_name":"Sneha","applicant_middle_name":"Ramesh","applicant_last_name":"Agarwal","mobile":6122586120,"dob":"1964-03-14","pan":"SKFUY5480N","employment":"doctor","isactive":true,"createddt":"2023-11-17 01:05:48","last_updated_dt":"2024-01-29 14:05:48","created_date":"2026-07-02","is_active":true,"file_name":"applicant.csv"},{"applicantid":16058,"applicant_first_name":"Rahul","applicant_middle_name":"Anil","applicant_last_name":"Pawar","mobile":6127163302,"dob":"2000-09-24","pan":"CMMPE6058C","employment":"salaried","isactive":true,"createddt":"2023-11-21 01:35:22","last_updated_dt":"2023-11-30 13:35:22","created_date":"2026-07-02","is_active":true,"file_name":"applicant.csv"},{"applicantid":20745,"applicant_first_name":"Sai","applicant_middle_name":"Sunil","applicant_last_name":"Patel","mobile":6164279655,"dob":"2001-06-15","pan":"CZATZ0745T","employment":"doctor","isactive":false,"createddt":"2025-10-28 19:53:21","last_updated_dt":"2025-11-02 03:53:21","created_date":"2026-07-02","is_active":true,"file_name":"applicant.csv"},{"applicantid":24092,"applicant_first_name":"Kiara","applicant_middle_name":"Prakash","applicant_last_name":"Chopra","mobile":6190784548,"dob":"1985-01-04","pan":"GEKZT4092G","employment":"doctor","isactive":true,"createddt":"2025-12-27 22:06:11","last_updated_dt":"2026-02-03 23:06:11","created_date":"2026-07-02","is_active":true,"file_name":"applicant.csv"},{"applicantid":25479,"applicant_first_name":"Amit","applicant_middle_name":"Ashok","applicant_last_name":"Reddy","mobile":6201768201,"dob":"1972-12-22","pan":"APCFZ5479L","employment":"business","isactive":false,"createddt":"2026-04-18 01:35:42","last_updated_dt":"2026-04-21 02:35:42","created_date":"2026-07-02","is_active":true,"file_name":"applicant.csv"},{"applicantid":26863,"applicant_first_name":"Krishna","applicant_middle_name":"Devi","applicant_last_name":"Verma","mobile":6212728097,"dob":"1973-03-25","pan":"IROSH6863F","employment":"business","isactive":true,"createddt":"2023-11-15 18:08:38","last_updated_dt":"2023-12-14 06:08:38","created_date":"2026-07-02","is_active":true,"file_name":"applicant.csv"},{"applicantid":28445,"applicant_first_name":"Saanvi","applicant_middle_name":"Anil","applicant_last_name":"Kumar","mobile":6225255955,"dob":"1991-04-09","pan":"ULYJV8445G","employment":"doctor","isactive":true,"createddt":"2026-02-07 13:39:54","last_updated_dt":"2026-03-31 15:39:54","created_date":"2026-07-02","is_active":true,"file_name":"applicant.csv"},{"applicantid":29620,"applicant_first_name":"Rohan","applicant_middle_name":"Sunil","applicant_last_name":"Sharma","mobile":6234560780,"dob":"1990-08-22","pan":"QSAXR9620I","employment":"business","isactive":true,"createddt":"2024-12-06 07:27:44","last_updated_dt":"2025-02-28 18:27:44","created_date":"2026-07-02","is_active":true,"file_name":"applicant.csv"},{"applicantid":30254,"applicant_first_name":"Rohan","applicant_middle_name":null,"applicant_last_name":"Verma","mobile":6239581426,"dob":"1970-09-06","pan":"HACJI0254A","employment":"doctor","isactive":true,"createddt":"2025-07-28 19:02:31","last_updated_dt":"2025-10-02 04:02:31","created_date":"2026-07-02","is_active":true,"file_name":"applicant.csv"},{"applicantid":32813,"applicant_first_name":"Amit","applicant_middle_name":"Sunil","applicant_last_name":"Pawar","mobile":6259846147,"dob":"1967-06-21","pan":"HOIQW2813E","employment":"doctor","isactive":false,"createddt":"2025-01-15 16:02:47","last_updated_dt":"2025-04-03 21:02:47","created_date":"2026-07-02","is_active":true,"file_name":"applicant.csv"},{"applicantid":34803,"applicant_first_name":"Sai","applicant_middle_name":"Kumar","applicant_last_name":"Deshmukh","mobile":6275604957,"dob":"2003-02-13","pan":"RPKTM4803P","employment":"doctor","isactive":true,"createddt":"2024-08-30 10:37:28","last_updated_dt":"2024-09-02 21:37:28","created_date":"2026-07-02","is_active":true,"file_name":"applicant.csv"},{"applicantid":35556,"applicant_first_name":"Nikhil","applicant_middle_name":"Prakash","applicant_last_name":"Iyer","mobile":6281567964,"dob":"1976-02-08","pan":"LDVGA5556X","employment":"salaried","isactive":true,"createddt":"2024-11-25 10:35:24","last_updated_dt":"2025-01-27 15:35:24","created_date":"2026-07-02","is_active":true,"file_name":"applicant.csv"},{"applicantid":36111,"applicant_first_name":"Vivaan","applicant_middle_name":"Dilip","applicant_last_name":"Kulkarni","mobile":6285963009,"dob":"2001-07-07","pan":"IAKWT6111H","employment":"salaried","isactive":true,"createddt":"2026-04-04 20:06:36","last_updated_dt":"2026-05-06 00:06:36","created_date":"2026-07-02","is_active":true,"file_name":"applicant.csv"},{"applicantid":37954,"applicant_first_name":"Avni","applicant_middle_name":"Madhav","applicant_last_name":"Mehta","mobile":6300557726,"dob":"1960-03-28","pan":"HKPSN7954K","employment":"doctor","isactive":true,"createddt":"2025-10-25 02:17:10","last_updated_dt":"2025-11-06 17:17:10","created_date":"2026-07-02","is_active":true,"file_name":"applicant.csv"},{"applicantid":38524,"applicant_first_name":"Pooja","applicant_middle_name":"Laxmi","applicant_last_name":"Agarwal","mobile":6305071556,"dob":"1983-02-20","pan":"PTRBE8524K","employment":"doctor","isactive":true,"createddt":"2024-12-26 15:20:56","last_updated_dt":"2025-02-01 18:20:56","created_date":"2026-07-02","is_active":true,"file_name":"applicant.csv"},{"applicantid":39574,"applicant_first_name":"Aarav","applicant_middle_name":"Laxmi","applicant_last_name":"Chopra","mobile":6313386506,"dob":"1972-08-16","pan":"QAMNU9574S","employment":"salaried","isactive":true,"createddt":"2025-12-30 19:56:18","last_updated_dt":"2026-03-27 23:56:18","created_date":"2026-07-02","is_active":true,"file_name":"applicant.csv"},{"applicantid":42458,"applicant_first_name":"Sara","applicant_middle_name":"Raj","applicant_last_name":"Verma","mobile":6336224902,"dob":"1968-05-06","pan":"IOAWV2458H","employment":"business","isactive":true,"createddt":"2025-03-06 07:11:16","last_updated_dt":"2025-05-10 07:11:16","created_date":"2026-07-02","is_active":true,"file_name":"applicant.csv"},{"applicantid":43986,"applicant_first_name":"Amit","applicant_middle_name":"Suresh","applicant_last_name":"Gupta","mobile":6348325134,"dob":"1968-11-22","pan":"XIYKJ3986W","employment":"doctor","isactive":true,"createddt":"2024-10-15 02:58:08","last_updated_dt":"2024-11-20 20:58:08","created_date":"2026-07-02","is_active":true,"file_name":"applicant.csv"},{"applicantid":45211,"applicant_first_name":"Ishaan","applicant_middle_name":"Sunil","applicant_last_name":"Kumar","mobile":6358025909,"dob":"2004-01-23","pan":"BDWMM5211B","employment":"salaried","isactive":true,"createddt":"2024-12-24 01:16:42","last_updated_dt":"2024-12-24 19:16:42","created_date":"2026-07-02","is_active":true,"file_name":"applicant.csv"}]}

ANALYSIS STEPS:

STEP 1 — VERIFY TYPES
  Review the schema and sample_rows in the JSON below.
  If samples show different types than schema, correct it.
  Example: schema says Int64, but samples show ["25", "N/A"] → correct to Utf8/String

STEP 2 — UNDERSTAND BUSINESS MEANING
  Based on column name and sample values, what does this column represent?
  Example: "date_of_birth" + samples ["1990-05-15", "2000-01-20"] → "Customer birth date"

STEP 3 — DATA QUALITY ASSESSMENT
  Look at null counts, distinct counts, ranges in column_statistics.
  For low-cardinality columns, review value_counts to understand the
  full distribution of categories — not just which values exist, but
  how common each one is. Flag class imbalance (e.g. one value covering
  >95% of rows), unexpectedly rare values that might be data entry
  errors, or values outside the expected set.
  Example: loan_type value_counts = {"PL": 800, "HL": 450, "BL": 90, "XYZ": 2}
  → "XYZ" appearing only twice is likely a data entry error, flag it.

STEP 4 — IDENTIFY KEY COLUMNS
  Which 3-5 columns are most critical for quality analysis?
  Usually: IDs, dates, amounts, status fields

STEP 5 — IDENTIFY CRITICAL DATA POINTS
  Which columns have:
  - Data quality issues (high nulls, duplicates, inconsistent formats, class imbalance)?
  - Security concerns (sensitive data, PII)?
  - Business impact (revenue, transaction amounts, customer status)?
  - Format issues (mixed date formats, invalid values)?
  These are CRITICAL and must be flagged.

STEP 6 — RECOMMEND INDEXES
  Which columns should be indexed for fast queries?
  Think about:
  - Primary keys / IDs (always index)
  - Date fields used in WHERE/JOIN (always index)
  - Status/category fields with filtering (index if low-cardinality)
  - Foreign keys / relationships (always index)
  - High-cardinality fields unlikely to be filtered (skip)

  For each recommendation, explain WHY it should be indexed.

  Examples of good reasons:
  - "Primary key — fast lookups and joins"
  - "Frequently filtered in WHERE clauses"
  - "Date range queries for reports"
  - "Join condition with other tables"
  - "Sorts and aggregations on this column"
  - "Low-cardinality status field — improves filter selectivity"
  
STEP 7 - Conditional / Dependency Checks (Column-Controlled Mandatory Fields) 
  Identify situations where the value of one column determines whether another column should or should not contain data. 
  Examples of controlling relationships Application_Status 
  - Loan_Account_Number Payment_Status 
  - Payment_Date Order_Status 
  - Delivery_Date Approval_Flag 
  - Approved_By Is_Active 
  - Deactivation_Date Employment_Status 
  - Exit_Date Customer_Type 
  -> GST_Number Loan_Status 
  -> Disbursement_Date Product_Type 
  -> Product_Code Country 
  -> State Generate failed rows checks for these dependencies. 
  Examples If Application_Status = 'Disbursed', Loan_Account_Number must not be NULL
  Generate similar validations whenever one column logically controls another.

Return JSON with schema profile:
{
  "table_name": "derived from filename",
  "total_columns": number,
  "total_rows": number,
  "file_size_mb": number,
  "schema": [
    {
      "column": "exact name",
      "business_meaning": "what this represents",
      "data_type": "CORRECTED type (not just inferred)",
      "nullable": boolean,
      "null_count": number,
      "null_pct": number,
      "unique_count": number,
      "validation_rule": "rule to enforce",
      "sample_values": ["val1", "val2", "val3"],
      "categorical_values": ["val1", "val2"] or [],
      "value_distribution": {"val1": 800, "val2": 450} or {}
    }
  ],
  "key_columns": ["col1", "col2", "col3"],
  "critical_data": [
    {
      "column": "column_name",
      "severity": "HIGH" or "MEDIUM",
      "concern": "Specific issue found",
      "impact": "Business/data quality impact"
    }
  ],
  "quality_concerns": ["Specific concern with details"],
  "recommended_indexes": [
    {
      "column": "applicantid",
      "index_type": "B-Tree",
      "reason": "Primary key — enables fast lookups and join operations"
    }
  ],
  "data_completeness_pct": number (average of non-null percentages)
}

2026-07-02 20:58:15 | INFO    | bedrock_client | [bedrock] invoke_model network+generation time: 36.951s
2026-07-02 20:58:15 | INFO    | bedrock_client | [bedrock] response body read+json.loads: 0.001s
2026-07-02 20:58:15 | INFO    | bedrock_client | bedrock call | input_tokens=6740 output_tokens=5634 total=12374 session_total=12374 requests=1
2026-07-02 20:58:15 | INFO    | bedrock_client | [ask_json] ask() total (network+generation+read): 36.954s
2026-07-02 20:58:15 | INFO    | bedrock_client | [ask_json] cleanup + json.loads parse: 0.003s
2026-07-02 20:58:15 | INFO    | app | [poc1] STEP 4 - ask_json (Bedrock call, incl. JSON parse): 36.957s
2026-07-02 20:58:15 | INFO    | app | [poc1] STEP 5 - save_versioned: 0.004s
2026-07-02 20:58:15 | INFO    | app | [poc1] STEP 6 - contract write: 0.000s | new_contract=False
2026-07-02 20:58:15 | INFO    | app | [poc1] TOTAL route time: 37.087s
2026-07-02 20:59:12 | WARNING | werkzeug |  * Debugger is active!
2026-07-02 20:59:37 | INFO    | app | upload streamed to disk in 0.01s | file=applicant.csv
2026-07-02 20:59:37 | INFO    | app | DuckDB ingest completed in 0.27s | table=tbl_applicant_csv
2026-07-02 20:59:40 | INFO    | app | [poc1] STEP 1 - getsize: 0.000s
2026-07-02 20:59:40 | INFO    | app | [poc1] STEP 2 - get_full_metadata_for_ai (DuckDB): 0.109s
2026-07-02 20:59:40 | INFO    | app | [poc1] STEP 3 - build_schema_discovery_prompt: 0.000s | prompt_chars=18716
2026-07-02 20:59:40 | INFO    | app | [poc1] USER PROMPT:
CSV METADATA (JSON):
{"schema":{"applicantid":"BIGINT","applicant_first_name":"VARCHAR","applicant_middle_name":"VARCHAR","applicant_last_name":"VARCHAR","mobile":"BIGINT","dob":"DATE","pan":"VARCHAR","employment":"VARCHAR","isactive":"BOOLEAN","createddt":"TIMESTAMP","last_updated_dt":"TIMESTAMP","created_date":"DATE","is_active":"BOOLEAN","file_name":"VARCHAR"},"column_statistics":[{"name":"applicantid","type":"BIGINT","null_count":0,"null_pct":0.0,"distinct_count":43184,"min":"1","max":"46973"},{"name":"applicant_first_name","type":"VARCHAR","null_count":0,"null_pct":0.0,"distinct_count":30,"min":"Aadhya","max":"Vivaan"},{"name":"applicant_middle_name","type":"VARCHAR","null_count":3086,"null_pct":6.57,"distinct_count":16,"min":"Anil","max":"Vijay","value_counts":{"Mohan":3209,"Vijay":3187,"Prakash":3185,"Devi":3171,"Ramesh":3165,"Ashok":3132,"Laxmi":3130,"Suresh":3127,"Sunil":3115,"Madhav":3107,"Dilip":3104,"Anil":3092,"Kumar":3089,"Raj":3073}},{"name":"applicant_last_name","type":"VARCHAR","null_count":0,"null_pct":0.0,"distinct_count":22,"min":"Agarwal","max":"Yadav"},{"name":"mobile","type":"BIGINT","null_count":0,"null_pct":0.0,"distinct_count":47799,"min":"6000007919","max":"6371979187"},{"name":"dob","type":"DATE","null_count":0,"null_pct":0.0,"distinct_count":12957,"min":"1960-01-01","max":"2004-12-31"},{"name":"pan","type":"VARCHAR","null_count":0,"null_pct":0.0,"distinct_count":48695,"min":"AAAOC1786K","max":"ZZZYF5487H"},{"name":"employment","type":"VARCHAR","null_count":0,"null_pct":0.0,"distinct_count":3,"min":"business","max":"salaried","value_counts":{"salaried":15669,"business":15663,"doctor":15641}},{"name":"isactive","type":"BOOLEAN","null_count":0,"null_pct":0.0,"distinct_count":2,"min":"false","max":"true","value_counts":{"True":35259,"False":11714}},{"name":"createddt","type":"TIMESTAMP","null_count":0,"null_pct":0.0,"distinct_count":41296,"min":"2023-11-07 14:13:05","max":"2026-04-26 13:48:08"},{"name":"last_updated_dt","type":"TIMESTAMP","null_count":0,"null_pct":0.0,"distinct_count":44975,"min":"2023-11-08 17:59:55","max":"2026-08-23 15:06:15"},{"name":"created_date","type":"DATE","null_count":0,"null_pct":0.0,"distinct_count":1,"min":"2026-07-02","max":"2026-07-02","value_counts":{"2026-07-02":46973}},{"name":"is_active","type":"BOOLEAN","null_count":0,"null_pct":0.0,"distinct_count":1,"min":"true","max":"true","value_counts":{"True":46973}},{"name":"file_name","type":"VARCHAR","null_count":0,"null_pct":0.0,"distinct_count":1,"min":"applicant.csv","max":"applicant.csv","value_counts":{"applicant.csv":46973}}],"sample_rows":[{"applicantid":2221,"applicant_first_name":"Krishna","applicant_middle_name":null,"applicant_last_name":"Joshi","mobile":6017588099,"dob":"1975-11-14","pan":"JFOSM2221R","employment":"doctor","isactive":true,"createddt":"2025-01-31 08:29:11","last_updated_dt":"2025-04-30 04:29:11","created_date":"2026-07-02","is_active":true,"file_name":"applicant.csv"},{"applicantid":3014,"applicant_first_name":"Nikhil","applicant_middle_name":"Mohan","applicant_last_name":"Reddy","mobile":6023867866,"dob":"1965-02-13","pan":"FMCMU3014G","employment":"business","isactive":true,"createddt":"2024-12-11 06:40:06","last_updated_dt":"2025-03-13 09:40:06","created_date":"2026-07-02","is_active":true,"file_name":"applicant.csv"},{"applicantid":6523,"applicant_first_name":"Ira","applicant_middle_name":"Devi","applicant_last_name":"Pawar","mobile":6051655637,"dob":"1985-03-13","pan":"HJWRV6523P","employment":"salaried","isactive":true,"createddt":"2025-03-31 09:46:45","last_updated_dt":"2025-06-20 23:46:45","created_date":"2026-07-02","is_active":true,"file_name":"applicant.csv"},{"applicantid":6565,"applicant_first_name":"Kiara","applicant_middle_name":null,"applicant_last_name":"Mehta","mobile":6051988235,"dob":"1969-05-29","pan":"YZKGT6565W","employment":"doctor","isactive":false,"createddt":"2024-12-22 12:21:44","last_updated_dt":"2025-04-02 03:21:44","created_date":"2026-07-02","is_active":true,"file_name":"applicant.csv"},{"applicantid":6635,"applicant_first_name":"Sneha","applicant_middle_name":"Raj","applicant_last_name":"Patel","mobile":6052542565,"dob":"1967-03-29","pan":"CLJRT6635U","employment":"doctor","isactive":true,"createddt":"2023-12-29 22:37:48","last_updated_dt":"2024-01-09 22:37:48","created_date":"2026-07-02","is_active":true,"file_name":"applicant.csv"},{"applicantid":11766,"applicant_first_name":"Neha","applicant_middle_name":"Anil","applicant_last_name":"Nair","mobile":6093174954,"dob":"1997-10-10","pan":"VTVXT1766Y","employment":"salaried","isactive":true,"createddt":"2024-11-22 01:07:07","last_updated_dt":"2025-02-25 09:07:07","created_date":"2026-07-02","is_active":true,"file_name":"applicant.csv"},{"applicantid":13156,"applicant_first_name":"Priya","applicant_middle_name":"Ramesh","applicant_last_name":"Joshi","mobile":6104182364,"dob":"1992-05-01","pan":"VDJBB3156O","employment":"business","isactive":true,"createddt":"2025-03-21 10:53:18","last_updated_dt":"2025-04-17 03:53:18","created_date":"2026-07-02","is_active":true,"file_name":"applicant.csv"},{"applicantid":14326,"applicant_first_name":"Rahul","applicant_middle_name":"Ramesh","applicant_last_name":"Chopra","mobile":6113447594,"dob":"1984-07-18","pan":"ACBMU4326B","employment":"business","isactive":true,"createddt":"2024-08-09 17:17:01","last_updated_dt":"2024-10-19 20:17:01","created_date":"2026-07-02","is_active":true,"file_name":"applicant.csv"},{"applicantid":14673,"applicant_first_name":"Ishaan","applicant_middle_name":"Kumar","applicant_last_name":"Singh","mobile":6116195487,"dob":"1994-02-27","pan":"SQONI4673Y","employment":"business","isactive":true,"createddt":"2025-03-04 23:52:40","last_updated_dt":"2025-06-21 23:52:40","created_date":"2026-07-02","is_active":true,"file_name":"applicant.csv"},{"applicantid":16557,"applicant_first_name":"Rohan","applicant_middle_name":"Kumar","applicant_last_name":"Kumar","mobile":6131114883,"dob":"1976-06-27","pan":"RYJZK6557C","employment":"business","isactive":true,"createddt":"2025-05-30 07:28:54","last_updated_dt":"2025-07-15 22:28:54","created_date":"2026-07-02","is_active":true,"file_name":"applicant.csv"},{"applicantid":16985,"applicant_first_name":"Neha","applicant_middle_name":"Anil","applicant_last_name":"Joshi","mobile":6134504215,"dob":"1969-01-24","pan":"UQGXP6985V","employment":"business","isactive":true,"createddt":"2024-02-21 19:03:37","last_updated_dt":"2024-05-14 04:03:37","created_date":"2026-07-02","is_active":true,"file_name":"applicant.csv"},{"applicantid":19126,"applicant_first_name":"Sagar","applicant_middle_name":"Sunil","applicant_last_name":"Reddy","mobile":6151458794,"dob":"1976-01-20","pan":"HZUVW9126W","employment":"business","isactive":true,"createddt":"2025-01-27 07:25:02","last_updated_dt":"2025-03-21 07:25:02","created_date":"2026-07-02","is_active":true,"file_name":"applicant.csv"},{"applicantid":22323,"applicant_first_name":"Ishaan","applicant_middle_name":"Devi","applicant_last_name":"Kulkarni","mobile":6176775837,"dob":"1990-01-23","pan":"SXZZV2323F","employment":"salaried","isactive":true,"createddt":"2026-01-10 06:10:28","last_updated_dt":"2026-02-07 21:10:28","created_date":"2026-07-02","is_active":true,"file_name":"applicant.csv"},{"applicantid":25604,"applicant_first_name":"Vihaan","applicant_middle_name":"Kumar","applicant_last_name":"Kumar","mobile":6202758076,"dob":"1985-02-02","pan":"INUAD5604R","employment":"business","isactive":false,"createddt":"2025-08-02 14:37:00","last_updated_dt":"2025-08-04 12:37:00","created_date":"2026-07-02","is_active":true,"file_name":"applicant.csv"},{"applicantid":26122,"applicant_first_name":"Ishaan","applicant_middle_name":"Prakash","applicant_last_name":"Bajaj","mobile":6206860118,"dob":"1972-05-14","pan":"FUPLD6122E","employment":"salaried","isactive":true,"createddt":"2025-09-10 05:23:48","last_updated_dt":"2026-01-04 09:23:48","created_date":"2026-07-02","is_active":true,"file_name":"applicant.csv"},{"applicantid":29659,"applicant_first_name":"Pooja","applicant_middle_name":"Raj","applicant_last_name":"Iyer","mobile":6234869621,"dob":"2002-04-01","pan":"YUWID9659B","employment":"doctor","isactive":true,"createddt":"2024-10-02 13:55:11","last_updated_dt":"2024-12-28 08:55:11","created_date":"2026-07-02","is_active":true,"file_name":"applicant.csv"},{"applicantid":30355,"applicant_first_name":"Aditya","applicant_middle_name":"Suresh","applicant_last_name":"Patel","mobile":6240381245,"dob":"1995-05-29","pan":"JILKF0355W","employment":"business","isactive":true,"createddt":"2026-02-04 12:08:57","last_updated_dt":"2026-05-27 23:08:57","created_date":"2026-07-02","is_active":true,"file_name":"applicant.csv"},{"applicantid":31527,"applicant_first_name":"Amit","applicant_middle_name":"Suresh","applicant_last_name":"Kulkarni","mobile":6249662313,"dob":"1999-10-21","pan":"WJNQC1527G","employment":"salaried","isactive":true,"createddt":"2023-12-17 16:38:33","last_updated_dt":"2024-03-21 15:38:33","created_date":"2026-07-02","is_active":true,"file_name":"applicant.csv"},{"applicantid":31895,"applicant_first_name":"Anaya","applicant_middle_name":"Vijay","applicant_last_name":"Verma","mobile":6252576505,"dob":"1997-11-01","pan":"EVODR1895G","employment":"salaried","isactive":true,"createddt":"2024-12-04 21:25:50","last_updated_dt":"2025-02-21 08:25:50","created_date":"2026-07-02","is_active":true,"file_name":"applicant.csv"},{"applicantid":33756,"applicant_first_name":"Saanvi","applicant_middle_name":"Sunil","applicant_last_name":"Agarwal","mobile":6267313764,"dob":"1990-12-12","pan":"KOIYH3756C","employment":"doctor","isactive":true,"createddt":"2025-11-29 03:17:52","last_updated_dt":"2026-01-08 03:17:52","created_date":"2026-07-02","is_active":true,"file_name":"applicant.csv"},{"applicantid":34339,"applicant_first_name":"Saanvi","applicant_middle_name":"Ramesh","applicant_last_name":"Kulkarni","mobile":6271930541,"dob":"1997-02-03","pan":"HZWZC4339K","employment":"doctor","isactive":false,"createddt":"2025-01-09 09:37:24","last_updated_dt":"2025-03-06 20:37:24","created_date":"2026-07-02","is_active":true,"file_name":"applicant.csv"},{"applicantid":35223,"applicant_first_name":"Sneha","applicant_middle_name":"Devi","applicant_last_name":"Deshmukh","mobile":6278930937,"dob":"1972-12-14","pan":"GRBVH5223J","employment":"salaried","isactive":true,"createddt":"2026-02-17 09:41:17","last_updated_dt":"2026-03-23 20:41:17","created_date":"2026-07-02","is_active":true,"file_name":"applicant.csv"},{"applicantid":35825,"applicant_first_name":"Kiara","applicant_middle_name":"Raj","applicant_last_name":"Nair","mobile":6283698175,"dob":"1964-08-30","pan":"EATAT5825H","employment":"salaried","isactive":false,"createddt":"2025-11-17 00:44:26","last_updated_dt":"2026-01-06 02:44:26","created_date":"2026-07-02","is_active":true,"file_name":"applicant.csv"},{"applicantid":36881,"applicant_first_name":"Kiara","applicant_middle_name":"Devi","applicant_last_name":"Verma","mobile":6292060639,"dob":"1999-12-20","pan":"DWZKR6881L","employment":"salaried","isactive":true,"createddt":"2026-01-02 14:30:29","last_updated_dt":"2026-03-25 01:30:29","created_date":"2026-07-02","is_active":true,"file_name":"applicant.csv"},{"applicantid":37436,"applicant_first_name":"Rahul","applicant_middle_name":null,"applicant_last_name":"Yadav","mobile":6296455684,"dob":"1962-12-13","pan":"UJXRE7436L","employment":"doctor","isactive":true,"createddt":"2025-12-01 09:47:02","last_updated_dt":"2026-01-11 18:47:02","created_date":"2026-07-02","is_active":true,"file_name":"applicant.csv"},{"applicantid":39115,"applicant_first_name":"Anaya","applicant_middle_name":"Ramesh","applicant_last_name":"Patel","mobile":6309751685,"dob":"1993-06-14","pan":"PDYHN9115N","employment":"doctor","isactive":true,"createddt":"2024-04-30 05:55:43","last_updated_dt":"2024-05-20 02:55:43","created_date":"2026-07-02","is_active":true,"file_name":"applicant.csv"},{"applicantid":39394,"applicant_first_name":"Sneha","applicant_middle_name":"Sunil","applicant_last_name":"Mishra","mobile":6311961086,"dob":"2003-11-04","pan":"YQVPP9394R","employment":"doctor","isactive":true,"createddt":"2024-05-17 05:53:19","last_updated_dt":"2024-05-26 12:53:19","created_date":"2026-07-02","is_active":true,"file_name":"applicant.csv"},{"applicantid":41526,"applicant_first_name":"Sai","applicant_middle_name":"Dilip","applicant_last_name":"Reddy","mobile":6328844394,"dob":"1990-10-01","pan":"NROEQ1526O","employment":"doctor","isactive":true,"createddt":"2025-01-20 03:39:34","last_updated_dt":"2025-04-18 12:39:34","created_date":"2026-07-02","is_active":true,"file_name":"applicant.csv"},{"applicantid":43407,"applicant_first_name":"Amit","applicant_middle_name":"Ashok","applicant_last_name":"Jain","mobile":6343740033,"dob":"1996-02-14","pan":"MQDGS3407P","employment":"salaried","isactive":false,"createddt":"2025-01-13 23:16:01","last_updated_dt":"2025-02-05 10:16:01","created_date":"2026-07-02","is_active":true,"file_name":"applicant.csv"},{"applicantid":46483,"applicant_first_name":"Pooja","applicant_middle_name":"Ramesh","applicant_last_name":"Verma","mobile":6368098877,"dob":"1988-04-22","pan":"YEILZ6483C","employment":"doctor","isactive":true,"createddt":"2026-02-22 22:20:13","last_updated_dt":"2026-05-05 18:20:13","created_date":"2026-07-02","is_active":true,"file_name":"applicant.csv"}]}

ANALYSIS STEPS:

STEP 1 — VERIFY TYPES
  Review the schema and sample_rows in the JSON below.
  If samples show different types than schema, correct it.
  Example: schema says Int64, but samples show ["25", "N/A"] → correct to Utf8/String

STEP 2 — UNDERSTAND BUSINESS MEANING
  Based on column name and sample values, what does this column represent?
  Example: "date_of_birth" + samples ["1990-05-15", "2000-01-20"] → "Customer birth date"

STEP 3 — DATA QUALITY ASSESSMENT
  Look at null counts, distinct counts, ranges in column_statistics.
  For low-cardinality columns, review value_counts to understand the
  full distribution of categories — not just which values exist, but
  how common each one is. Flag class imbalance (e.g. one value covering
  >95% of rows), unexpectedly rare values that might be data entry
  errors, or values outside the expected set.
  Example: loan_type value_counts = {"PL": 800, "HL": 450, "BL": 90, "XYZ": 2}
  → "XYZ" appearing only twice is likely a data entry error, flag it.

STEP 4 — IDENTIFY KEY COLUMNS
  Which 3-5 columns are most critical for quality analysis?
  Usually: IDs, dates, amounts, status fields

STEP 5 — IDENTIFY CRITICAL DATA POINTS
  Which columns have:
  - Data quality issues (high nulls, duplicates, inconsistent formats, class imbalance)?
  - Security concerns (sensitive data, PII)?
  - Business impact (revenue, transaction amounts, customer status)?
  - Format issues (mixed date formats, invalid values)?
  These are CRITICAL and must be flagged.

STEP 6 — RECOMMEND INDEXES
  Which columns should be indexed for fast queries?
  Think about:
  - Primary keys / IDs (always index)
  - Date fields used in WHERE/JOIN (always index)
  - Status/category fields with filtering (index if low-cardinality)
  - Foreign keys / relationships (always index)
  - High-cardinality fields unlikely to be filtered (skip)

  For each recommendation, explain WHY it should be indexed.

  Examples of good reasons:
  - "Primary key — fast lookups and joins"
  - "Frequently filtered in WHERE clauses"
  - "Date range queries for reports"
  - "Join condition with other tables"
  - "Sorts and aggregations on this column"
  - "Low-cardinality status field — improves filter selectivity"
  
STEP 7 - Conditional / Dependency Checks (Column-Controlled Mandatory Fields) 
  Identify situations where the value of one column determines whether another column should or should not contain data. 
  Examples of controlling relationships Application_Status 
  - Loan_Account_Number Payment_Status 
  - Payment_Date Order_Status 
  - Delivery_Date Approval_Flag 
  - Approved_By Is_Active 
  - Deactivation_Date Employment_Status 
  - Exit_Date Customer_Type 
  -> GST_Number Loan_Status 
  -> Disbursement_Date Product_Type 
  -> Product_Code Country 
  -> State Generate failed rows checks for these dependencies. 
  Examples If Application_Status = 'Disbursed', Loan_Account_Number must not be NULL
  Generate similar validations whenever one column logically controls another.

Return JSON with schema profile:
{
  "table_name": "derived from filename",
  "total_columns": number,
  "total_rows": number,
  "file_size_mb": number,
  "schema": [
    {
      "column": "exact name",
      "business_meaning": "what this represents",
      "data_type": "CORRECTED type (not just inferred)",
      "nullable": boolean,
      "null_count": number,
      "null_pct": number,
      "unique_count": number,
      "validation_rule": "rule to enforce",
      "sample_values": ["val1", "val2", "val3"],
      "categorical_values": ["val1", "val2"] or [],
      "value_distribution": {"val1": 800, "val2": 450} or {}
    }
  ],
  "key_columns": ["col1", "col2", "col3"],
  "critical_data": [
    {
      "column": "column_name",
      "severity": "HIGH" or "MEDIUM",
      "concern": "Specific issue found",
      "impact": "Business/data quality impact"
    }
  ],
  "quality_concerns": ["Specific concern with details"],
  "recommended_indexes": [
    {
      "column": "applicantid",
      "index_type": "B-Tree",
      "reason": "Primary key — enables fast lookups and join operations"
    }
  ],
  "data_completeness_pct": number (average of non-null percentages)
}

2026-07-02 21:00:28 | INFO    | bedrock_client | [bedrock] invoke_model network+generation time: 47.936s
2026-07-02 21:00:28 | INFO    | bedrock_client | [bedrock] response body read+json.loads: 0.001s
2026-07-02 21:00:28 | INFO    | bedrock_client | bedrock call | input_tokens=6749 output_tokens=5220 total=11969 session_total=11969 requests=1
2026-07-02 21:00:28 | INFO    | bedrock_client | [ask_json] ask() total (network+generation+read): 47.940s
2026-07-02 21:00:28 | INFO    | bedrock_client | [ask_json] cleanup + json.loads parse: 0.002s
2026-07-02 21:00:28 | INFO    | app | [poc1] STEP 4 - ask_json (Bedrock call, incl. JSON parse): 47.943s
2026-07-02 21:00:28 | INFO    | app | [poc1] STEP 5 - save_versioned: 0.003s
2026-07-02 21:00:28 | INFO    | app | [poc1] STEP 6 - contract write: 0.000s | new_contract=False
2026-07-02 21:00:28 | INFO    | app | [poc1] TOTAL route time: 48.056s
2026-07-02 21:01:45 | WARNING | werkzeug |  * Debugger is active!
2026-07-02 21:01:47 | WARNING | werkzeug |  * Debugger is active!
2026-07-02 21:01:50 | WARNING | werkzeug |  * Debugger is active!
2026-07-02 21:01:54 | WARNING | werkzeug |  * Debugger is active!
2026-07-02 21:01:55 | WARNING | werkzeug |  * Debugger is active!
2026-07-02 21:02:21 | INFO    | app | upload streamed to disk in 0.02s | file=applicant.csv
2026-07-02 21:02:22 | INFO    | app | DuckDB ingest completed in 0.29s | table=tbl_applicant_csv
2026-07-02 21:02:24 | INFO    | app | [poc1] STEP 1 - getsize: 0.000s
2026-07-02 21:02:25 | INFO    | app | [poc1] STEP 2 - get_full_metadata_for_ai (DuckDB): 0.109s
2026-07-02 21:02:25 | INFO    | app | [poc1] STEP 3 - build_schema_discovery_prompt: 0.000s | prompt_chars=18717
2026-07-02 21:02:25 | INFO    | app | [poc1] USER PROMPT:
CSV METADATA (JSON):
{"schema":{"applicantid":"BIGINT","applicant_first_name":"VARCHAR","applicant_middle_name":"VARCHAR","applicant_last_name":"VARCHAR","mobile":"BIGINT","dob":"DATE","pan":"VARCHAR","employment":"VARCHAR","isactive":"BOOLEAN","createddt":"TIMESTAMP","last_updated_dt":"TIMESTAMP","created_date":"DATE","is_active":"BOOLEAN","file_name":"VARCHAR"},"column_statistics":[{"name":"applicantid","type":"BIGINT","null_count":0,"null_pct":0.0,"distinct_count":43184,"min":"1","max":"46973"},{"name":"applicant_first_name","type":"VARCHAR","null_count":0,"null_pct":0.0,"distinct_count":30,"min":"Aadhya","max":"Vivaan"},{"name":"applicant_middle_name","type":"VARCHAR","null_count":3086,"null_pct":6.57,"distinct_count":16,"min":"Anil","max":"Vijay","value_counts":{"Mohan":3209,"Vijay":3187,"Prakash":3185,"Devi":3171,"Ramesh":3165,"Ashok":3132,"Laxmi":3130,"Suresh":3127,"Sunil":3115,"Madhav":3107,"Dilip":3104,"Anil":3092,"Kumar":3089,"Raj":3073}},{"name":"applicant_last_name","type":"VARCHAR","null_count":0,"null_pct":0.0,"distinct_count":22,"min":"Agarwal","max":"Yadav"},{"name":"mobile","type":"BIGINT","null_count":0,"null_pct":0.0,"distinct_count":47799,"min":"6000007919","max":"6371979187"},{"name":"dob","type":"DATE","null_count":0,"null_pct":0.0,"distinct_count":12957,"min":"1960-01-01","max":"2004-12-31"},{"name":"pan","type":"VARCHAR","null_count":0,"null_pct":0.0,"distinct_count":48695,"min":"AAAOC1786K","max":"ZZZYF5487H"},{"name":"employment","type":"VARCHAR","null_count":0,"null_pct":0.0,"distinct_count":3,"min":"business","max":"salaried","value_counts":{"salaried":15669,"business":15663,"doctor":15641}},{"name":"isactive","type":"BOOLEAN","null_count":0,"null_pct":0.0,"distinct_count":2,"min":"false","max":"true","value_counts":{"True":35259,"False":11714}},{"name":"createddt","type":"TIMESTAMP","null_count":0,"null_pct":0.0,"distinct_count":41296,"min":"2023-11-07 14:13:05","max":"2026-04-26 13:48:08"},{"name":"last_updated_dt","type":"TIMESTAMP","null_count":0,"null_pct":0.0,"distinct_count":44975,"min":"2023-11-08 17:59:55","max":"2026-08-23 15:06:15"},{"name":"created_date","type":"DATE","null_count":0,"null_pct":0.0,"distinct_count":1,"min":"2026-07-02","max":"2026-07-02","value_counts":{"2026-07-02":46973}},{"name":"is_active","type":"BOOLEAN","null_count":0,"null_pct":0.0,"distinct_count":1,"min":"true","max":"true","value_counts":{"True":46973}},{"name":"file_name","type":"VARCHAR","null_count":0,"null_pct":0.0,"distinct_count":1,"min":"applicant.csv","max":"applicant.csv","value_counts":{"applicant.csv":46973}}],"sample_rows":[{"applicantid":1940,"applicant_first_name":"Anika","applicant_middle_name":"Suresh","applicant_last_name":"Nair","mobile":6015362860,"dob":"1993-05-02","pan":"NIFSX1940H","employment":"doctor","isactive":true,"createddt":"2025-08-20 20:48:50","last_updated_dt":"2025-11-15 01:48:50","created_date":"2026-07-02","is_active":true,"file_name":"applicant.csv"},{"applicantid":2694,"applicant_first_name":"Reyansh","applicant_middle_name":"Ramesh","applicant_last_name":"Kumar","mobile":6021333786,"dob":"1964-04-03","pan":"ZQXQA2694N","employment":"doctor","isactive":false,"createddt":"2024-10-25 14:51:10","last_updated_dt":"2025-01-21 02:51:10","created_date":"2026-07-02","is_active":true,"file_name":"applicant.csv"},{"applicantid":3106,"applicant_first_name":"Vihaan","applicant_middle_name":"Ramesh","applicant_last_name":"Jain","mobile":6024596414,"dob":"1993-02-23","pan":"ERJNA3106R","employment":"salaried","isactive":false,"createddt":"2023-11-12 08:20:27","last_updated_dt":"2024-01-14 02:20:27","created_date":"2026-07-02","is_active":true,"file_name":"applicant.csv"},{"applicantid":6884,"applicant_first_name":"Reyansh","applicant_middle_name":"Madhav","applicant_last_name":"Jain","mobile":6054514396,"dob":"1983-12-20","pan":"OCWWR6884S","employment":"doctor","isactive":true,"createddt":"2024-12-03 16:56:44","last_updated_dt":"2024-12-11 05:56:44","created_date":"2026-07-02","is_active":true,"file_name":"applicant.csv"},{"applicantid":7991,"applicant_first_name":"Ishaan","applicant_middle_name":"Ashok","applicant_last_name":"Chopra","mobile":6063280729,"dob":"1995-03-12","pan":"CWAGN7991N","employment":"business","isactive":true,"createddt":"2026-02-03 03:38:20","last_updated_dt":"2026-02-21 12:38:20","created_date":"2026-07-02","is_active":true,"file_name":"applicant.csv"},{"applicantid":9046,"applicant_first_name":"Pooja","applicant_middle_name":null,"applicant_last_name":"Verma","mobile":6071635274,"dob":"1998-02-17","pan":"LAAWF9046V","employment":"doctor","isactive":false,"createddt":"2024-07-08 23:14:52","last_updated_dt":"2024-09-20 06:14:52","created_date":"2026-07-02","is_active":true,"file_name":"applicant.csv"},{"applicantid":10843,"applicant_first_name":"Saanvi","applicant_middle_name":"Ashok","applicant_last_name":"Bajaj","mobile":6085865717,"dob":"1985-10-30","pan":"UTVIZ0843M","employment":"salaried","isactive":true,"createddt":"2025-06-11 21:03:43","last_updated_dt":"2025-08-02 02:03:43","created_date":"2026-07-02","is_active":true,"file_name":"applicant.csv"},{"applicantid":11140,"applicant_first_name":"Diya","applicant_middle_name":"Kumar","applicant_last_name":"Reddy","mobile":6088217660,"dob":"1965-09-18","pan":"KMVSB1140F","employment":"doctor","isactive":true,"createddt":"2024-07-11 14:10:41","last_updated_dt":"2024-11-07 22:10:41","created_date":"2026-07-02","is_active":true,"file_name":"applicant.csv"},{"applicantid":14153,"applicant_first_name":"Rohan","applicant_middle_name":null,"applicant_last_name":"Joshi","mobile":6112077607,"dob":"1970-06-27","pan":"LSXXZ4153E","employment":"business","isactive":true,"createddt":"2024-01-09 01:13:26","last_updated_dt":"2024-04-04 21:13:26","created_date":"2026-07-02","is_active":true,"file_name":"applicant.csv"},{"applicantid":15416,"applicant_first_name":"Sara","applicant_middle_name":"Devi","applicant_last_name":"Pawar","mobile":6122079304,"dob":"1982-08-01","pan":"GIDRG5416L","employment":"salaried","isactive":false,"createddt":"2024-02-07 03:38:08","last_updated_dt":"2024-02-11 23:38:08","created_date":"2026-07-02","is_active":true,"file_name":"applicant.csv"},{"applicantid":16062,"applicant_first_name":"Rahul","applicant_middle_name":"Anil","applicant_last_name":"Pawar","mobile":6127194978,"dob":"1974-02-18","pan":"KDFVO6062V","employment":"business","isactive":true,"createddt":"2025-12-31 00:29:00","last_updated_dt":"2026-04-10 03:29:00","created_date":"2026-07-02","is_active":true,"file_name":"applicant.csv"},{"applicantid":16545,"applicant_first_name":"Arjun","applicant_middle_name":"Anil","applicant_last_name":"Joshi","mobile":6131019855,"dob":"2002-08-06","pan":"NHANV6545F","employment":"doctor","isactive":true,"createddt":"2024-10-30 16:11:56","last_updated_dt":"2025-01-21 08:11:56","created_date":"2026-07-02","is_active":true,"file_name":"applicant.csv"},{"applicantid":20262,"applicant_first_name":"Ishaan","applicant_middle_name":"Raj","applicant_last_name":"Mishra","mobile":6160454778,"dob":"1961-08-24","pan":"BBBNX0262S","employment":"business","isactive":true,"createddt":"2023-12-12 05:23:26","last_updated_dt":"2024-02-20 11:23:26","created_date":"2026-07-02","is_active":true,"file_name":"applicant.csv"},{"applicantid":21128,"applicant_first_name":"Sagar","applicant_middle_name":"Anil","applicant_last_name":"Gupta","mobile":6167312632,"dob":"1982-07-25","pan":"SYFSR1128N","employment":"business","isactive":true,"createddt":"2024-10-11 05:52:40","last_updated_dt":"2025-01-19 21:52:40","created_date":"2026-07-02","is_active":true,"file_name":"applicant.csv"},{"applicantid":23599,"applicant_first_name":"Sneha","applicant_middle_name":"Vijay","applicant_last_name":"Kulkarni","mobile":6186880481,"dob":"1961-09-09","pan":"QZMDW3599Y","employment":"salaried","isactive":true,"createddt":"2025-12-10 23:31:38","last_updated_dt":"2026-03-24 21:31:38","created_date":"2026-07-02","is_active":true,"file_name":"applicant.csv"},{"applicantid":23667,"applicant_first_name":"Vivaan","applicant_middle_name":"Sunil","applicant_last_name":"Mishra","mobile":6187418973,"dob":"1983-07-07","pan":"NKZDF3667L","employment":"business","isactive":false,"createddt":"2025-02-11 21:09:51","last_updated_dt":"2025-03-23 21:09:51","created_date":"2026-07-02","is_active":true,"file_name":"applicant.csv"},{"applicantid":24852,"applicant_first_name":"Muhammad","applicant_middle_name":"Raj","applicant_last_name":"Joshi","mobile":6196802988,"dob":"1981-11-04","pan":"EMZGP4852M","employment":"business","isactive":true,"createddt":"2025-06-10 04:35:17","last_updated_dt":"2025-08-14 22:35:17","created_date":"2026-07-02","is_active":true,"file_name":"applicant.csv"},{"applicantid":27729,"applicant_first_name":"Diya","applicant_middle_name":"Dilip","applicant_last_name":"Kulkarni","mobile":6219585951,"dob":"1994-05-31","pan":"JTPRK7729D","employment":"salaried","isactive":true,"createddt":"2025-06-22 04:49:42","last_updated_dt":"2025-07-02 15:49:42","created_date":"2026-07-02","is_active":true,"file_name":"applicant.csv"},{"applicantid":29912,"applicant_first_name":"Avni","applicant_middle_name":"Raj","applicant_last_name":"Kumar","mobile":6236873128,"dob":"1988-01-10","pan":"UQICX9912P","employment":"salaried","isactive":true,"createddt":"2025-08-13 22:26:04","last_updated_dt":"2025-09-03 18:26:04","created_date":"2026-07-02","is_active":true,"file_name":"applicant.csv"},{"applicantid":31933,"applicant_first_name":"Kiran","applicant_middle_name":"Madhav","applicant_last_name":"Jain","mobile":6252877427,"dob":"1961-09-05","pan":"YYUCX1933K","employment":"salaried","isactive":false,"createddt":"2025-07-08 13:35:46","last_updated_dt":"2025-07-16 04:35:46","created_date":"2026-07-02","is_active":true,"file_name":"applicant.csv"},{"applicantid":32371,"applicant_first_name":"Nikhil","applicant_middle_name":"Mohan","applicant_last_name":"Agarwal","mobile":6256345949,"dob":"1994-05-08","pan":"VPQBI2371T","employment":"business","isactive":false,"createddt":"2024-06-23 06:30:31","last_updated_dt":"2024-08-26 06:30:31","created_date":"2026-07-02","is_active":true,"file_name":"applicant.csv"},{"applicantid":35280,"applicant_first_name":"Ira","applicant_middle_name":"Dilip","applicant_last_name":"Mishra","mobile":6279382320,"dob":"1967-02-09","pan":"AKLWU5280D","employment":"doctor","isactive":true,"createddt":"2026-04-25 02:49:28","last_updated_dt":"2026-06-10 23:49:28","created_date":"2026-07-02","is_active":true,"file_name":"applicant.csv"},{"applicantid":35675,"applicant_first_name":"Pooja","applicant_middle_name":"Suresh","applicant_last_name":"Sharma","mobile":6282510325,"dob":"1979-08-28","pan":"JHEQN5675E","employment":"doctor","isactive":true,"createddt":"2023-12-22 17:33:44","last_updated_dt":"2024-02-21 15:33:44","created_date":"2026-07-02","is_active":true,"file_name":"applicant.csv"},{"applicantid":38002,"applicant_first_name":"Sai","applicant_middle_name":"Mohan","applicant_last_name":"Yadav","mobile":6300937838,"dob":"1993-12-10","pan":"ENQAY8002U","employment":"doctor","isactive":true,"createddt":"2025-06-18 04:08:10","last_updated_dt":"2025-08-18 09:08:10","created_date":"2026-07-02","is_active":true,"file_name":"applicant.csv"},{"applicantid":38907,"applicant_first_name":"Sagar","applicant_middle_name":null,"applicant_last_name":"Yadav","mobile":6308104533,"dob":"1997-08-25","pan":"EDZFF8907X","employment":"doctor","isactive":true,"createddt":"2024-03-05 19:13:23","last_updated_dt":"2024-06-08 10:13:23","created_date":"2026-07-02","is_active":true,"file_name":"applicant.csv"},{"applicantid":39356,"applicant_first_name":"Aditya","applicant_middle_name":"Mohan","applicant_last_name":"Gupta","mobile":6311660164,"dob":"1961-08-27","pan":"BPPRH9356B","employment":"salaried","isactive":true,"createddt":"2025-01-18 14:05:16","last_updated_dt":"2025-05-12 10:05:16","created_date":"2026-07-02","is_active":true,"file_name":"applicant.csv"},{"applicantid":39848,"applicant_first_name":"Aditya","applicant_middle_name":"Mohan","applicant_last_name":"Jain","mobile":6315556312,"dob":"1987-05-16","pan":"LTFZQ9848H","employment":"business","isactive":true,"createddt":"2025-06-17 17:08:55","last_updated_dt":"2025-06-26 06:08:55","created_date":"2026-07-02","is_active":true,"file_name":"applicant.csv"},{"applicantid":41836,"applicant_first_name":"Ishaan","applicant_middle_name":"Ramesh","applicant_last_name":"Mehta","mobile":6331299284,"dob":"1991-07-12","pan":"PXJNP1836R","employment":"doctor","isactive":true,"createddt":"2024-11-13 20:11:19","last_updated_dt":"2024-12-03 05:11:19","created_date":"2026-07-02","is_active":true,"file_name":"applicant.csv"},{"applicantid":44665,"applicant_first_name":"Krishna","applicant_middle_name":"Anil","applicant_last_name":"Patel","mobile":6353702135,"dob":"1973-04-14","pan":"VFNQJ4665X","employment":"doctor","isactive":true,"createddt":"2025-01-20 10:32:19","last_updated_dt":"2025-04-24 06:32:19","created_date":"2026-07-02","is_active":true,"file_name":"applicant.csv"},{"applicantid":45696,"applicant_first_name":"Ira","applicant_middle_name":"Prakash","applicant_last_name":"Pawar","mobile":6361866624,"dob":"1964-09-20","pan":"VHZTP5696B","employment":"doctor","isactive":false,"createddt":"2025-09-09 09:34:31","last_updated_dt":"2025-11-14 16:34:31","created_date":"2026-07-02","is_active":true,"file_name":"applicant.csv"}]}

ANALYSIS STEPS:

STEP 1 — VERIFY TYPES
  Review the schema and sample_rows in the JSON below.
  If samples show different types than schema, correct it.
  Example: schema says Int64, but samples show ["25", "N/A"] → correct to Utf8/String

STEP 2 — UNDERSTAND BUSINESS MEANING
  Based on column name and sample values, what does this column represent?
  Example: "date_of_birth" + samples ["1990-05-15", "2000-01-20"] → "Customer birth date"

STEP 3 — DATA QUALITY ASSESSMENT
  Look at null counts, distinct counts, ranges in column_statistics.
  For low-cardinality columns, review value_counts to understand the
  full distribution of categories — not just which values exist, but
  how common each one is. Flag class imbalance (e.g. one value covering
  >95% of rows), unexpectedly rare values that might be data entry
  errors, or values outside the expected set.
  Example: loan_type value_counts = {"PL": 800, "HL": 450, "BL": 90, "XYZ": 2}
  → "XYZ" appearing only twice is likely a data entry error, flag it.

STEP 4 — IDENTIFY KEY COLUMNS
  Which 3-5 columns are most critical for quality analysis?
  Usually: IDs, dates, amounts, status fields

STEP 5 — IDENTIFY CRITICAL DATA POINTS
  Which columns have:
  - Data quality issues (high nulls, duplicates, inconsistent formats, class imbalance)?
  - Security concerns (sensitive data, PII)?
  - Business impact (revenue, transaction amounts, customer status)?
  - Format issues (mixed date formats, invalid values)?
  These are CRITICAL and must be flagged.

STEP 6 — RECOMMEND INDEXES
  Which columns should be indexed for fast queries?
  Think about:
  - Primary keys / IDs (always index)
  - Date fields used in WHERE/JOIN (always index)
  - Status/category fields with filtering (index if low-cardinality)
  - Foreign keys / relationships (always index)
  - High-cardinality fields unlikely to be filtered (skip)

  For each recommendation, explain WHY it should be indexed.

  Examples of good reasons:
  - "Primary key — fast lookups and joins"
  - "Frequently filtered in WHERE clauses"
  - "Date range queries for reports"
  - "Join condition with other tables"
  - "Sorts and aggregations on this column"
  - "Low-cardinality status field — improves filter selectivity"
  
STEP 7 - Conditional / Dependency Checks (Column-Controlled Mandatory Fields) 
  Identify situations where the value of one column determines whether another column should or should not contain data. 
  Examples of controlling relationships Application_Status 
  - Loan_Account_Number Payment_Status 
  - Payment_Date Order_Status 
  - Delivery_Date Approval_Flag 
  - Approved_By Is_Active 
  - Deactivation_Date Employment_Status 
  - Exit_Date Customer_Type 
  -> GST_Number Loan_Status 
  -> Disbursement_Date Product_Type 
  -> Product_Code Country 
  -> State Generate failed rows checks for these dependencies. 
  Examples If Application_Status = 'Disbursed', Loan_Account_Number must not be NULL
  Generate similar validations whenever one column logically controls another.

Return JSON with schema profile:
{
  "table_name": "derived from filename",
  "total_columns": number,
  "total_rows": number,
  "file_size_mb": number,
  "schema": [
    {
      "column": "exact name",
      "business_meaning": "what this represents",
      "data_type": "CORRECTED type (not just inferred)",
      "nullable": boolean,
      "null_count": number,
      "null_pct": number,
      "unique_count": number,
      "validation_rule": "rule to enforce",
      "sample_values": ["val1", "val2", "val3"],
      "categorical_values": ["val1", "val2"] or [],
      "value_distribution": {"val1": 800, "val2": 450} or {}
    }
  ],
  "key_columns": ["col1", "col2", "col3"],
  "critical_data": [
    {
      "column": "column_name",
      "severity": "HIGH" or "MEDIUM",
      "concern": "Specific issue found",
      "impact": "Business/data quality impact"
    }
  ],
  "quality_concerns": ["Specific concern with details"],
  "recommended_indexes": [
    {
      "column": "applicantid",
      "index_type": "B-Tree",
      "reason": "Primary key — enables fast lookups and join operations"
    }
  ],
  "data_completeness_pct": number (average of non-null percentages)
}

2026-07-02 21:03:12 | INFO    | bedrock_client | [bedrock] invoke_model network+generation time: 47.886s
2026-07-02 21:03:12 | INFO    | bedrock_client | [bedrock] response body read+json.loads: 0.002s
2026-07-02 21:03:12 | INFO    | bedrock_client | bedrock call | input_tokens=6749 output_tokens=5809 total=12558 session_total=12558 requests=1
2026-07-02 21:03:12 | INFO    | bedrock_client | [ask_json] ask() total (network+generation+read): 47.890s
2026-07-02 21:03:13 | INFO    | bedrock_client | [ask_json] cleanup + json.loads parse: 0.002s
2026-07-02 21:03:13 | INFO    | app | [poc1] STEP 4 - ask_json (Bedrock call, incl. JSON parse): 47.892s
2026-07-02 21:03:13 | INFO    | app | [poc1] STEP 5 - save_versioned: 0.004s
2026-07-02 21:03:13 | INFO    | app | [poc1] STEP 6 - contract write: 0.000s | new_contract=False
2026-07-02 21:03:13 | INFO    | app | [poc1] TOTAL route time: 48.007s
2026-07-02 21:03:22 | INFO    | app | SODA YAML Prompt (first 500 chars):
RULE GENERATION PRIORITY

DO NOT use: failed rows, fail query, alert, warn, valid_format, regex
ONLY use: row_count, missing_count, duplicate_count, min(), max(), invalid_count

1. TABLE LEVEL CHECKS
Always include checks for <table_name>:
  - row_count > 0
If expected row count is known, generate an appropriate threshold.

2. MISSING VALUE CHECKS
Use actual metadata.
If nullable = false → Generate missing_count(column) = 0
If nullable=true → Use observed null count with reasonable tolerance
Alw
2026-07-02 21:03:33 | INFO    | bedrock_client | [bedrock] invoke_model network+generation time: 10.770s
2026-07-02 21:03:33 | INFO    | bedrock_client | [bedrock] response body read+json.loads: 0.001s
2026-07-02 21:03:33 | INFO    | bedrock_client | bedrock call | input_tokens=7826 output_tokens=1898 total=9724 session_total=22282 requests=2
2026-07-02 21:04:37 | INFO    | app | upload streamed to disk in 0.02s | file=application.csv
2026-07-02 21:04:37 | INFO    | app | DuckDB ingest completed in 0.26s | table=tbl_application_csv
2026-07-02 21:04:40 | INFO    | app | [poc1] STEP 1 - getsize: 0.001s
2026-07-02 21:04:40 | INFO    | app | [poc1] STEP 2 - get_full_metadata_for_ai (DuckDB): 0.131s
2026-07-02 21:04:40 | INFO    | app | [poc1] STEP 3 - build_schema_discovery_prompt: 0.000s | prompt_chars=15147
2026-07-02 21:04:40 | INFO    | app | [poc1] USER PROMPT:
CSV METADATA (JSON):
{"schema":{"applicationid":"BIGINT","createddt":"TIMESTAMP","applicantid":"BIGINT","productcd":"VARCHAR","appstatus":"VARCHAR","lan":"VARCHAR","isactive":"BOOLEAN","last_updated_dt":"TIMESTAMP","created_date":"DATE","is_active":"BOOLEAN","file_name":"VARCHAR"},"column_statistics":[{"name":"applicationid","type":"BIGINT","null_count":0,"null_pct":0.0,"distinct_count":63228,"min":"1","max":"71123"},{"name":"createddt","type":"TIMESTAMP","null_count":0,"null_pct":0.0,"distinct_count":69841,"min":"2024-05-25 14:14:15","max":"2026-04-26 14:06:28"},{"name":"applicantid","type":"BIGINT","null_count":0,"null_pct":0.0,"distinct_count":43184,"min":"1","max":"46973"},{"name":"productcd","type":"VARCHAR","null_count":0,"null_pct":0.0,"distinct_count":3,"min":"BL","max":"PL","value_counts":{"PL":23774,"BL":23703,"HL":23646}},{"name":"appstatus","type":"VARCHAR","null_count":0,"null_pct":0.0,"distinct_count":5,"min":"AIP","max":"disbursed","value_counts":{"created":17671,"disbursed":14336,"AIP":14230,"approved":14217,"cancelled":10669}},{"name":"lan","type":"VARCHAR","null_count":56785,"null_pct":79.84,"distinct_count":14905,"min":"LAN2026000000000001","max":"LAN2026000000071123"},{"name":"isactive","type":"BOOLEAN","null_count":0,"null_pct":0.0,"distinct_count":2,"min":"false","max":"true","value_counts":{"True":53254,"False":17869}},{"name":"last_updated_dt","type":"TIMESTAMP","null_count":0,"null_pct":0.0,"distinct_count":56735,"min":"2024-05-26 23:10:11","max":"2026-07-25 11:27:50"},{"name":"created_date","type":"DATE","null_count":0,"null_pct":0.0,"distinct_count":1,"min":"2026-07-02","max":"2026-07-02","value_counts":{"2026-07-02":71123}},{"name":"is_active","type":"BOOLEAN","null_count":0,"null_pct":0.0,"distinct_count":1,"min":"true","max":"true","value_counts":{"True":71123}},{"name":"file_name","type":"VARCHAR","null_count":0,"null_pct":0.0,"distinct_count":1,"min":"application.csv","max":"application.csv","value_counts":{"application.csv":71123}}],"sample_rows":[{"applicationid":155,"createddt":"2025-08-01 06:01:26","applicantid":155,"productcd":"BL","appstatus":"approved","lan":null,"isactive":true,"last_updated_dt":"2025-09-22 23:01:26","created_date":"2026-07-02","is_active":true,"file_name":"application.csv"},{"applicationid":825,"createddt":"2026-04-07 23:31:56","applicantid":825,"productcd":"PL","appstatus":"created","lan":null,"isactive":false,"last_updated_dt":"2026-06-09 19:31:56","created_date":"2026-07-02","is_active":true,"file_name":"application.csv"},{"applicationid":5807,"createddt":"2025-01-30 12:50:47","applicantid":5807,"productcd":"BL","appstatus":"disbursed","lan":"LAN2026000000005807","isactive":false,"last_updated_dt":"2025-03-12 03:50:47","created_date":"2026-07-02","is_active":true,"file_name":"application.csv"},{"applicationid":5924,"createddt":"2025-12-15 14:57:51","applicantid":5924,"productcd":"PL","appstatus":"AIP","lan":null,"isactive":false,"last_updated_dt":"2026-02-18 07:57:51","created_date":"2026-07-02","is_active":true,"file_name":"application.csv"},{"applicationid":8061,"createddt":"2024-12-29 18:38:04","applicantid":8061,"productcd":"PL","appstatus":"cancelled","lan":null,"isactive":true,"last_updated_dt":"2025-03-05 10:38:04","created_date":"2026-07-02","is_active":true,"file_name":"application.csv"},{"applicationid":8368,"createddt":"2026-03-15 23:20:57","applicantid":8368,"productcd":"BL","appstatus":"created","lan":null,"isactive":true,"last_updated_dt":"2026-04-02 10:20:57","created_date":"2026-07-02","is_active":true,"file_name":"application.csv"},{"applicationid":8902,"createddt":"2026-02-05 08:40:16","applicantid":8902,"productcd":"PL","appstatus":"AIP","lan":null,"isactive":true,"last_updated_dt":"2026-03-14 06:40:16","created_date":"2026-07-02","is_active":true,"file_name":"application.csv"},{"applicationid":12929,"createddt":"2025-09-29 08:53:47","applicantid":12929,"productcd":"PL","appstatus":"AIP","lan":null,"isactive":true,"last_updated_dt":"2025-11-14 04:53:47","created_date":"2026-07-02","is_active":true,"file_name":"application.csv"},{"applicationid":15440,"createddt":"2025-01-02 10:06:04","applicantid":15440,"productcd":"PL","appstatus":"AIP","lan":null,"isactive":true,"last_updated_dt":"2025-02-20 16:06:04","created_date":"2026-07-02","is_active":true,"file_name":"application.csv"},{"applicationid":18487,"createddt":"2024-07-22 17:12:20","applicantid":18487,"productcd":"BL","appstatus":"AIP","lan":null,"isactive":true,"last_updated_dt":"2024-08-10 20:12:20","created_date":"2026-07-02","is_active":true,"file_name":"application.csv"},{"applicationid":21962,"createddt":"2024-07-05 10:27:50","applicantid":21962,"productcd":"PL","appstatus":"created","lan":null,"isactive":false,"last_updated_dt":"2024-08-01 08:27:50","created_date":"2026-07-02","is_active":true,"file_name":"application.csv"},{"applicationid":24002,"createddt":"2025-09-04 05:01:09","applicantid":24002,"productcd":"HL","appstatus":"created","lan":null,"isactive":true,"last_updated_dt":"2025-10-18 03:01:09","created_date":"2026-07-02","is_active":true,"file_name":"application.csv"},{"applicationid":24267,"createddt":"2024-07-08 19:14:21","applicantid":24267,"productcd":"HL","appstatus":"approved","lan":null,"isactive":true,"last_updated_dt":"2024-09-03 03:14:21","created_date":"2026-07-02","is_active":true,"file_name":"application.csv"},{"applicationid":24997,"createddt":"2025-07-30 21:55:21","applicantid":24997,"productcd":"BL","appstatus":"disbursed","lan":"LAN2026000000024997","isactive":false,"last_updated_dt":"2025-09-11 21:55:21","created_date":"2026-07-02","is_active":true,"file_name":"application.csv"},{"applicationid":28553,"createddt":"2025-08-07 23:44:28","applicantid":28553,"productcd":"PL","appstatus":"AIP","lan":null,"isactive":true,"last_updated_dt":"2025-10-29 21:44:28","created_date":"2026-07-02","is_active":true,"file_name":"application.csv"},{"applicationid":30232,"createddt":"2026-03-02 15:26:20","applicantid":30232,"productcd":"PL","appstatus":"AIP","lan":null,"isactive":true,"last_updated_dt":"2026-04-01 13:26:20","created_date":"2026-07-02","is_active":true,"file_name":"application.csv"},{"applicationid":35851,"createddt":"2025-08-19 05:30:56","applicantid":35851,"productcd":"BL","appstatus":"created","lan":null,"isactive":false,"last_updated_dt":"2025-10-12 09:30:56","created_date":"2026-07-02","is_active":true,"file_name":"application.csv"},{"applicationid":38343,"createddt":"2025-08-04 11:53:14","applicantid":38343,"productcd":"HL","appstatus":"cancelled","lan":null,"isactive":true,"last_updated_dt":"2025-09-02 06:53:14","created_date":"2026-07-02","is_active":true,"file_name":"application.csv"},{"applicationid":39008,"createddt":"2024-11-21 09:03:58","applicantid":39008,"productcd":"HL","appstatus":"created","lan":null,"isactive":true,"last_updated_dt":"2025-01-10 03:03:58","created_date":"2026-07-02","is_active":true,"file_name":"application.csv"},{"applicationid":39973,"createddt":"2025-01-14 17:48:09","applicantid":39973,"productcd":"PL","appstatus":"created","lan":null,"isactive":true,"last_updated_dt":"2025-04-11 17:48:09","created_date":"2026-07-02","is_active":true,"file_name":"application.csv"},{"applicationid":41176,"createddt":"2025-04-21 17:47:08","applicantid":41176,"productcd":"PL","appstatus":"approved","lan":null,"isactive":true,"last_updated_dt":"2025-06-25 08:47:08","created_date":"2026-07-02","is_active":true,"file_name":"application.csv"},{"applicationid":44379,"createddt":"2025-11-03 11:25:16","applicantid":44379,"productcd":"PL","appstatus":"disbursed","lan":"LAN2026000000044379","isactive":true,"last_updated_dt":"2025-11-30 15:25:16","created_date":"2026-07-02","is_active":true,"file_name":"application.csv"},{"applicationid":54593,"createddt":"2025-02-18 18:38:44","applicantid":7620,"productcd":"HL","appstatus":"AIP","lan":null,"isactive":true,"last_updated_dt":"2025-05-17 17:38:44","created_date":"2026-07-02","is_active":true,"file_name":"application.csv"},{"applicationid":56454,"createddt":"2026-02-07 17:29:45","applicantid":9481,"productcd":"BL","appstatus":"created","lan":null,"isactive":true,"last_updated_dt":"2026-03-28 19:29:45","created_date":"2026-07-02","is_active":true,"file_name":"application.csv"},{"applicationid":58372,"createddt":"2024-08-07 15:53:41","applicantid":11399,"productcd":"PL","appstatus":"cancelled","lan":null,"isactive":false,"last_updated_dt":"2024-10-09 12:53:41","created_date":"2026-07-02","is_active":true,"file_name":"application.csv"},{"applicationid":61347,"createddt":"2024-09-07 15:11:52","applicantid":14374,"productcd":"BL","appstatus":"created","lan":null,"isactive":true,"last_updated_dt":"2024-10-08 11:11:52","created_date":"2026-07-02","is_active":true,"file_name":"application.csv"},{"applicationid":62180,"createddt":"2026-03-11 20:13:05","applicantid":15207,"productcd":"HL","appstatus":"AIP","lan":null,"isactive":true,"last_updated_dt":"2026-05-26 21:13:05","created_date":"2026-07-02","is_active":true,"file_name":"application.csv"},{"applicationid":66111,"createddt":"2026-01-14 08:33:36","applicantid":19138,"productcd":"HL","appstatus":"cancelled","lan":null,"isactive":true,"last_updated_dt":"2026-04-08 20:33:36","created_date":"2026-07-02","is_active":true,"file_name":"application.csv"},{"applicationid":67983,"createddt":"2024-09-08 19:56:30","applicantid":21010,"productcd":"BL","appstatus":"approved","lan":null,"isactive":false,"last_updated_dt":"2024-10-04 07:56:30","created_date":"2026-07-02","is_active":true,"file_name":"application.csv"},{"applicationid":70613,"createddt":"2024-07-03 09:11:38","applicantid":23640,"productcd":"PL","appstatus":"approved","lan":null,"isactive":true,"last_updated_dt":"2024-09-06 12:11:38","created_date":"2026-07-02","is_active":true,"file_name":"application.csv"}]}

ANALYSIS STEPS:

STEP 1 — VERIFY TYPES
  Review the schema and sample_rows in the JSON below.
  If samples show different types than schema, correct it.
  Example: schema says Int64, but samples show ["25", "N/A"] → correct to Utf8/String

STEP 2 — UNDERSTAND BUSINESS MEANING
  Based on column name and sample values, what does this column represent?
  Example: "date_of_birth" + samples ["1990-05-15", "2000-01-20"] → "Customer birth date"

STEP 3 — DATA QUALITY ASSESSMENT
  Look at null counts, distinct counts, ranges in column_statistics.
  For low-cardinality columns, review value_counts to understand the
  full distribution of categories — not just which values exist, but
  how common each one is. Flag class imbalance (e.g. one value covering
  >95% of rows), unexpectedly rare values that might be data entry
  errors, or values outside the expected set.
  Example: loan_type value_counts = {"PL": 800, "HL": 450, "BL": 90, "XYZ": 2}
  → "XYZ" appearing only twice is likely a data entry error, flag it.

STEP 4 — IDENTIFY KEY COLUMNS
  Which 3-5 columns are most critical for quality analysis?
  Usually: IDs, dates, amounts, status fields

STEP 5 — IDENTIFY CRITICAL DATA POINTS
  Which columns have:
  - Data quality issues (high nulls, duplicates, inconsistent formats, class imbalance)?
  - Security concerns (sensitive data, PII)?
  - Business impact (revenue, transaction amounts, customer status)?
  - Format issues (mixed date formats, invalid values)?
  These are CRITICAL and must be flagged.

STEP 6 — RECOMMEND INDEXES
  Which columns should be indexed for fast queries?
  Think about:
  - Primary keys / IDs (always index)
  - Date fields used in WHERE/JOIN (always index)
  - Status/category fields with filtering (index if low-cardinality)
  - Foreign keys / relationships (always index)
  - High-cardinality fields unlikely to be filtered (skip)

  For each recommendation, explain WHY it should be indexed.

  Examples of good reasons:
  - "Primary key — fast lookups and joins"
  - "Frequently filtered in WHERE clauses"
  - "Date range queries for reports"
  - "Join condition with other tables"
  - "Sorts and aggregations on this column"
  - "Low-cardinality status field — improves filter selectivity"
  
STEP 7 - Conditional / Dependency Checks (Column-Controlled Mandatory Fields) 
  Identify situations where the value of one column determines whether another column should or should not contain data. 
  Examples of controlling relationships Application_Status 
  - Loan_Account_Number Payment_Status 
  - Payment_Date Order_Status 
  - Delivery_Date Approval_Flag 
  - Approved_By Is_Active 
  - Deactivation_Date Employment_Status 
  - Exit_Date Customer_Type 
  -> GST_Number Loan_Status 
  -> Disbursement_Date Product_Type 
  -> Product_Code Country 
  -> State Generate failed rows checks for these dependencies. 
  Examples If Application_Status = 'Disbursed', Loan_Account_Number must not be NULL
  Generate similar validations whenever one column logically controls another.

Return JSON with schema profile:
{
  "table_name": "derived from filename",
  "total_columns": number,
  "total_rows": number,
  "file_size_mb": number,
  "schema": [
    {
      "column": "exact name",
      "business_meaning": "what this represents",
      "data_type": "CORRECTED type (not just inferred)",
      "nullable": boolean,
      "null_count": number,
      "null_pct": number,
      "unique_count": number,
      "validation_rule": "rule to enforce",
      "sample_values": ["val1", "val2", "val3"],
      "categorical_values": ["val1", "val2"] or [],
      "value_distribution": {"val1": 800, "val2": 450} or {}
    }
  ],
  "key_columns": ["col1", "col2", "col3"],
  "critical_data": [
    {
      "column": "column_name",
      "severity": "HIGH" or "MEDIUM",
      "concern": "Specific issue found",
      "impact": "Business/data quality impact"
    }
  ],
  "quality_concerns": ["Specific concern with details"],
  "recommended_indexes": [
    {
      "column": "applicantid",
      "index_type": "B-Tree",
      "reason": "Primary key — enables fast lookups and join operations"
    }
  ],
  "data_completeness_pct": number (average of non-null percentages)
}

2026-07-02 21:05:10 | INFO    | bedrock_client | [bedrock] invoke_model network+generation time: 29.923s
2026-07-02 21:05:10 | INFO    | bedrock_client | [bedrock] response body read+json.loads: 0.001s
2026-07-02 21:05:10 | INFO    | bedrock_client | bedrock call | input_tokens=5220 output_tokens=4164 total=9384 session_total=31666 requests=3
2026-07-02 21:05:10 | INFO    | bedrock_client | [ask_json] ask() total (network+generation+read): 29.927s
2026-07-02 21:05:10 | INFO    | bedrock_client | [ask_json] cleanup + json.loads parse: 0.001s
2026-07-02 21:05:10 | INFO    | app | [poc1] STEP 4 - ask_json (Bedrock call, incl. JSON parse): 29.928s
2026-07-02 21:05:10 | INFO    | app | [poc1] STEP 5 - save_versioned: 0.003s
2026-07-02 21:05:10 | INFO    | app | [poc1] STEP 6 - contract write: 0.000s | new_contract=False
2026-07-02 21:05:10 | INFO    | app | [poc1] TOTAL route time: 30.066s
2026-07-02 21:13:53 | WARNING | werkzeug |  * Debugger is active!
2026-07-02 21:14:10 | INFO    | app | upload streamed to disk in 0.02s | file=application.csv
2026-07-02 21:14:11 | INFO    | app | DuckDB ingest completed in 0.39s | table=tbl_application_csv
2026-07-02 21:14:14 | INFO    | app | [poc1] STEP 1 - getsize: 0.000s
2026-07-02 21:14:14 | INFO    | app | [poc1] STEP 2 - get_full_metadata_for_ai (DuckDB): 0.127s
2026-07-02 21:14:14 | INFO    | app | [poc1] STEP 3 - build_schema_discovery_prompt: 0.000s | prompt_chars=15309
2026-07-02 21:14:14 | INFO    | app | [poc1] USER PROMPT:
CSV METADATA (JSON):
{"schema":{"applicationid":"BIGINT","createddt":"TIMESTAMP","applicantid":"BIGINT","productcd":"VARCHAR","appstatus":"VARCHAR","lan":"VARCHAR","isactive":"BOOLEAN","last_updated_dt":"TIMESTAMP","created_date":"DATE","is_active":"BOOLEAN","file_name":"VARCHAR"},"column_statistics":[{"name":"applicationid","type":"BIGINT","null_count":0,"null_pct":0.0,"distinct_count":63228,"min":"1","max":"71123"},{"name":"createddt","type":"TIMESTAMP","null_count":0,"null_pct":0.0,"distinct_count":69841,"min":"2024-05-25 14:14:15","max":"2026-04-26 14:06:28"},{"name":"applicantid","type":"BIGINT","null_count":0,"null_pct":0.0,"distinct_count":43184,"min":"1","max":"46973"},{"name":"productcd","type":"VARCHAR","null_count":0,"null_pct":0.0,"distinct_count":3,"min":"BL","max":"PL","value_counts":{"PL":23774,"BL":23703,"HL":23646}},{"name":"appstatus","type":"VARCHAR","null_count":0,"null_pct":0.0,"distinct_count":5,"min":"AIP","max":"disbursed","value_counts":{"created":17671,"disbursed":14336,"AIP":14230,"approved":14217,"cancelled":10669}},{"name":"lan","type":"VARCHAR","null_count":56785,"null_pct":79.84,"distinct_count":14905,"min":"LAN2026000000000001","max":"LAN2026000000071123"},{"name":"isactive","type":"BOOLEAN","null_count":0,"null_pct":0.0,"distinct_count":2,"min":"false","max":"true","value_counts":{"True":53254,"False":17869}},{"name":"last_updated_dt","type":"TIMESTAMP","null_count":0,"null_pct":0.0,"distinct_count":56735,"min":"2024-05-26 23:10:11","max":"2026-07-25 11:27:50"},{"name":"created_date","type":"DATE","null_count":0,"null_pct":0.0,"distinct_count":1,"min":"2026-07-02","max":"2026-07-02","value_counts":{"2026-07-02":71123}},{"name":"is_active","type":"BOOLEAN","null_count":0,"null_pct":0.0,"distinct_count":1,"min":"true","max":"true","value_counts":{"True":71123}},{"name":"file_name","type":"VARCHAR","null_count":0,"null_pct":0.0,"distinct_count":1,"min":"application.csv","max":"application.csv","value_counts":{"application.csv":71123}}],"sample_rows":[{"applicationid":5467,"createddt":"2024-05-26 06:48:55","applicantid":5467,"productcd":"BL","appstatus":"disbursed","lan":"LAN2026000000005467","isactive":true,"last_updated_dt":"2024-08-08 09:48:55","created_date":"2026-07-02","is_active":true,"file_name":"application.csv"},{"applicationid":7366,"createddt":"2025-02-16 01:49:21","applicantid":7366,"productcd":"HL","appstatus":"created","lan":null,"isactive":true,"last_updated_dt":"2025-04-15 03:49:21","created_date":"2026-07-02","is_active":true,"file_name":"application.csv"},{"applicationid":7680,"createddt":"2024-06-07 14:09:15","applicantid":7680,"productcd":"BL","appstatus":"disbursed","lan":"LAN2026000000007680","isactive":true,"last_updated_dt":"2024-06-17 20:09:15","created_date":"2026-07-02","is_active":true,"file_name":"application.csv"},{"applicationid":7736,"createddt":"2024-12-02 00:03:32","applicantid":7736,"productcd":"HL","appstatus":"AIP","lan":null,"isactive":true,"last_updated_dt":"2025-02-15 06:03:32","created_date":"2026-07-02","is_active":true,"file_name":"application.csv"},{"applicationid":8604,"createddt":"2024-12-31 22:23:03","applicantid":8604,"productcd":"BL","appstatus":"approved","lan":null,"isactive":true,"last_updated_dt":"2025-02-22 20:23:03","created_date":"2026-07-02","is_active":true,"file_name":"application.csv"},{"applicationid":9825,"createddt":"2024-05-26 00:59:43","applicantid":9825,"productcd":"HL","appstatus":"disbursed","lan":"LAN2026000000009825","isactive":true,"last_updated_dt":"2024-06-21 20:59:43","created_date":"2026-07-02","is_active":true,"file_name":"application.csv"},{"applicationid":10697,"createddt":"2025-04-08 03:22:43","applicantid":10697,"productcd":"PL","appstatus":"created","lan":null,"isactive":true,"last_updated_dt":"2025-06-24 04:22:43","created_date":"2026-07-02","is_active":true,"file_name":"application.csv"},{"applicationid":12545,"createddt":"2025-03-07 01:32:39","applicantid":12545,"productcd":"PL","appstatus":"cancelled","lan":null,"isactive":true,"last_updated_dt":"2025-06-04 19:32:39","created_date":"2026-07-02","is_active":true,"file_name":"application.csv"},{"applicationid":15187,"createddt":"2025-09-21 02:25:26","applicantid":15187,"productcd":"PL","appstatus":"cancelled","lan":null,"isactive":false,"last_updated_dt":"2025-12-04 18:25:26","created_date":"2026-07-02","is_active":true,"file_name":"application.csv"},{"applicationid":22022,"createddt":"2026-03-08 12:35:15","applicantid":22022,"productcd":"PL","appstatus":"cancelled","lan":null,"isactive":true,"last_updated_dt":"2026-03-11 20:35:15","created_date":"2026-07-02","is_active":true,"file_name":"application.csv"},{"applicationid":22828,"createddt":"2024-08-02 12:47:28","applicantid":22828,"productcd":"PL","appstatus":"disbursed","lan":"LAN2026000000022828","isactive":true,"last_updated_dt":"2024-08-12 00:47:28","created_date":"2026-07-02","is_active":true,"file_name":"application.csv"},{"applicationid":28460,"createddt":"2025-01-24 22:48:16","applicantid":28460,"productcd":"HL","appstatus":"disbursed","lan":"LAN2026000000028460","isactive":true,"last_updated_dt":"2025-04-02 00:48:16","created_date":"2026-07-02","is_active":true,"file_name":"application.csv"},{"applicationid":31319,"createddt":"2025-03-22 20:22:46","applicantid":31319,"productcd":"BL","appstatus":"disbursed","lan":"LAN2026000000031319","isactive":true,"last_updated_dt":"2025-06-16 04:22:46","created_date":"2026-07-02","is_active":true,"file_name":"application.csv"},{"applicationid":32210,"createddt":"2026-01-04 07:08:36","applicantid":32210,"productcd":"BL","appstatus":"disbursed","lan":"LAN2026000000032210","isactive":false,"last_updated_dt":"2026-03-23 06:08:36","created_date":"2026-07-02","is_active":true,"file_name":"application.csv"},{"applicationid":35329,"createddt":"2024-10-25 11:38:21","applicantid":35329,"productcd":"HL","appstatus":"approved","lan":null,"isactive":true,"last_updated_dt":"2025-01-22 08:38:21","created_date":"2026-07-02","is_active":true,"file_name":"application.csv"},{"applicationid":35582,"createddt":"2025-04-04 05:52:15","applicantid":35582,"productcd":"BL","appstatus":"approved","lan":null,"isactive":true,"last_updated_dt":"2025-04-06 11:52:15","created_date":"2026-07-02","is_active":true,"file_name":"application.csv"},{"applicationid":37965,"createddt":"2025-06-10 03:36:41","applicantid":37965,"productcd":"PL","appstatus":"cancelled","lan":null,"isactive":true,"last_updated_dt":"2025-06-24 22:36:41","created_date":"2026-07-02","is_active":true,"file_name":"application.csv"},{"applicationid":39120,"createddt":"2024-08-14 02:30:52","applicantid":39120,"productcd":"HL","appstatus":"cancelled","lan":null,"isactive":true,"last_updated_dt":"2024-11-04 02:30:52","created_date":"2026-07-02","is_active":true,"file_name":"application.csv"},{"applicationid":39258,"createddt":"2025-04-30 07:36:07","applicantid":39258,"productcd":"HL","appstatus":"created","lan":null,"isactive":false,"last_updated_dt":"2025-05-30 10:36:07","created_date":"2026-07-02","is_active":true,"file_name":"application.csv"},{"applicationid":42900,"createddt":"2026-02-25 09:01:57","applicantid":42900,"productcd":"HL","appstatus":"AIP","lan":null,"isactive":true,"last_updated_dt":"2026-03-05 00:01:57","created_date":"2026-07-02","is_active":true,"file_name":"application.csv"},{"applicationid":46625,"createddt":"2025-11-25 11:41:25","applicantid":46625,"productcd":"PL","appstatus":"created","lan":null,"isactive":true,"last_updated_dt":"2026-01-28 23:41:25","created_date":"2026-07-02","is_active":true,"file_name":"application.csv"},{"applicationid":50810,"createddt":"2025-08-24 06:47:22","applicantid":3837,"productcd":"PL","appstatus":"approved","lan":null,"isactive":true,"last_updated_dt":"2025-10-16 14:47:22","created_date":"2026-07-02","is_active":true,"file_name":"application.csv"},{"applicationid":51351,"createddt":"2025-05-01 17:08:52","applicantid":4378,"productcd":"BL","appstatus":"created","lan":null,"isactive":true,"last_updated_dt":"2025-07-12 07:08:52","created_date":"2026-07-02","is_active":true,"file_name":"application.csv"},{"applicationid":57908,"createddt":"2025-09-20 10:42:27","applicantid":10935,"productcd":"HL","appstatus":"cancelled","lan":null,"isactive":true,"last_updated_dt":"2025-12-13 16:42:27","created_date":"2026-07-02","is_active":true,"file_name":"application.csv"},{"applicationid":61426,"createddt":"2025-10-15 15:43:23","applicantid":14453,"productcd":"PL","appstatus":"disbursed","lan":"LAN2026000000061426","isactive":true,"last_updated_dt":"2025-12-15 07:43:23","created_date":"2026-07-02","is_active":true,"file_name":"application.csv"},{"applicationid":63451,"createddt":"2024-09-07 04:38:09","applicantid":16478,"productcd":"PL","appstatus":"AIP","lan":null,"isactive":true,"last_updated_dt":"2024-10-09 12:38:09","created_date":"2026-07-02","is_active":true,"file_name":"application.csv"},{"applicationid":64241,"createddt":"2025-04-12 21:03:18","applicantid":17268,"productcd":"BL","appstatus":"created","lan":null,"isactive":true,"last_updated_dt":"2025-07-08 10:03:18","created_date":"2026-07-02","is_active":true,"file_name":"application.csv"},{"applicationid":66130,"createddt":"2024-07-29 15:19:49","applicantid":19157,"productcd":"HL","appstatus":"disbursed","lan":"LAN2026000000066130","isactive":true,"last_updated_dt":"2024-08-09 15:19:49","created_date":"2026-07-02","is_active":true,"file_name":"application.csv"},{"applicationid":69560,"createddt":"2025-08-01 18:33:15","applicantid":22587,"productcd":"HL","appstatus":"disbursed","lan":"LAN2026000000069560","isactive":false,"last_updated_dt":"2025-10-11 10:33:15","created_date":"2026-07-02","is_active":true,"file_name":"application.csv"},{"applicationid":70047,"createddt":"2025-07-27 07:52:23","applicantid":23074,"productcd":"PL","appstatus":"created","lan":null,"isactive":true,"last_updated_dt":"2025-10-04 13:52:23","created_date":"2026-07-02","is_active":true,"file_name":"application.csv"}]}

ANALYSIS STEPS:

STEP 1 — VERIFY TYPES
  Review the schema and sample_rows in the JSON below.
  If samples show different types than schema, correct it.
  Example: schema says Int64, but samples show ["25", "N/A"] → correct to Utf8/String

STEP 2 — UNDERSTAND BUSINESS MEANING
  Based on column name and sample values, what does this column represent?
  Example: "date_of_birth" + samples ["1990-05-15", "2000-01-20"] → "Customer birth date"

STEP 3 — DATA QUALITY ASSESSMENT
  Look at null counts, distinct counts, ranges in column_statistics.
  For low-cardinality columns, review value_counts to understand the
  full distribution of categories — not just which values exist, but
  how common each one is. Flag class imbalance (e.g. one value covering
  >95% of rows), unexpectedly rare values that might be data entry
  errors, or values outside the expected set.
  Example: loan_type value_counts = {"PL": 800, "HL": 450, "BL": 90, "XYZ": 2}
  → "XYZ" appearing only twice is likely a data entry error, flag it.

STEP 4 — IDENTIFY KEY COLUMNS
  Which 3-5 columns are most critical for quality analysis?
  Usually: IDs, dates, amounts, status fields

STEP 5 — IDENTIFY CRITICAL DATA POINTS
  Which columns have:
  - Data quality issues (high nulls, duplicates, inconsistent formats, class imbalance)?
  - Security concerns (sensitive data, PII)?
  - Business impact (revenue, transaction amounts, customer status)?
  - Format issues (mixed date formats, invalid values)?
  These are CRITICAL and must be flagged.

STEP 6 — RECOMMEND INDEXES
  Which columns should be indexed for fast queries?
  Think about:
  - Primary keys / IDs (always index)
  - Date fields used in WHERE/JOIN (always index)
  - Status/category fields with filtering (index if low-cardinality)
  - Foreign keys / relationships (always index)
  - High-cardinality fields unlikely to be filtered (skip)

  For each recommendation, explain WHY it should be indexed.

  Examples of good reasons:
  - "Primary key — fast lookups and joins"
  - "Frequently filtered in WHERE clauses"
  - "Date range queries for reports"
  - "Join condition with other tables"
  - "Sorts and aggregations on this column"
  - "Low-cardinality status field — improves filter selectivity"
  
STEP 7 - Conditional / Dependency Checks (Column-Controlled Mandatory Fields) 
  Identify situations where the value of one column determines whether another column should or should not contain data. 
  Examples of controlling relationships Application_Status 
  - Loan_Account_Number Payment_Status 
  - Payment_Date Order_Status 
  - Delivery_Date Approval_Flag 
  - Approved_By Is_Active 
  - Deactivation_Date Employment_Status 
  - Exit_Date Customer_Type 
  -> GST_Number Loan_Status 
  -> Disbursement_Date Product_Type 
  -> Product_Code Country 
  -> State Generate failed rows checks for these dependencies. 
  Examples If Application_Status = 'Disbursed', Loan_Account_Number must not be NULL
  Generate similar validations whenever one column logically controls another.

Return JSON with schema profile:
{
  "table_name": "derived from filename",
  "total_columns": number,
  "total_rows": number,
  "file_size_mb": number,
  "schema": [
    {
      "column": "exact name",
      "business_meaning": "what this represents",
      "data_type": "CORRECTED type (not just inferred)",
      "nullable": boolean,
      "null_count": number,
      "null_pct": number,
      "unique_count": number,
      "validation_rule": "rule to enforce",
      "sample_values": ["val1", "val2", "val3"],
      "categorical_values": ["val1", "val2"] or [],
      "value_distribution": {"val1": 800, "val2": 450} or {}
    }
  ],
  "key_columns": ["col1", "col2", "col3"],
  "critical_data": [
    {
      "column": "column_name",
      "severity": "HIGH" or "MEDIUM",
      "concern": "Specific issue found",
      "impact": "Business/data quality impact"
    }
  ],
  "quality_concerns": ["Specific concern with details"],
  "recommended_indexes": [
    {
      "column": "applicantid",
      "index_type": "B-Tree",
      "reason": "Primary key — enables fast lookups and join operations"
    }
  ],
  "data_completeness_pct": number (average of non-null percentages)
}

2026-07-02 21:14:58 | INFO    | bedrock_client | [bedrock] invoke_model network+generation time: 44.073s
2026-07-02 21:14:58 | INFO    | bedrock_client | [bedrock] response body read+json.loads: 0.036s
2026-07-02 21:14:58 | INFO    | bedrock_client | bedrock call | input_tokens=5281 output_tokens=5538 total=10819 session_total=10819 requests=1
2026-07-02 21:14:58 | INFO    | bedrock_client | [ask_json] ask() total (network+generation+read): 44.110s
2026-07-02 21:14:58 | INFO    | bedrock_client | [ask_json] cleanup + json.loads parse: 0.002s
2026-07-02 21:14:58 | INFO    | app | [poc1] STEP 4 - ask_json (Bedrock call, incl. JSON parse): 44.113s
2026-07-02 21:14:58 | INFO    | app | [poc1] STEP 5 - save_versioned: 0.007s
2026-07-02 21:14:58 | INFO    | app | [poc1] STEP 6 - contract write: 0.000s | new_contract=False
2026-07-02 21:14:58 | INFO    | app | [poc1] TOTAL route time: 44.248s
2026-07-03 00:04:45 | WARNING | werkzeug |  * Debugger is active!
2026-07-03 00:08:52 | WARNING | werkzeug |  * Debugger is active!
2026-07-03 00:09:06 | INFO    | app | upload streamed to disk in 0.01s | file=application.csv
2026-07-03 00:09:06 | INFO    | app | DuckDB ingest completed in 0.11s | table=tbl_application_csv
2026-07-03 00:09:06 | ERROR   | app | DB ingest reported failure for table=tbl_application_csv: IO Error: Could not set lock on file "/Users/paragkadam/Downloads/AI_POC/poc_package/storage/ai_poc_dq.duckdb": Conflicting lock is held in /Applications/DBeaver.app/Contents/MacOS/dbeaver (PID 14008) by user paragkadam. See also https://duckdb.org/docs/stable/connect/concurrency
2026-07-03 00:09:19 | INFO    | app | upload streamed to disk in 0.01s | file=application.csv
2026-07-03 00:09:20 | INFO    | app | DuckDB ingest completed in 0.37s | table=tbl_application_csv
2026-07-03 00:09:23 | INFO    | app | [poc1] STEP 1 - getsize: 0.000s
2026-07-03 00:09:23 | INFO    | app | [poc1] STEP 2 - get_full_metadata_for_ai (DuckDB): 0.120s
2026-07-03 00:09:23 | INFO    | app | [poc1] STEP 3 - build_schema_discovery_prompt: 0.000s | prompt_chars=15246
2026-07-03 00:09:23 | INFO    | app | [poc1] USER PROMPT:
CSV METADATA (JSON):
{"schema":{"applicationid":"BIGINT","createddt":"TIMESTAMP","applicantid":"BIGINT","productcd":"VARCHAR","appstatus":"VARCHAR","lan":"VARCHAR","isactive":"BOOLEAN","last_updated_dt":"TIMESTAMP","created_date":"DATE","is_active":"BOOLEAN","file_name":"VARCHAR"},"column_statistics":[{"name":"applicationid","type":"BIGINT","null_count":0,"null_pct":0.0,"distinct_count":63228,"min":"1","max":"71123"},{"name":"createddt","type":"TIMESTAMP","null_count":0,"null_pct":0.0,"distinct_count":69841,"min":"2024-05-25 14:14:15","max":"2026-04-26 14:06:28"},{"name":"applicantid","type":"BIGINT","null_count":0,"null_pct":0.0,"distinct_count":43184,"min":"1","max":"46973"},{"name":"productcd","type":"VARCHAR","null_count":0,"null_pct":0.0,"distinct_count":3,"min":"BL","max":"PL","value_counts":{"PL":23774,"BL":23703,"HL":23646}},{"name":"appstatus","type":"VARCHAR","null_count":0,"null_pct":0.0,"distinct_count":5,"min":"AIP","max":"disbursed","value_counts":{"created":17671,"disbursed":14336,"AIP":14230,"approved":14217,"cancelled":10669}},{"name":"lan","type":"VARCHAR","null_count":56785,"null_pct":79.84,"distinct_count":14905,"min":"LAN2026000000000001","max":"LAN2026000000071123"},{"name":"isactive","type":"BOOLEAN","null_count":0,"null_pct":0.0,"distinct_count":2,"min":"false","max":"true","value_counts":{"True":53254,"False":17869}},{"name":"last_updated_dt","type":"TIMESTAMP","null_count":0,"null_pct":0.0,"distinct_count":56735,"min":"2024-05-26 23:10:11","max":"2026-07-25 11:27:50"},{"name":"created_date","type":"DATE","null_count":0,"null_pct":0.0,"distinct_count":1,"min":"2026-07-03","max":"2026-07-03","value_counts":{"2026-07-03":71123}},{"name":"is_active","type":"BOOLEAN","null_count":0,"null_pct":0.0,"distinct_count":1,"min":"true","max":"true","value_counts":{"True":71123}},{"name":"file_name","type":"VARCHAR","null_count":0,"null_pct":0.0,"distinct_count":1,"min":"application.csv","max":"application.csv","value_counts":{"application.csv":71123}}],"sample_rows":[{"applicationid":1380,"createddt":"2025-06-11 20:33:45","applicantid":1380,"productcd":"BL","appstatus":"disbursed","lan":"LAN2026000000001380","isactive":false,"last_updated_dt":"2025-07-12 09:33:45","created_date":"2026-07-03","is_active":true,"file_name":"application.csv"},{"applicationid":3050,"createddt":"2025-02-14 04:46:45","applicantid":3050,"productcd":"PL","appstatus":"approved","lan":null,"isactive":false,"last_updated_dt":"2025-03-07 17:46:45","created_date":"2026-07-03","is_active":true,"file_name":"application.csv"},{"applicationid":3692,"createddt":"2025-06-06 14:56:20","applicantid":3692,"productcd":"PL","appstatus":"created","lan":null,"isactive":true,"last_updated_dt":"2025-08-11 16:56:20","created_date":"2026-07-03","is_active":true,"file_name":"application.csv"},{"applicationid":4270,"createddt":"2025-09-05 12:52:41","applicantid":4270,"productcd":"PL","appstatus":"created","lan":null,"isactive":false,"last_updated_dt":"2025-09-29 23:52:41","created_date":"2026-07-03","is_active":true,"file_name":"application.csv"},{"applicationid":4539,"createddt":"2025-03-26 04:58:35","applicantid":4539,"productcd":"HL","appstatus":"cancelled","lan":null,"isactive":true,"last_updated_dt":"2025-05-15 18:58:35","created_date":"2026-07-03","is_active":true,"file_name":"application.csv"},{"applicationid":14128,"createddt":"2024-12-30 02:53:44","applicantid":14128,"productcd":"BL","appstatus":"approved","lan":null,"isactive":true,"last_updated_dt":"2025-01-30 21:53:44","created_date":"2026-07-03","is_active":true,"file_name":"application.csv"},{"applicationid":15594,"createddt":"2025-11-25 14:24:38","applicantid":15594,"productcd":"HL","appstatus":"disbursed","lan":"LAN2026000000015594","isactive":true,"last_updated_dt":"2026-01-04 02:24:38","created_date":"2026-07-03","is_active":true,"file_name":"application.csv"},{"applicationid":16556,"createddt":"2025-07-04 11:35:13","applicantid":16556,"productcd":"HL","appstatus":"AIP","lan":null,"isactive":true,"last_updated_dt":"2025-09-04 03:35:13","created_date":"2026-07-03","is_active":true,"file_name":"application.csv"},{"applicationid":19312,"createddt":"2025-12-18 03:16:07","applicantid":19312,"productcd":"BL","appstatus":"AIP","lan":null,"isactive":true,"last_updated_dt":"2026-02-05 06:16:07","created_date":"2026-07-03","is_active":true,"file_name":"application.csv"},{"applicationid":22219,"createddt":"2025-02-21 04:53:18","applicantid":22219,"productcd":"BL","appstatus":"AIP","lan":null,"isactive":true,"last_updated_dt":"2025-04-26 21:53:18","created_date":"2026-07-03","is_active":true,"file_name":"application.csv"},{"applicationid":28347,"createddt":"2025-12-14 16:00:05","applicantid":28347,"productcd":"PL","appstatus":"approved","lan":null,"isactive":true,"last_updated_dt":"2026-03-04 22:00:05","created_date":"2026-07-03","is_active":true,"file_name":"application.csv"},{"applicationid":30539,"createddt":"2025-09-12 06:28:51","applicantid":30539,"productcd":"BL","appstatus":"cancelled","lan":null,"isactive":true,"last_updated_dt":"2025-10-27 23:28:51","created_date":"2026-07-03","is_active":true,"file_name":"application.csv"},{"applicationid":32299,"createddt":"2025-10-17 20:13:46","applicantid":32299,"productcd":"PL","appstatus":"AIP","lan":null,"isactive":false,"last_updated_dt":"2025-10-26 16:13:46","created_date":"2026-07-03","is_active":true,"file_name":"application.csv"},{"applicationid":35349,"createddt":"2025-08-26 18:39:24","applicantid":35349,"productcd":"HL","appstatus":"cancelled","lan":null,"isactive":true,"last_updated_dt":"2025-10-08 17:39:24","created_date":"2026-07-03","is_active":true,"file_name":"application.csv"},{"applicationid":35431,"createddt":"2025-11-09 14:56:28","applicantid":35431,"productcd":"PL","appstatus":"approved","lan":null,"isactive":true,"last_updated_dt":"2026-02-02 02:56:28","created_date":"2026-07-03","is_active":true,"file_name":"application.csv"},{"applicationid":37804,"createddt":"2025-09-20 04:29:14","applicantid":37804,"productcd":"BL","appstatus":"cancelled","lan":null,"isactive":false,"last_updated_dt":"2025-12-18 00:29:14","created_date":"2026-07-03","is_active":true,"file_name":"application.csv"},{"applicationid":37855,"createddt":"2024-10-17 11:11:08","applicantid":37855,"productcd":"PL","appstatus":"approved","lan":null,"isactive":true,"last_updated_dt":"2025-01-02 01:11:08","created_date":"2026-07-03","is_active":true,"file_name":"application.csv"},{"applicationid":39635,"createddt":"2024-10-06 20:55:05","applicantid":39635,"productcd":"BL","appstatus":"created","lan":null,"isactive":false,"last_updated_dt":"2024-11-30 01:55:05","created_date":"2026-07-03","is_active":true,"file_name":"application.csv"},{"applicationid":40102,"createddt":"2025-12-02 04:50:40","applicantid":40102,"productcd":"BL","appstatus":"AIP","lan":null,"isactive":true,"last_updated_dt":"2025-12-17 06:50:40","created_date":"2026-07-03","is_active":true,"file_name":"application.csv"},{"applicationid":44755,"createddt":"2025-06-08 02:08:34","applicantid":44755,"productcd":"PL","appstatus":"disbursed","lan":"LAN2026000000044755","isactive":true,"last_updated_dt":"2025-07-01 14:08:34","created_date":"2026-07-03","is_active":true,"file_name":"application.csv"},{"applicationid":50017,"createddt":"2024-09-22 23:08:39","applicantid":3044,"productcd":"PL","appstatus":"disbursed","lan":"LAN2026000000050017","isactive":true,"last_updated_dt":"2024-11-07 09:08:39","created_date":"2026-07-03","is_active":true,"file_name":"application.csv"},{"applicationid":51707,"createddt":"2025-09-16 23:53:19","applicantid":4734,"productcd":"BL","appstatus":"disbursed","lan":"LAN2026000000051707","isactive":true,"last_updated_dt":"2025-09-21 23:53:19","created_date":"2026-07-03","is_active":true,"file_name":"application.csv"},{"applicationid":54414,"createddt":"2026-04-26 04:37:30","applicantid":7441,"productcd":"HL","appstatus":"created","lan":null,"isactive":false,"last_updated_dt":"2026-06-05 12:37:30","created_date":"2026-07-03","is_active":true,"file_name":"application.csv"},{"applicationid":55525,"createddt":"2024-09-11 01:58:16","applicantid":8552,"productcd":"BL","appstatus":"created","lan":null,"isactive":true,"last_updated_dt":"2024-11-03 01:58:16","created_date":"2026-07-03","is_active":true,"file_name":"application.csv"},{"applicationid":59903,"createddt":"2025-05-07 06:23:57","applicantid":12930,"productcd":"HL","appstatus":"approved","lan":null,"isactive":true,"last_updated_dt":"2025-08-03 04:23:57","created_date":"2026-07-03","is_active":true,"file_name":"application.csv"},{"applicationid":62454,"createddt":"2025-06-07 09:27:28","applicantid":15481,"productcd":"BL","appstatus":"created","lan":null,"isactive":true,"last_updated_dt":"2025-08-08 15:27:28","created_date":"2026-07-03","is_active":true,"file_name":"application.csv"},{"applicationid":64105,"createddt":"2026-02-06 17:37:29","applicantid":17132,"productcd":"PL","appstatus":"disbursed","lan":"LAN2026000000064105","isactive":false,"last_updated_dt":"2026-05-08 06:37:29","created_date":"2026-07-03","is_active":true,"file_name":"application.csv"},{"applicationid":66167,"createddt":"2024-11-11 07:27:45","applicantid":19194,"productcd":"BL","appstatus":"AIP","lan":null,"isactive":true,"last_updated_dt":"2025-01-04 05:27:45","created_date":"2026-07-03","is_active":true,"file_name":"application.csv"},{"applicationid":68776,"createddt":"2026-03-14 06:31:57","applicantid":21803,"productcd":"PL","appstatus":"cancelled","lan":null,"isactive":false,"last_updated_dt":"2026-06-03 06:31:57","created_date":"2026-07-03","is_active":true,"file_name":"application.csv"},{"applicationid":69831,"createddt":"2025-04-14 04:52:14","applicantid":22858,"productcd":"HL","appstatus":"disbursed","lan":"LAN2026000000069831","isactive":false,"last_updated_dt":"2025-05-05 15:52:14","created_date":"2026-07-03","is_active":true,"file_name":"application.csv"}]}

ANALYSIS STEPS:

STEP 1 — VERIFY TYPES
  Review the schema and sample_rows in the JSON below.
  If samples show different types than schema, correct it.
  Example: schema says Int64, but samples show ["25", "N/A"] → correct to Utf8/String

STEP 2 — UNDERSTAND BUSINESS MEANING
  Based on column name and sample values, what does this column represent?
  Example: "date_of_birth" + samples ["1990-05-15", "2000-01-20"] → "Customer birth date"

STEP 3 — DATA QUALITY ASSESSMENT
  Look at null counts, distinct counts, ranges in column_statistics.
  For low-cardinality columns, review value_counts to understand the
  full distribution of categories — not just which values exist, but
  how common each one is. Flag class imbalance (e.g. one value covering
  >95% of rows), unexpectedly rare values that might be data entry
  errors, or values outside the expected set.
  Example: loan_type value_counts = {"PL": 800, "HL": 450, "BL": 90, "XYZ": 2}
  → "XYZ" appearing only twice is likely a data entry error, flag it.

STEP 4 — IDENTIFY KEY COLUMNS
  Which 3-5 columns are most critical for quality analysis?
  Usually: IDs, dates, amounts, status fields

STEP 5 — IDENTIFY CRITICAL DATA POINTS
  Which columns have:
  - Data quality issues (high nulls, duplicates, inconsistent formats, class imbalance)?
  - Security concerns (sensitive data, PII)?
  - Business impact (revenue, transaction amounts, customer status)?
  - Format issues (mixed date formats, invalid values)?
  These are CRITICAL and must be flagged.

STEP 6 — RECOMMEND INDEXES
  Which columns should be indexed for fast queries?
  Think about:
  - Primary keys / IDs (always index)
  - Date fields used in WHERE/JOIN (always index)
  - Status/category fields with filtering (index if low-cardinality)
  - Foreign keys / relationships (always index)
  - High-cardinality fields unlikely to be filtered (skip)

  For each recommendation, explain WHY it should be indexed.

  Examples of good reasons:
  - "Primary key — fast lookups and joins"
  - "Frequently filtered in WHERE clauses"
  - "Date range queries for reports"
  - "Join condition with other tables"
  - "Sorts and aggregations on this column"
  - "Low-cardinality status field — improves filter selectivity"
  
STEP 7 - Conditional / Dependency Checks (Column-Controlled Mandatory Fields) 
  Identify situations where the value of one column determines whether another column should or should not contain data. 
  Examples of controlling relationships Application_Status 
  - Loan_Account_Number Payment_Status 
  - Payment_Date Order_Status 
  - Delivery_Date Approval_Flag 
  - Approved_By Is_Active 
  - Deactivation_Date Employment_Status 
  - Exit_Date Customer_Type 
  -> GST_Number Loan_Status 
  -> Disbursement_Date Product_Type 
  -> Product_Code Country 
  -> State Generate failed rows checks for these dependencies. 
  Examples If Application_Status = 'Disbursed', Loan_Account_Number must not be NULL
  Generate similar validations whenever one column logically controls another.

Return JSON with schema profile:
{
  "table_name": "derived from filename",
  "total_columns": number,
  "total_rows": number,
  "file_size_mb": number,
  "schema": [
    {
      "column": "exact name",
      "business_meaning": "what this represents",
      "data_type": "CORRECTED type (not just inferred)",
      "nullable": boolean,
      "null_count": number,
      "null_pct": number,
      "unique_count": number,
      "validation_rule": "rule to enforce",
      "sample_values": ["val1", "val2", "val3"],
      "categorical_values": ["val1", "val2"] or [],
      "value_distribution": {"val1": 800, "val2": 450} or {}
    }
  ],
  "key_columns": ["col1", "col2", "col3"],
  "critical_data": [
    {
      "column": "column_name",
      "severity": "HIGH" or "MEDIUM",
      "concern": "Specific issue found",
      "impact": "Business/data quality impact"
    }
  ],
  "quality_concerns": ["Specific concern with details"],
  "recommended_indexes": [
    {
      "column": "applicantid",
      "index_type": "B-Tree",
      "reason": "Primary key — enables fast lookups and join operations"
    }
  ],
  "data_completeness_pct": number (average of non-null percentages)
}

2026-07-03 00:09:49 | INFO    | bedrock_client | [bedrock] invoke_model network+generation time: 26.009s
2026-07-03 00:09:49 | INFO    | bedrock_client | [bedrock] response body read+json.loads: 0.001s
2026-07-03 00:09:49 | INFO    | bedrock_client | bedrock call | input_tokens=5257 output_tokens=3766 total=9023 session_total=9023 requests=1
2026-07-03 00:09:49 | INFO    | bedrock_client | [ask_json] ask() total (network+generation+read): 26.011s
2026-07-03 00:09:49 | INFO    | bedrock_client | [ask_json] cleanup + json.loads parse: 0.001s
2026-07-03 00:09:49 | INFO    | app | [poc1] STEP 4 - ask_json (Bedrock call, incl. JSON parse): 26.012s
2026-07-03 00:09:49 | INFO    | app | [poc1] STEP 5 - save_versioned: 0.002s
2026-07-03 00:09:49 | INFO    | app | [poc1] STEP 6 - contract write: 0.000s | new_contract=False
2026-07-03 00:09:49 | INFO    | app | [poc1] TOTAL route time: 26.135s
2026-07-03 00:22:12 | WARNING | werkzeug |  * Debugger is active!
2026-07-03 00:22:23 | INFO    | app | upload streamed to disk in 0.01s | file=application.csv
2026-07-03 00:22:23 | INFO    | app | DuckDB ingest completed in 0.36s | table=tbl_application_csv
2026-07-03 00:22:26 | INFO    | app | [poc1] STEP 1 - getsize: 0.000s
2026-07-03 00:22:26 | INFO    | app | [poc1] STEP 2 - get_full_metadata_for_ai (DuckDB): 0.130s
2026-07-03 00:22:26 | INFO    | app | [poc1] STEP 3 - build_schema_discovery_prompt: 0.000s | prompt_chars=15294
2026-07-03 00:22:26 | INFO    | app | [poc1] USER PROMPT:
CSV METADATA (JSON):
{"schema":{"applicationid":"BIGINT","createddt":"TIMESTAMP","applicantid":"BIGINT","productcd":"VARCHAR","appstatus":"VARCHAR","lan":"VARCHAR","isactive":"BOOLEAN","last_updated_dt":"TIMESTAMP","created_date":"DATE","is_active":"BOOLEAN","file_name":"VARCHAR"},"column_statistics":[{"name":"applicationid","type":"BIGINT","null_count":0,"null_pct":0.0,"distinct_count":63228,"min":"1","max":"71123"},{"name":"createddt","type":"TIMESTAMP","null_count":0,"null_pct":0.0,"distinct_count":69841,"min":"2024-05-25 14:14:15","max":"2026-04-26 14:06:28"},{"name":"applicantid","type":"BIGINT","null_count":0,"null_pct":0.0,"distinct_count":43184,"min":"1","max":"46973"},{"name":"productcd","type":"VARCHAR","null_count":0,"null_pct":0.0,"distinct_count":3,"min":"BL","max":"PL","value_counts":{"PL":23774,"BL":23703,"HL":23646}},{"name":"appstatus","type":"VARCHAR","null_count":0,"null_pct":0.0,"distinct_count":5,"min":"AIP","max":"disbursed","value_counts":{"created":17671,"disbursed":14336,"AIP":14230,"approved":14217,"cancelled":10669}},{"name":"lan","type":"VARCHAR","null_count":56785,"null_pct":79.84,"distinct_count":14905,"min":"LAN2026000000000001","max":"LAN2026000000071123"},{"name":"isactive","type":"BOOLEAN","null_count":0,"null_pct":0.0,"distinct_count":2,"min":"false","max":"true","value_counts":{"True":53254,"False":17869}},{"name":"last_updated_dt","type":"TIMESTAMP","null_count":0,"null_pct":0.0,"distinct_count":56735,"min":"2024-05-26 23:10:11","max":"2026-07-25 11:27:50"},{"name":"created_date","type":"DATE","null_count":0,"null_pct":0.0,"distinct_count":1,"min":"2026-07-03","max":"2026-07-03","value_counts":{"2026-07-03":71123}},{"name":"is_active","type":"BOOLEAN","null_count":0,"null_pct":0.0,"distinct_count":1,"min":"true","max":"true","value_counts":{"True":71123}},{"name":"file_name","type":"VARCHAR","null_count":0,"null_pct":0.0,"distinct_count":1,"min":"application.csv","max":"application.csv","value_counts":{"application.csv":71123}}],"sample_rows":[{"applicationid":1080,"createddt":"2025-05-29 11:09:06","applicantid":1080,"productcd":"BL","appstatus":"disbursed","lan":"LAN2026000000001080","isactive":false,"last_updated_dt":"2025-06-28 19:09:06","created_date":"2026-07-03","is_active":true,"file_name":"application.csv"},{"applicationid":2681,"createddt":"2026-02-07 16:09:11","applicantid":2681,"productcd":"HL","appstatus":"disbursed","lan":"LAN2026000000002681","isactive":false,"last_updated_dt":"2026-04-14 08:09:11","created_date":"2026-07-03","is_active":true,"file_name":"application.csv"},{"applicationid":8011,"createddt":"2025-09-01 01:57:14","applicantid":8011,"productcd":"HL","appstatus":"approved","lan":null,"isactive":true,"last_updated_dt":"2025-09-17 20:57:14","created_date":"2026-07-03","is_active":true,"file_name":"application.csv"},{"applicationid":11844,"createddt":"2024-12-12 15:41:44","applicantid":11844,"productcd":"PL","appstatus":"approved","lan":null,"isactive":false,"last_updated_dt":"2025-01-10 14:41:44","created_date":"2026-07-03","is_active":true,"file_name":"application.csv"},{"applicationid":12886,"createddt":"2025-10-03 06:42:50","applicantid":12886,"productcd":"BL","appstatus":"created","lan":null,"isactive":true,"last_updated_dt":"2025-10-25 05:42:50","created_date":"2026-07-03","is_active":true,"file_name":"application.csv"},{"applicationid":13369,"createddt":"2025-02-08 12:22:59","applicantid":13369,"productcd":"HL","appstatus":"disbursed","lan":"LAN2026000000013369","isactive":false,"last_updated_dt":"2025-02-25 09:22:59","created_date":"2026-07-03","is_active":true,"file_name":"application.csv"},{"applicationid":14408,"createddt":"2024-08-21 20:47:22","applicantid":14408,"productcd":"BL","appstatus":"AIP","lan":null,"isactive":true,"last_updated_dt":"2024-10-24 18:47:22","created_date":"2026-07-03","is_active":true,"file_name":"application.csv"},{"applicationid":14515,"createddt":"2025-11-24 18:37:40","applicantid":14515,"productcd":"PL","appstatus":"disbursed","lan":"LAN2026000000014515","isactive":true,"last_updated_dt":"2025-12-10 04:37:40","created_date":"2026-07-03","is_active":true,"file_name":"application.csv"},{"applicationid":16561,"createddt":"2026-02-03 16:32:13","applicantid":16561,"productcd":"BL","appstatus":"approved","lan":null,"isactive":true,"last_updated_dt":"2026-03-29 14:32:13","created_date":"2026-07-03","is_active":true,"file_name":"application.csv"},{"applicationid":20481,"createddt":"2026-04-18 13:34:09","applicantid":20481,"productcd":"HL","appstatus":"created","lan":null,"isactive":false,"last_updated_dt":"2026-06-07 02:34:09","created_date":"2026-07-03","is_active":true,"file_name":"application.csv"},{"applicationid":24812,"createddt":"2025-02-22 23:46:54","applicantid":24812,"productcd":"HL","appstatus":"created","lan":null,"isactive":true,"last_updated_dt":"2025-04-12 13:46:54","created_date":"2026-07-03","is_active":true,"file_name":"application.csv"},{"applicationid":26342,"createddt":"2024-07-14 10:24:44","applicantid":26342,"productcd":"HL","appstatus":"created","lan":null,"isactive":false,"last_updated_dt":"2024-07-28 16:24:44","created_date":"2026-07-03","is_active":true,"file_name":"application.csv"},{"applicationid":33060,"createddt":"2024-12-31 22:15:00","applicantid":33060,"productcd":"PL","appstatus":"disbursed","lan":"LAN2026000000033060","isactive":true,"last_updated_dt":"2025-03-26 12:15:00","created_date":"2026-07-03","is_active":true,"file_name":"application.csv"},{"applicationid":33135,"createddt":"2024-08-09 03:16:00","applicantid":33135,"productcd":"BL","appstatus":"cancelled","lan":null,"isactive":true,"last_updated_dt":"2024-08-09 18:16:00","created_date":"2026-07-03","is_active":true,"file_name":"application.csv"},{"applicationid":34957,"createddt":"2025-07-18 01:45:12","applicantid":34957,"productcd":"BL","appstatus":"created","lan":null,"isactive":false,"last_updated_dt":"2025-09-22 01:45:12","created_date":"2026-07-03","is_active":true,"file_name":"application.csv"},{"applicationid":37578,"createddt":"2025-04-28 16:21:09","applicantid":37578,"productcd":"HL","appstatus":"AIP","lan":null,"isactive":true,"last_updated_dt":"2025-05-03 22:21:09","created_date":"2026-07-03","is_active":true,"file_name":"application.csv"},{"applicationid":38271,"createddt":"2026-01-18 12:38:04","applicantid":38271,"productcd":"BL","appstatus":"approved","lan":null,"isactive":true,"last_updated_dt":"2026-01-18 21:38:04","created_date":"2026-07-03","is_active":true,"file_name":"application.csv"},{"applicationid":39272,"createddt":"2024-08-17 06:01:43","applicantid":39272,"productcd":"HL","appstatus":"created","lan":null,"isactive":true,"last_updated_dt":"2024-09-03 20:01:43","created_date":"2026-07-03","is_active":true,"file_name":"application.csv"},{"applicationid":39689,"createddt":"2025-11-12 19:41:01","applicantid":39689,"productcd":"HL","appstatus":"disbursed","lan":"LAN2026000000039689","isactive":false,"last_updated_dt":"2025-11-13 13:41:01","created_date":"2026-07-03","is_active":true,"file_name":"application.csv"},{"applicationid":43229,"createddt":"2025-10-10 11:30:42","applicantid":43229,"productcd":"HL","appstatus":"disbursed","lan":"LAN2026000000043229","isactive":true,"last_updated_dt":"2025-12-22 15:30:42","created_date":"2026-07-03","is_active":true,"file_name":"application.csv"},{"applicationid":46754,"createddt":"2025-10-01 18:54:38","applicantid":46754,"productcd":"HL","appstatus":"cancelled","lan":null,"isactive":true,"last_updated_dt":"2025-10-23 05:54:38","created_date":"2026-07-03","is_active":true,"file_name":"application.csv"},{"applicationid":47964,"createddt":"2026-03-07 18:03:09","applicantid":991,"productcd":"HL","appstatus":"disbursed","lan":"LAN2026000000047964","isactive":true,"last_updated_dt":"2026-05-28 13:03:09","created_date":"2026-07-03","is_active":true,"file_name":"application.csv"},{"applicationid":51410,"createddt":"2026-02-09 03:27:20","applicantid":4437,"productcd":"PL","appstatus":"approved","lan":null,"isactive":true,"last_updated_dt":"2026-03-05 06:27:20","created_date":"2026-07-03","is_active":true,"file_name":"application.csv"},{"applicationid":57011,"createddt":"2025-01-17 17:54:50","applicantid":10038,"productcd":"BL","appstatus":"created","lan":null,"isactive":true,"last_updated_dt":"2025-03-19 01:54:50","created_date":"2026-07-03","is_active":true,"file_name":"application.csv"},{"applicationid":59592,"createddt":"2024-10-20 13:10:39","applicantid":12619,"productcd":"BL","appstatus":"AIP","lan":null,"isactive":true,"last_updated_dt":"2024-11-02 17:10:39","created_date":"2026-07-03","is_active":true,"file_name":"application.csv"},{"applicationid":63459,"createddt":"2025-07-10 19:31:58","applicantid":16486,"productcd":"HL","appstatus":"AIP","lan":null,"isactive":true,"last_updated_dt":"2025-08-29 05:31:58","created_date":"2026-07-03","is_active":true,"file_name":"application.csv"},{"applicationid":65085,"createddt":"2026-04-05 19:32:56","applicantid":18112,"productcd":"BL","appstatus":"disbursed","lan":"LAN2026000000065085","isactive":true,"last_updated_dt":"2026-05-14 01:32:56","created_date":"2026-07-03","is_active":true,"file_name":"application.csv"},{"applicationid":67477,"createddt":"2025-04-16 14:21:26","applicantid":20504,"productcd":"HL","appstatus":"cancelled","lan":null,"isactive":true,"last_updated_dt":"2025-06-24 00:21:26","created_date":"2026-07-03","is_active":true,"file_name":"application.csv"},{"applicationid":69131,"createddt":"2024-07-05 05:08:40","applicantid":22158,"productcd":"PL","appstatus":"cancelled","lan":null,"isactive":true,"last_updated_dt":"2024-09-07 16:08:40","created_date":"2026-07-03","is_active":true,"file_name":"application.csv"},{"applicationid":70628,"createddt":"2024-11-23 06:13:10","applicantid":23655,"productcd":"BL","appstatus":"cancelled","lan":null,"isactive":true,"last_updated_dt":"2024-12-24 03:13:10","created_date":"2026-07-03","is_active":true,"file_name":"application.csv"}]}

ANALYSIS STEPS:

STEP 1 — VERIFY TYPES
  Review the schema and sample_rows in the JSON below.
  If samples show different types than schema, correct it.
  Example: schema says Int64, but samples show ["25", "N/A"] → correct to Utf8/String

STEP 2 — UNDERSTAND BUSINESS MEANING
  Based on column name and sample values, what does this column represent?
  Example: "date_of_birth" + samples ["1990-05-15", "2000-01-20"] → "Customer birth date"

STEP 3 — DATA QUALITY ASSESSMENT
  Look at null counts, distinct counts, ranges in column_statistics.
  For low-cardinality columns, review value_counts to understand the
  full distribution of categories — not just which values exist, but
  how common each one is. Flag class imbalance (e.g. one value covering
  >95% of rows), unexpectedly rare values that might be data entry
  errors, or values outside the expected set.
  Example: loan_type value_counts = {"PL": 800, "HL": 450, "BL": 90, "XYZ": 2}
  → "XYZ" appearing only twice is likely a data entry error, flag it.

STEP 4 — IDENTIFY KEY COLUMNS
  Which 3-5 columns are most critical for quality analysis?
  Usually: IDs, dates, amounts, status fields

STEP 5 — IDENTIFY CRITICAL DATA POINTS
  Which columns have:
  - Data quality issues (high nulls, duplicates, inconsistent formats, class imbalance)?
  - Security concerns (sensitive data, PII)?
  - Business impact (revenue, transaction amounts, customer status)?
  - Format issues (mixed date formats, invalid values)?
  These are CRITICAL and must be flagged.

STEP 6 — RECOMMEND INDEXES
  Which columns should be indexed for fast queries?
  Think about:
  - Primary keys / IDs (always index)
  - Date fields used in WHERE/JOIN (always index)
  - Status/category fields with filtering (index if low-cardinality)
  - Foreign keys / relationships (always index)
  - High-cardinality fields unlikely to be filtered (skip)

  For each recommendation, explain WHY it should be indexed.

  Examples of good reasons:
  - "Primary key — fast lookups and joins"
  - "Frequently filtered in WHERE clauses"
  - "Date range queries for reports"
  - "Join condition with other tables"
  - "Sorts and aggregations on this column"
  - "Low-cardinality status field — improves filter selectivity"
  
STEP 7 - Conditional / Dependency Checks (Column-Controlled Mandatory Fields) 
  Identify situations where the value of one column determines whether another column should or should not contain data. 
  Examples of controlling relationships Application_Status 
  - Loan_Account_Number Payment_Status 
  - Payment_Date Order_Status 
  - Delivery_Date Approval_Flag 
  - Approved_By Is_Active 
  - Deactivation_Date Employment_Status 
  - Exit_Date Customer_Type 
  -> GST_Number Loan_Status 
  -> Disbursement_Date Product_Type 
  -> Product_Code Country 
  -> State Generate failed rows checks for these dependencies. 
  Examples If Application_Status = 'Disbursed', Loan_Account_Number must not be NULL
  Generate similar validations whenever one column logically controls another.

Return JSON with schema profile:
{
  "table_name": "derived from filename",
  "total_columns": number,
  "total_rows": number,
  "file_size_mb": number,
  "schema": [
    {
      "column": "exact name",
      "business_meaning": "what this represents",
      "data_type": "CORRECTED type (not just inferred)",
      "nullable": boolean,
      "null_count": number,
      "null_pct": number,
      "unique_count": number,
      "validation_rule": "rule to enforce",
      "sample_values": ["val1", "val2", "val3"],
      "categorical_values": ["val1", "val2"] or [],
      "value_distribution": {"val1": 800, "val2": 450} or {}
    }
  ],
  "key_columns": ["col1", "col2", "col3"],
  "critical_data": [
    {
      "column": "column_name",
      "severity": "HIGH" or "MEDIUM",
      "concern": "Specific issue found",
      "impact": "Business/data quality impact"
    }
  ],
  "quality_concerns": ["Specific concern with details"],
  "recommended_indexes": [
    {
      "column": "applicantid",
      "index_type": "B-Tree",
      "reason": "Primary key — enables fast lookups and join operations"
    }
  ],
  "data_completeness_pct": number (average of non-null percentages)
}

2026-07-03 00:22:59 | INFO    | bedrock_client | [bedrock] invoke_model network+generation time: 32.665s
2026-07-03 00:22:59 | INFO    | bedrock_client | [bedrock] response body read+json.loads: 0.000s
2026-07-03 00:22:59 | INFO    | bedrock_client | bedrock call | input_tokens=5272 output_tokens=4630 total=9902 session_total=9902 requests=1
2026-07-03 00:22:59 | INFO    | bedrock_client | [ask_json] ask() total (network+generation+read): 32.667s
2026-07-03 00:22:59 | INFO    | bedrock_client | [ask_json] cleanup + json.loads parse: 0.001s
2026-07-03 00:22:59 | INFO    | app | [poc1] STEP 4 - ask_json (Bedrock call, incl. JSON parse): 32.668s
2026-07-03 00:22:59 | INFO    | app | [poc1] STEP 5 - save_versioned: 0.004s
2026-07-03 00:22:59 | INFO    | app | [poc1] STEP 6 - contract write: 0.001s | new_contract=True
2026-07-03 00:22:59 | INFO    | app | [poc1] TOTAL route time: 32.805s
2026-07-03 00:23:54 | INFO    | app | SODA YAML Prompt (first 500 chars):
RULE GENERATION PRIORITY

DO NOT use: failed rows, fail query, alert, warn, valid_format, regex
ONLY use: row_count, missing_count, duplicate_count, min(), max(), invalid_count

1. TABLE LEVEL CHECKS
Always include checks for <table_name>:
  - row_count > 0
If expected row count is known, generate an appropriate threshold.

2. MISSING VALUE CHECKS
Use actual metadata.
If nullable = false → Generate missing_count(column) = 0
If nullable=true → Use observed null count with reasonable tolerance
Alw
2026-07-03 00:24:01 | INFO    | bedrock_client | [bedrock] invoke_model network+generation time: 7.009s
2026-07-03 00:24:01 | INFO    | bedrock_client | [bedrock] response body read+json.loads: 0.000s
2026-07-03 00:24:01 | INFO    | bedrock_client | bedrock call | input_tokens=6341 output_tokens=1088 total=7429 session_total=17331 requests=2
2026-07-03 00:26:13 | WARNING | werkzeug |  * Debugger is active!
2026-07-03 00:27:44 | WARNING | werkzeug |  * Debugger is active!
2026-07-03 00:27:54 | INFO    | app | upload streamed to disk in 0.01s | file=application.csv
2026-07-03 00:27:55 | INFO    | app | DuckDB ingest completed in 0.63s | table=tbl_application_csv
2026-07-03 00:27:58 | INFO    | app | [poc1] STEP 1 - getsize: 0.000s
2026-07-03 00:27:58 | INFO    | app | [poc1] STEP 2 - get_full_metadata_for_ai (DuckDB): 0.155s
2026-07-03 00:27:58 | INFO    | app | [poc1] STEP 3 - build_schema_discovery_prompt: 0.000s | prompt_chars=15219
2026-07-03 00:27:58 | INFO    | app | [poc1] USER PROMPT:
CSV METADATA (JSON):
{"schema":{"applicationid":"BIGINT","createddt":"TIMESTAMP","applicantid":"BIGINT","productcd":"VARCHAR","appstatus":"VARCHAR","lan":"VARCHAR","isactive":"BOOLEAN","last_updated_dt":"TIMESTAMP","created_date":"DATE","is_active":"BOOLEAN","file_name":"VARCHAR"},"column_statistics":[{"name":"applicationid","type":"BIGINT","null_count":0,"null_pct":0.0,"distinct_count":71123,"min":"1","max":"71123"},{"name":"createddt","type":"TIMESTAMP","null_count":0,"null_pct":0.0,"distinct_count":71085,"min":"2024-05-25 14:14:15","max":"2026-04-26 14:06:28"},{"name":"applicantid","type":"BIGINT","null_count":0,"null_pct":0.0,"distinct_count":46973,"min":"1","max":"46973"},{"name":"productcd","type":"VARCHAR","null_count":0,"null_pct":0.0,"distinct_count":3,"min":"BL","max":"PL","value_counts":{"PL":23774,"BL":23703,"HL":23646}},{"name":"appstatus","type":"VARCHAR","null_count":0,"null_pct":0.0,"distinct_count":5,"min":"AIP","max":"disbursed","value_counts":{"created":17671,"disbursed":14336,"AIP":14230,"approved":14217,"cancelled":10669}},{"name":"lan","type":"VARCHAR","null_count":56785,"null_pct":79.84,"distinct_count":14336,"min":"LAN2026000000000001","max":"LAN2026000000071123"},{"name":"isactive","type":"BOOLEAN","null_count":0,"null_pct":0.0,"distinct_count":2,"min":"false","max":"true","value_counts":{"True":53254,"False":17869}},{"name":"last_updated_dt","type":"TIMESTAMP","null_count":0,"null_pct":0.0,"distinct_count":71074,"min":"2024-05-26 23:10:11","max":"2026-07-25 11:27:50"},{"name":"created_date","type":"DATE","null_count":0,"null_pct":0.0,"distinct_count":1,"min":"2026-07-03","max":"2026-07-03","value_counts":{"2026-07-03":71123}},{"name":"is_active","type":"BOOLEAN","null_count":0,"null_pct":0.0,"distinct_count":1,"min":"true","max":"true","value_counts":{"True":71123}},{"name":"file_name","type":"VARCHAR","null_count":0,"null_pct":0.0,"distinct_count":1,"min":"application.csv","max":"application.csv","value_counts":{"application.csv":71123}}],"sample_rows":[{"applicationid":370,"createddt":"2024-06-03 21:16:08","applicantid":370,"productcd":"PL","appstatus":"disbursed","lan":"LAN2026000000000370","isactive":true,"last_updated_dt":"2024-06-26 12:16:08","created_date":"2026-07-03","is_active":true,"file_name":"application.csv"},{"applicationid":5057,"createddt":"2025-04-29 22:19:01","applicantid":5057,"productcd":"HL","appstatus":"disbursed","lan":"LAN2026000000005057","isactive":true,"last_updated_dt":"2025-06-13 01:19:01","created_date":"2026-07-03","is_active":true,"file_name":"application.csv"},{"applicationid":6460,"createddt":"2024-08-10 16:06:08","applicantid":6460,"productcd":"BL","appstatus":"disbursed","lan":"LAN2026000000006460","isactive":true,"last_updated_dt":"2024-10-16 09:06:08","created_date":"2026-07-03","is_active":true,"file_name":"application.csv"},{"applicationid":6495,"createddt":"2025-08-29 14:55:30","applicantid":6495,"productcd":"PL","appstatus":"created","lan":null,"isactive":true,"last_updated_dt":"2025-11-10 17:55:30","created_date":"2026-07-03","is_active":true,"file_name":"application.csv"},{"applicationid":8072,"createddt":"2026-02-15 13:43:11","applicantid":8072,"productcd":"PL","appstatus":"cancelled","lan":null,"isactive":true,"last_updated_dt":"2026-03-09 01:43:11","created_date":"2026-07-03","is_active":true,"file_name":"application.csv"},{"applicationid":11067,"createddt":"2025-04-08 05:59:36","applicantid":11067,"productcd":"BL","appstatus":"approved","lan":null,"isactive":false,"last_updated_dt":"2025-06-11 05:59:36","created_date":"2026-07-03","is_active":true,"file_name":"application.csv"},{"applicationid":14184,"createddt":"2024-09-01 15:08:22","applicantid":14184,"productcd":"BL","appstatus":"created","lan":null,"isactive":true,"last_updated_dt":"2024-11-07 22:08:22","created_date":"2026-07-03","is_active":true,"file_name":"application.csv"},{"applicationid":15341,"createddt":"2025-01-05 03:14:36","applicantid":15341,"productcd":"BL","appstatus":"cancelled","lan":null,"isactive":true,"last_updated_dt":"2025-02-25 15:14:36","created_date":"2026-07-03","is_active":true,"file_name":"application.csv"},{"applicationid":22831,"createddt":"2024-10-10 19:50:46","applicantid":22831,"productcd":"PL","appstatus":"created","lan":null,"isactive":true,"last_updated_dt":"2024-11-29 13:50:46","created_date":"2026-07-03","is_active":true,"file_name":"application.csv"},{"applicationid":23555,"createddt":"2024-07-17 20:08:55","applicantid":23555,"productcd":"PL","appstatus":"created","lan":null,"isactive":true,"last_updated_dt":"2024-08-06 06:08:55","created_date":"2026-07-03","is_active":true,"file_name":"application.csv"},{"applicationid":23792,"createddt":"2025-11-10 20:17:23","applicantid":23792,"productcd":"HL","appstatus":"AIP","lan":null,"isactive":true,"last_updated_dt":"2026-01-04 20:17:23","created_date":"2026-07-03","is_active":true,"file_name":"application.csv"},{"applicationid":27260,"createddt":"2025-11-01 13:47:26","applicantid":27260,"productcd":"BL","appstatus":"cancelled","lan":null,"isactive":true,"last_updated_dt":"2026-01-25 05:47:26","created_date":"2026-07-03","is_active":true,"file_name":"application.csv"},{"applicationid":29675,"createddt":"2024-12-20 00:09:05","applicantid":29675,"productcd":"PL","appstatus":"disbursed","lan":"LAN2026000000029675","isactive":true,"last_updated_dt":"2025-01-28 04:09:05","created_date":"2026-07-03","is_active":true,"file_name":"application.csv"},{"applicationid":31594,"createddt":"2024-12-31 01:34:10","applicantid":31594,"productcd":"PL","appstatus":"AIP","lan":null,"isactive":true,"last_updated_dt":"2025-03-14 09:34:10","created_date":"2026-07-03","is_active":true,"file_name":"application.csv"},{"applicationid":31654,"createddt":"2025-03-08 21:59:39","applicantid":31654,"productcd":"HL","appstatus":"cancelled","lan":null,"isactive":true,"last_updated_dt":"2025-05-25 09:59:39","created_date":"2026-07-03","is_active":true,"file_name":"application.csv"},{"applicationid":32839,"createddt":"2024-11-03 10:44:46","applicantid":32839,"productcd":"HL","appstatus":"created","lan":null,"isactive":false,"last_updated_dt":"2024-12-07 13:44:46","created_date":"2026-07-03","is_active":true,"file_name":"application.csv"},{"applicationid":36270,"createddt":"2025-10-02 20:35:06","applicantid":36270,"productcd":"PL","appstatus":"created","lan":null,"isactive":true,"last_updated_dt":"2025-12-04 14:35:06","created_date":"2026-07-03","is_active":true,"file_name":"application.csv"},{"applicationid":39044,"createddt":"2025-07-24 12:44:07","applicantid":39044,"productcd":"HL","appstatus":"created","lan":null,"isactive":false,"last_updated_dt":"2025-08-26 12:44:07","created_date":"2026-07-03","is_active":true,"file_name":"application.csv"},{"applicationid":42513,"createddt":"2026-02-14 11:48:17","applicantid":42513,"productcd":"HL","appstatus":"created","lan":null,"isactive":true,"last_updated_dt":"2026-05-12 22:48:17","created_date":"2026-07-03","is_active":true,"file_name":"application.csv"},{"applicationid":43163,"createddt":"2025-08-02 00:27:50","applicantid":43163,"productcd":"HL","appstatus":"AIP","lan":null,"isactive":false,"last_updated_dt":"2025-09-14 06:27:50","created_date":"2026-07-03","is_active":true,"file_name":"application.csv"},{"applicationid":47721,"createddt":"2026-03-26 14:10:17","applicantid":748,"productcd":"BL","appstatus":"approved","lan":null,"isactive":true,"last_updated_dt":"2026-06-15 05:10:17","created_date":"2026-07-03","is_active":true,"file_name":"application.csv"},{"applicationid":49866,"createddt":"2025-03-15 00:46:02","applicantid":2893,"productcd":"BL","appstatus":"disbursed","lan":"LAN2026000000049866","isactive":true,"last_updated_dt":"2025-03-24 20:46:02","created_date":"2026-07-03","is_active":true,"file_name":"application.csv"},{"applicationid":51798,"createddt":"2025-09-17 12:08:47","applicantid":4825,"productcd":"PL","appstatus":"AIP","lan":null,"isactive":true,"last_updated_dt":"2025-09-20 14:08:47","created_date":"2026-07-03","is_active":true,"file_name":"application.csv"},{"applicationid":56686,"createddt":"2024-07-30 21:03:01","applicantid":9713,"productcd":"PL","appstatus":"approved","lan":null,"isactive":true,"last_updated_dt":"2024-10-01 17:03:01","created_date":"2026-07-03","is_active":true,"file_name":"application.csv"},{"applicationid":57579,"createddt":"2025-05-21 22:46:21","applicantid":10606,"productcd":"PL","appstatus":"AIP","lan":null,"isactive":true,"last_updated_dt":"2025-07-30 06:46:21","created_date":"2026-07-03","is_active":true,"file_name":"application.csv"},{"applicationid":60727,"createddt":"2025-06-18 23:54:29","applicantid":13754,"productcd":"HL","appstatus":"cancelled","lan":null,"isactive":true,"last_updated_dt":"2025-08-08 01:54:29","created_date":"2026-07-03","is_active":true,"file_name":"application.csv"},{"applicationid":65138,"createddt":"2024-09-10 00:00:14","applicantid":18165,"productcd":"BL","appstatus":"cancelled","lan":null,"isactive":false,"last_updated_dt":"2024-11-01 23:00:14","created_date":"2026-07-03","is_active":true,"file_name":"application.csv"},{"applicationid":67017,"createddt":"2024-10-25 05:56:30","applicantid":20044,"productcd":"PL","appstatus":"AIP","lan":null,"isactive":true,"last_updated_dt":"2024-11-17 03:56:30","created_date":"2026-07-03","is_active":true,"file_name":"application.csv"},{"applicationid":67735,"createddt":"2024-05-30 10:56:06","applicantid":20762,"productcd":"PL","appstatus":"created","lan":null,"isactive":true,"last_updated_dt":"2024-07-08 02:56:06","created_date":"2026-07-03","is_active":true,"file_name":"application.csv"},{"applicationid":69731,"createddt":"2025-10-18 00:05:03","applicantid":22758,"productcd":"HL","appstatus":"disbursed","lan":"LAN2026000000069731","isactive":false,"last_updated_dt":"2025-12-23 12:05:03","created_date":"2026-07-03","is_active":true,"file_name":"application.csv"}]}

ANALYSIS STEPS:

STEP 1 — VERIFY TYPES
  Review the schema and sample_rows in the JSON below.
  If samples show different types than schema, correct it.
  Example: schema says Int64, but samples show ["25", "N/A"] → correct to Utf8/String

STEP 2 — UNDERSTAND BUSINESS MEANING
  Based on column name and sample values, what does this column represent?
  Example: "date_of_birth" + samples ["1990-05-15", "2000-01-20"] → "Customer birth date"

STEP 3 — DATA QUALITY ASSESSMENT
  Look at null counts, distinct counts, ranges in column_statistics.
  For low-cardinality columns, review value_counts to understand the
  full distribution of categories — not just which values exist, but
  how common each one is. Flag class imbalance (e.g. one value covering
  >95% of rows), unexpectedly rare values that might be data entry
  errors, or values outside the expected set.
  Example: loan_type value_counts = {"PL": 800, "HL": 450, "BL": 90, "XYZ": 2}
  → "XYZ" appearing only twice is likely a data entry error, flag it.

STEP 4 — IDENTIFY KEY COLUMNS
  Which 3-5 columns are most critical for quality analysis?
  Usually: IDs, dates, amounts, status fields

STEP 5 — IDENTIFY CRITICAL DATA POINTS
  Which columns have:
  - Data quality issues (high nulls, duplicates, inconsistent formats, class imbalance)?
  - Security concerns (sensitive data, PII)?
  - Business impact (revenue, transaction amounts, customer status)?
  - Format issues (mixed date formats, invalid values)?
  These are CRITICAL and must be flagged.

STEP 6 — RECOMMEND INDEXES
  Which columns should be indexed for fast queries?
  Think about:
  - Primary keys / IDs (always index)
  - Date fields used in WHERE/JOIN (always index)
  - Status/category fields with filtering (index if low-cardinality)
  - Foreign keys / relationships (always index)
  - High-cardinality fields unlikely to be filtered (skip)

  For each recommendation, explain WHY it should be indexed.

  Examples of good reasons:
  - "Primary key — fast lookups and joins"
  - "Frequently filtered in WHERE clauses"
  - "Date range queries for reports"
  - "Join condition with other tables"
  - "Sorts and aggregations on this column"
  - "Low-cardinality status field — improves filter selectivity"
  
STEP 7 - Conditional / Dependency Checks (Column-Controlled Mandatory Fields) 
  Identify situations where the value of one column determines whether another column should or should not contain data. 
  Examples of controlling relationships Application_Status 
  - Loan_Account_Number Payment_Status 
  - Payment_Date Order_Status 
  - Delivery_Date Approval_Flag 
  - Approved_By Is_Active 
  - Deactivation_Date Employment_Status 
  - Exit_Date Customer_Type 
  -> GST_Number Loan_Status 
  -> Disbursement_Date Product_Type 
  -> Product_Code Country 
  -> State Generate failed rows checks for these dependencies. 
  Examples If Application_Status = 'Disbursed', Loan_Account_Number must not be NULL
  Generate similar validations whenever one column logically controls another.

Return JSON with schema profile:
{
  "table_name": "derived from filename",
  "total_columns": number,
  "total_rows": number,
  "file_size_mb": number,
  "schema": [
    {
      "column": "exact name",
      "business_meaning": "what this represents",
      "data_type": "CORRECTED type (not just inferred)",
      "nullable": boolean,
      "null_count": number,
      "null_pct": number,
      "unique_count": number,
      "validation_rule": "rule to enforce",
      "sample_values": ["val1", "val2", "val3"],
      "categorical_values": ["val1", "val2"] or [],
      "value_distribution": {"val1": 800, "val2": 450} or {}
    }
  ],
  "key_columns": ["col1", "col2", "col3"],
  "critical_data": [
    {
      "column": "column_name",
      "severity": "HIGH" or "MEDIUM",
      "concern": "Specific issue found",
      "impact": "Business/data quality impact"
    }
  ],
  "quality_concerns": ["Specific concern with details"],
  "recommended_indexes": [
    {
      "column": "applicantid",
      "index_type": "B-Tree",
      "reason": "Primary key — enables fast lookups and join operations"
    }
  ],
  "data_completeness_pct": number (average of non-null percentages)
}

2026-07-03 00:28:30 | INFO    | bedrock_client | [bedrock] invoke_model network+generation time: 32.079s
2026-07-03 00:28:30 | INFO    | bedrock_client | [bedrock] response body read+json.loads: 0.001s
2026-07-03 00:28:30 | INFO    | bedrock_client | bedrock call | input_tokens=5245 output_tokens=4259 total=9504 session_total=9504 requests=1
2026-07-03 00:28:30 | INFO    | bedrock_client | [ask_json] ask() total (network+generation+read): 32.081s
2026-07-03 00:28:30 | INFO    | bedrock_client | [ask_json] cleanup + json.loads parse: 0.001s
2026-07-03 00:28:30 | INFO    | app | [poc1] STEP 4 - ask_json (Bedrock call, incl. JSON parse): 32.083s
2026-07-03 00:28:30 | INFO    | app | [poc1] STEP 5 - save_versioned: 0.002s
2026-07-03 00:28:30 | INFO    | app | [poc1] STEP 6 - contract write: 0.000s | new_contract=False
2026-07-03 00:28:30 | INFO    | app | [poc1] TOTAL route time: 32.243s
2026-07-03 00:31:24 | INFO    | app | SODA YAML Prompt (first 500 chars):
RULE GENERATION PRIORITY

DO NOT use: failed rows, fail query, alert, warn, valid_format, regex
ONLY use: row_count, missing_count, duplicate_count, min(), max(), invalid_count

1. TABLE LEVEL CHECKS
Always include checks for <table_name>:
  - row_count > 0
If expected row count is known, generate an appropriate threshold.

2. MISSING VALUE CHECKS
Use actual metadata.
If nullable = false → Generate missing_count(column) = 0
If nullable=true → Use observed null count with reasonable tolerance
Alw
2026-07-03 00:31:30 | INFO    | bedrock_client | [bedrock] invoke_model network+generation time: 6.544s
2026-07-03 00:31:30 | INFO    | bedrock_client | [bedrock] response body read+json.loads: 0.000s
2026-07-03 00:31:30 | INFO    | bedrock_client | bedrock call | input_tokens=6205 output_tokens=814 total=7019 session_total=16523 requests=2
2026-07-03 00:35:52 | WARNING | werkzeug |  * Debugger is active!
2026-07-03 00:35:58 | WARNING | werkzeug |  * Debugger is active!
2026-07-03 00:36:03 | WARNING | werkzeug |  * Debugger is active!
2026-07-03 00:36:19 | WARNING | werkzeug |  * Debugger is active!
2026-07-03 00:37:43 | WARNING | werkzeug |  * Debugger is active!
2026-07-03 00:38:37 | WARNING | werkzeug |  * Debugger is active!
2026-07-03 00:38:55 | INFO    | app | upload streamed to disk in 0.01s | file=applicant.csv
2026-07-03 00:38:56 | INFO    | app | DuckDB ingest completed in 0.32s | table=tbl_applicant_csv
2026-07-03 00:38:59 | INFO    | app | [poc1] STEP 1 - getsize: 0.000s
2026-07-03 00:39:00 | INFO    | app | [poc1] STEP 2 - get_full_metadata_for_ai (DuckDB): 0.143s
2026-07-03 00:39:00 | INFO    | app | [poc1] STEP 3 - build_schema_discovery_prompt: 0.000s | prompt_chars=19298
2026-07-03 00:39:00 | INFO    | app | [poc1] USER PROMPT:
CSV METADATA (JSON):
{"schema":{"applicantid":"BIGINT","applicant_first_name":"VARCHAR","applicant_middle_name":"VARCHAR","applicant_last_name":"VARCHAR","mobile":"BIGINT","dob":"DATE","pan":"VARCHAR","employment":"VARCHAR","isactive":"BOOLEAN","createddt":"TIMESTAMP","last_updated_dt":"TIMESTAMP","created_date":"DATE","is_active":"BOOLEAN","file_name":"VARCHAR"},"column_statistics":[{"name":"applicantid","type":"BIGINT","null_count":0,"null_pct":0.0,"distinct_count":46973,"approx_distinct_count":43184,"min":"1","max":"46973"},{"name":"applicant_first_name","type":"VARCHAR","null_count":0,"null_pct":0.0,"distinct_count":30,"approx_distinct_count":30,"min":"Aadhya","max":"Vivaan"},{"name":"applicant_middle_name","type":"VARCHAR","null_count":3086,"null_pct":6.57,"distinct_count":14,"approx_distinct_count":16,"min":"Anil","max":"Vijay","value_counts":{"Mohan":3209,"Vijay":3187,"Prakash":3185,"Devi":3171,"Ramesh":3165,"Ashok":3132,"Laxmi":3130,"Suresh":3127,"Sunil":3115,"Madhav":3107,"Dilip":3104,"Anil":3092,"Kumar":3089,"Raj":3073}},{"name":"applicant_last_name","type":"VARCHAR","null_count":0,"null_pct":0.0,"distinct_count":20,"approx_distinct_count":22,"min":"Agarwal","max":"Yadav"},{"name":"mobile","type":"BIGINT","null_count":0,"null_pct":0.0,"distinct_count":46973,"approx_distinct_count":47799,"min":"6000007919","max":"6371979187"},{"name":"dob","type":"DATE","null_count":0,"null_pct":0.0,"distinct_count":15473,"approx_distinct_count":12957,"min":"1960-01-01","max":"2004-12-31"},{"name":"pan","type":"VARCHAR","null_count":0,"null_pct":0.0,"distinct_count":46973,"approx_distinct_count":48695,"min":"AAAOC1786K","max":"ZZZYF5487H"},{"name":"employment","type":"VARCHAR","null_count":0,"null_pct":0.0,"distinct_count":3,"approx_distinct_count":3,"min":"business","max":"salaried","value_counts":{"salaried":15669,"business":15663,"doctor":15641}},{"name":"isactive","type":"BOOLEAN","null_count":0,"null_pct":0.0,"distinct_count":2,"approx_distinct_count":2,"min":"false","max":"true","value_counts":{"True":35259,"False":11714}},{"name":"createddt","type":"TIMESTAMP","null_count":0,"null_pct":0.0,"distinct_count":46959,"approx_distinct_count":41296,"min":"2023-11-07 14:13:05","max":"2026-04-26 13:48:08"},{"name":"last_updated_dt","type":"TIMESTAMP","null_count":0,"null_pct":0.0,"distinct_count":46954,"approx_distinct_count":44975,"min":"2023-11-08 17:59:55","max":"2026-08-23 15:06:15"},{"name":"created_date","type":"DATE","null_count":0,"null_pct":0.0,"distinct_count":1,"approx_distinct_count":1,"min":"2026-07-03","max":"2026-07-03","value_counts":{"2026-07-03":46973}},{"name":"is_active","type":"BOOLEAN","null_count":0,"null_pct":0.0,"distinct_count":1,"approx_distinct_count":1,"min":"true","max":"true","value_counts":{"True":46973}},{"name":"file_name","type":"VARCHAR","null_count":0,"null_pct":0.0,"distinct_count":1,"approx_distinct_count":1,"min":"applicant.csv","max":"applicant.csv","value_counts":{"applicant.csv":46973}}],"sample_rows":[{"applicantid":408,"applicant_first_name":"Amit","applicant_middle_name":"Suresh","applicant_last_name":"Agarwal","mobile":6003230952,"dob":"1999-10-20","pan":"BAXBJ0408C","employment":"business","isactive":false,"createddt":"2025-11-02 11:33:32","last_updated_dt":"2025-12-12 06:33:32","created_date":"2026-07-03","is_active":true,"file_name":"applicant.csv"},{"applicantid":1111,"applicant_first_name":"Diya","applicant_middle_name":"Suresh","applicant_last_name":"Sharma","mobile":6008798009,"dob":"1969-05-20","pan":"MVNFI1111V","employment":"doctor","isactive":true,"createddt":"2024-04-28 01:39:57","last_updated_dt":"2024-08-08 20:39:57","created_date":"2026-07-03","is_active":true,"file_name":"applicant.csv"},{"applicantid":5030,"applicant_first_name":"Nikhil","applicant_middle_name":"Raj","applicant_last_name":"Kulkarni","mobile":6039832570,"dob":"1996-05-28","pan":"TDSTB5030D","employment":"business","isactive":true,"createddt":"2025-04-06 13:30:31","last_updated_dt":"2025-07-24 19:30:31","created_date":"2026-07-03","is_active":true,"file_name":"applicant.csv"},{"applicantid":5625,"applicant_first_name":"Sai","applicant_middle_name":"Mohan","applicant_last_name":"Agarwal","mobile":6044544375,"dob":"1990-02-06","pan":"GVZZE5625M","employment":"salaried","isactive":false,"createddt":"2025-12-30 18:25:38","last_updated_dt":"2026-04-26 10:25:38","created_date":"2026-07-03","is_active":true,"file_name":"applicant.csv"},{"applicantid":6626,"applicant_first_name":"Avni","applicant_middle_name":null,"applicant_last_name":"Agarwal","mobile":6052471294,"dob":"2001-03-30","pan":"FKVTP6626K","employment":"business","isactive":true,"createddt":"2023-11-21 03:27:16","last_updated_dt":"2024-02-28 21:27:16","created_date":"2026-07-03","is_active":true,"file_name":"applicant.csv"},{"applicantid":7705,"applicant_first_name":"Muhammad","applicant_middle_name":"Mohan","applicant_last_name":"Iyer","mobile":6061015895,"dob":"1974-01-28","pan":"YRGWT7705O","employment":"doctor","isactive":true,"createddt":"2026-03-06 20:38:14","last_updated_dt":"2026-05-30 20:38:14","created_date":"2026-07-03","is_active":true,"file_name":"applicant.csv"},{"applicantid":8850,"applicant_first_name":"Diya","applicant_middle_name":"Kumar","applicant_last_name":"Mehta","mobile":6070083150,"dob":"2000-06-13","pan":"FVEGS8850J","employment":"business","isactive":true,"createddt":"2024-12-19 20:59:08","last_updated_dt":"2025-03-31 22:59:08","created_date":"2026-07-03","is_active":true,"file_name":"applicant.csv"},{"applicantid":9231,"applicant_first_name":"Aadhya","applicant_middle_name":null,"applicant_last_name":"Reddy","mobile":6073100289,"dob":"1982-05-24","pan":"IVAGT9231I","employment":"business","isactive":false,"createddt":"2024-10-04 17:49:40","last_updated_dt":"2024-10-19 19:49:40","created_date":"2026-07-03","is_active":true,"file_name":"applicant.csv"},{"applicantid":11031,"applicant_first_name":"Sai","applicant_middle_name":"Dilip","applicant_last_name":"Joshi","mobile":6087354489,"dob":"1968-12-23","pan":"NZXQG1031Z","employment":"salaried","isactive":true,"createddt":"2025-12-28 13:33:10","last_updated_dt":"2026-03-26 22:33:10","created_date":"2026-07-03","is_active":true,"file_name":"applicant.csv"},{"applicantid":11793,"applicant_first_name":"Kiara","applicant_middle_name":"Suresh","applicant_last_name":"Gupta","mobile":6093388767,"dob":"1990-02-25","pan":"MKEGH1793V","employment":"salaried","isactive":true,"createddt":"2024-04-01 13:11:33","last_updated_dt":"2024-07-17 04:11:33","created_date":"2026-07-03","is_active":true,"file_name":"applicant.csv"},{"applicantid":14906,"applicant_first_name":"Sai","applicant_middle_name":"Madhav","applicant_last_name":"Mehta","mobile":6118040614,"dob":"1990-10-30","pan":"OMPBF4906S","employment":"salaried","isactive":true,"createddt":"2026-01-19 04:16:53","last_updated_dt":"2026-02-04 23:16:53","created_date":"2026-07-03","is_active":true,"file_name":"applicant.csv"},{"applicantid":16907,"applicant_first_name":"Vivaan","applicant_middle_name":"Sunil","applicant_last_name":"Reddy","mobile":6133886533,"dob":"1979-07-25","pan":"HGNBG6907N","employment":"salaried","isactive":true,"createddt":"2025-05-16 22:08:33","last_updated_dt":"2025-07-26 18:08:33","created_date":"2026-07-03","is_active":true,"file_name":"applicant.csv"},{"applicantid":18910,"applicant_first_name":"Reyansh","applicant_middle_name":"Suresh","applicant_last_name":"Kumar","mobile":6149748290,"dob":"1990-12-14","pan":"YUQAV8910I","employment":"business","isactive":true,"createddt":"2024-08-30 13:15:19","last_updated_dt":"2024-12-04 08:15:19","created_date":"2026-07-03","is_active":true,"file_name":"applicant.csv"},{"applicantid":22839,"applicant_first_name":"Ira","applicant_middle_name":"Madhav","applicant_last_name":"Mishra","mobile":6180862041,"dob":"1977-06-17","pan":"WVGYG2839H","employment":"salaried","isactive":true,"createddt":"2025-05-05 04:34:41","last_updated_dt":"2025-06-02 05:34:41","created_date":"2026-07-03","is_active":true,"file_name":"applicant.csv"},{"applicantid":24927,"applicant_first_name":"Rohan","applicant_middle_name":"Devi","applicant_last_name":"Nair","mobile":6197396913,"dob":"1993-06-19","pan":"UFKUM4927S","employment":"business","isactive":true,"createddt":"2024-09-02 16:21:19","last_updated_dt":"2024-12-12 00:21:19","created_date":"2026-07-03","is_active":true,"file_name":"applicant.csv"},{"applicantid":25166,"applicant_first_name":"Vihaan","applicant_middle_name":"Mohan","applicant_last_name":"Kumar","mobile":6199289554,"dob":"1978-07-08","pan":"NNJYH5166R","employment":"doctor","isactive":true,"createddt":"2024-10-05 05:10:35","last_updated_dt":"2024-11-01 19:10:35","created_date":"2026-07-03","is_active":true,"file_name":"applicant.csv"},{"applicantid":27641,"applicant_first_name":"Vivaan","applicant_middle_name":"Laxmi","applicant_last_name":"Kumar","mobile":6218889079,"dob":"1971-05-02","pan":"UMNFG7641T","employment":"doctor","isactive":false,"createddt":"2025-07-02 16:51:36","last_updated_dt":"2025-10-05 04:51:36","created_date":"2026-07-03","is_active":true,"file_name":"applicant.csv"},{"applicantid":28274,"applicant_first_name":"Krishna","applicant_middle_name":"Vijay","applicant_last_name":"Kumar","mobile":6223901806,"dob":"1967-07-06","pan":"JEMQY8274L","employment":"salaried","isactive":true,"createddt":"2026-01-22 06:28:33","last_updated_dt":"2026-02-04 05:28:33","created_date":"2026-07-03","is_active":true,"file_name":"applicant.csv"},{"applicantid":29803,"applicant_first_name":"Sara","applicant_middle_name":"Sunil","applicant_last_name":"Bajaj","mobile":6236009957,"dob":"1985-10-13","pan":"SGJLI9803U","employment":"business","isactive":false,"createddt":"2025-10-26 18:48:01","last_updated_dt":"2025-12-06 03:48:01","created_date":"2026-07-03","is_active":true,"file_name":"applicant.csv"},{"applicantid":29892,"applicant_first_name":"Arjun","applicant_middle_name":"Suresh","applicant_last_name":"Verma","mobile":6236714748,"dob":"1993-10-09","pan":"JBZHO9892X","employment":"business","isactive":true,"createddt":"2025-05-22 09:22:58","last_updated_dt":"2025-08-19 08:22:58","created_date":"2026-07-03","is_active":true,"file_name":"applicant.csv"},{"applicantid":32255,"applicant_first_name":"Rohan","applicant_middle_name":"Kumar","applicant_last_name":"Mehta","mobile":6255427345,"dob":"1992-08-01","pan":"DBIPN2255A","employment":"doctor","isactive":true,"createddt":"2024-12-30 18:03:32","last_updated_dt":"2025-02-04 04:03:32","created_date":"2026-07-03","is_active":true,"file_name":"applicant.csv"},{"applicantid":32458,"applicant_first_name":"Diya","applicant_middle_name":"Ramesh","applicant_last_name":"Bajaj","mobile":6257034902,"dob":"1961-06-16","pan":"FXEWG2458K","employment":"salaried","isactive":true,"createddt":"2024-08-27 03:23:37","last_updated_dt":"2024-10-05 00:23:37","created_date":"2026-07-03","is_active":true,"file_name":"applicant.csv"},{"applicantid":35323,"applicant_first_name":"Diya","applicant_middle_name":"Suresh","applicant_last_name":"Joshi","mobile":6279722837,"dob":"1993-04-16","pan":"XVBFL5323K","employment":"salaried","isactive":true,"createddt":"2024-11-25 04:41:31","last_updated_dt":"2025-01-10 10:41:31","created_date":"2026-07-03","is_active":true,"file_name":"applicant.csv"},{"applicantid":35946,"applicant_first_name":"Sagar","applicant_middle_name":"Suresh","applicant_last_name":"Kumar","mobile":6284656374,"dob":"1980-09-04","pan":"PWJHJ5946B","employment":"doctor","isactive":true,"createddt":"2025-11-25 05:30:56","last_updated_dt":"2026-02-03 23:30:56","created_date":"2026-07-03","is_active":true,"file_name":"applicant.csv"},{"applicantid":38626,"applicant_first_name":"Kiara","applicant_middle_name":"Kumar","applicant_last_name":"Joshi","mobile":6305879294,"dob":"1960-11-10","pan":"JYYIF8626I","employment":"business","isactive":true,"createddt":"2025-04-22 18:57:40","last_updated_dt":"2025-06-04 17:57:40","created_date":"2026-07-03","is_active":true,"file_name":"applicant.csv"},{"applicantid":39519,"applicant_first_name":"Ishaan","applicant_middle_name":"Ashok","applicant_last_name":"Singh","mobile":6312950961,"dob":"2003-08-29","pan":"CWBYB9519Z","employment":"doctor","isactive":false,"createddt":"2024-02-29 13:52:09","last_updated_dt":"2024-03-15 16:52:09","created_date":"2026-07-03","is_active":true,"file_name":"applicant.csv"},{"applicantid":40517,"applicant_first_name":"Ishaan","applicant_middle_name":"Ashok","applicant_last_name":"Joshi","mobile":6320854123,"dob":"1968-12-23","pan":"BMDWJ0517W","employment":"salaried","isactive":true,"createddt":"2025-05-24 23:16:33","last_updated_dt":"2025-07-08 03:16:33","created_date":"2026-07-03","is_active":true,"file_name":"applicant.csv"},{"applicantid":42782,"applicant_first_name":"Neha","applicant_middle_name":"Suresh","applicant_last_name":"Reddy","mobile":6338790658,"dob":"1992-07-09","pan":"IIQVE2782M","employment":"business","isactive":true,"createddt":"2024-11-29 16:25:52","last_updated_dt":"2025-02-01 16:25:52","created_date":"2026-07-03","is_active":true,"file_name":"applicant.csv"},{"applicantid":44429,"applicant_first_name":"Amit","applicant_middle_name":"Ramesh","applicant_last_name":"Joshi","mobile":6351833251,"dob":"1999-09-03","pan":"PCGKP4429T","employment":"salaried","isactive":true,"createddt":"2024-04-04 19:26:48","last_updated_dt":"2024-05-30 13:26:48","created_date":"2026-07-03","is_active":true,"file_name":"applicant.csv"},{"applicantid":45972,"applicant_first_name":"Priya","applicant_middle_name":"Ashok","applicant_last_name":"Iyer","mobile":6364052268,"dob":"1976-05-05","pan":"XHQVW5972J","employment":"doctor","isactive":true,"createddt":"2024-01-25 19:02:41","last_updated_dt":"2024-01-28 13:02:41","created_date":"2026-07-03","is_active":true,"file_name":"applicant.csv"}]}

ANALYSIS STEPS:

STEP 1 — VERIFY TYPES
  Review the schema and sample_rows in the JSON below.
  If samples show different types than schema, correct it.
  Example: schema says Int64, but samples show ["25", "N/A"] → correct to Utf8/String

STEP 2 — UNDERSTAND BUSINESS MEANING
  Based on column name and sample values, what does this column represent?
  Example: "date_of_birth" + samples ["1990-05-15", "2000-01-20"] → "Customer birth date"

STEP 3 — DATA QUALITY ASSESSMENT
  Look at null counts, distinct counts, ranges in column_statistics.
  For low-cardinality columns, review value_counts to understand the
  full distribution of categories — not just which values exist, but
  how common each one is. Flag class imbalance (e.g. one value covering
  >95% of rows), unexpectedly rare values that might be data entry
  errors, or values outside the expected set.
  Example: loan_type value_counts = {"PL": 800, "HL": 450, "BL": 90, "XYZ": 2}
  → "XYZ" appearing only twice is likely a data entry error, flag it.

STEP 4 — IDENTIFY KEY COLUMNS
  Which 3-5 columns are most critical for quality analysis?
  Usually: IDs, dates, amounts, status fields

STEP 5 — IDENTIFY CRITICAL DATA POINTS
  Which columns have:
  - Data quality issues (high nulls, duplicates, inconsistent formats, class imbalance)?
  - Security concerns (sensitive data, PII)?
  - Business impact (revenue, transaction amounts, customer status)?
  - Format issues (mixed date formats, invalid values)?
  These are CRITICAL and must be flagged.

STEP 6 — RECOMMEND INDEXES
  Which columns should be indexed for fast queries?
  Think about:
  - Primary keys / IDs (always index)
  - Date fields used in WHERE/JOIN (always index)
  - Status/category fields with filtering (index if low-cardinality)
  - Foreign keys / relationships (always index)
  - High-cardinality fields unlikely to be filtered (skip)

  For each recommendation, explain WHY it should be indexed.

  Examples of good reasons:
  - "Primary key — fast lookups and joins"
  - "Frequently filtered in WHERE clauses"
  - "Date range queries for reports"
  - "Join condition with other tables"
  - "Sorts and aggregations on this column"
  - "Low-cardinality status field — improves filter selectivity"
  
STEP 7 - Conditional / Dependency Checks (Column-Controlled Mandatory Fields) 
  Identify situations where the value of one column determines whether another column should or should not contain data. 
  Examples of controlling relationships Application_Status 
  - Loan_Account_Number Payment_Status 
  - Payment_Date Order_Status 
  - Delivery_Date Approval_Flag 
  - Approved_By Is_Active 
  - Deactivation_Date Employment_Status 
  - Exit_Date Customer_Type 
  -> GST_Number Loan_Status 
  -> Disbursement_Date Product_Type 
  -> Product_Code Country 
  -> State Generate failed rows checks for these dependencies. 
  Examples If Application_Status = 'Disbursed', Loan_Account_Number must not be NULL
  Generate similar validations whenever one column logically controls another.

Return JSON with schema profile:
{
  "table_name": "derived from filename",
  "total_columns": number,
  "total_rows": number,
  "file_size_mb": number,
  "schema": [
    {
      "column": "exact name",
      "business_meaning": "what this represents",
      "data_type": "CORRECTED type (not just inferred)",
      "nullable": boolean,
      "null_count": number,
      "null_pct": number,
      "unique_count": number,
      "validation_rule": "rule to enforce",
      "sample_values": ["val1", "val2", "val3"],
      "categorical_values": ["val1", "val2"] or [],
      "value_distribution": {"val1": 800, "val2": 450} or {}
    }
  ],
  "key_columns": ["col1", "col2", "col3"],
  "critical_data": [
    {
      "column": "column_name",
      "severity": "HIGH" or "MEDIUM",
      "concern": "Specific issue found",
      "impact": "Business/data quality impact"
    }
  ],
  "quality_concerns": ["Specific concern with details"],
  "recommended_indexes": [
    {
      "column": "applicantid",
      "index_type": "B-Tree",
      "reason": "Primary key — enables fast lookups and join operations"
    }
  ],
  "data_completeness_pct": number (average of non-null percentages)
}

2026-07-03 00:39:36 | INFO    | bedrock_client | [bedrock] invoke_model network+generation time: 36.414s
2026-07-03 00:39:36 | INFO    | bedrock_client | [bedrock] response body read+json.loads: 0.000s
2026-07-03 00:39:36 | INFO    | bedrock_client | bedrock call | input_tokens=6921 output_tokens=5336 total=12257 session_total=12257 requests=1
2026-07-03 00:39:36 | INFO    | bedrock_client | [ask_json] ask() total (network+generation+read): 36.416s
2026-07-03 00:39:36 | INFO    | bedrock_client | [ask_json] cleanup + json.loads parse: 0.001s
2026-07-03 00:39:36 | INFO    | app | [poc1] STEP 4 - ask_json (Bedrock call, incl. JSON parse): 36.418s
2026-07-03 00:39:36 | INFO    | app | [poc1] STEP 5 - save_versioned: 0.002s
2026-07-03 00:39:36 | INFO    | app | [poc1] STEP 6 - contract write: 0.000s | new_contract=True
2026-07-03 00:39:36 | INFO    | app | [poc1] TOTAL route time: 36.566s
2026-07-03 00:40:40 | INFO    | app | SODA YAML Prompt (first 500 chars):
RULE GENERATION PRIORITY

DO NOT use: failed rows, fail query, alert, warn, valid_format, regex
ONLY use: row_count, missing_count, duplicate_count, min(), max(), invalid_count

1. TABLE LEVEL CHECKS
Always include checks for <table_name>:
  - row_count > 0
If expected row count is known, generate an appropriate threshold.

2. MISSING VALUE CHECKS
Use actual metadata.
If nullable = false → Generate missing_count(column) = 0
If nullable=true → Use observed null count with reasonable tolerance
Alw
2026-07-03 00:40:49 | INFO    | bedrock_client | [bedrock] invoke_model network+generation time: 8.239s
2026-07-03 00:40:49 | INFO    | bedrock_client | [bedrock] response body read+json.loads: 0.001s
2026-07-03 00:40:49 | INFO    | bedrock_client | bedrock call | input_tokens=7351 output_tokens=1346 total=8697 session_total=20954 requests=2
2026-07-03 00:40:53 | ERROR   | app | Data quality check run (poc2) failed for dataset=applicant_csv: IO Error: Could not set lock on file "/Users/paragkadam/Downloads/AI_POC/poc_package/storage/ai_poc_dq.duckdb": Conflicting lock is held in /Applications/DBeaver.app/Contents/MacOS/dbeaver (PID 23068) by user paragkadam. See also https://duckdb.org/docs/stable/connect/concurrency
Traceback (most recent call last):
  File "/Users/paragkadam/Downloads/AI_POC/poc_package/app.py", line 340, in run_poc2
    result = run_soda_checks_from_yaml(DB_FILE, yaml_path, tbl)
             ^^^^^^^^^^^^^^^^^^^^^^^^^^^^^^^^^^^^^^^^^^^^^^^^^^
  File "/Users/paragkadam/Downloads/AI_POC/poc_package/engines/soda_executor.py", line 342, in run_soda_checks_from_yaml
    results = execute_checks(db_file, table_name, checks)
              ^^^^^^^^^^^^^^^^^^^^^^^^^^^^^^^^^^^^^^^^^^^
  File "/Users/paragkadam/Downloads/AI_POC/poc_package/engines/soda_executor.py", line 206, in execute_checks
    conn = duckdb.connect(db_file, read_only=True)
           ^^^^^^^^^^^^^^^^^^^^^^^^^^^^^^^^^^^^^^^
_duckdb.IOException: IO Error: Could not set lock on file "/Users/paragkadam/Downloads/AI_POC/poc_package/storage/ai_poc_dq.duckdb": Conflicting lock is held in /Applications/DBeaver.app/Contents/MacOS/dbeaver (PID 23068) by user paragkadam. See also https://duckdb.org/docs/stable/connect/concurrency
2026-07-03 00:48:23 | WARNING | werkzeug |  * Debugger is active!
2026-07-03 00:48:34 | WARNING | werkzeug |  * Debugger is active!
2026-07-03 00:48:49 | WARNING | werkzeug |  * Debugger is active!
2026-07-03 00:50:47 | INFO    | app | upload streamed to disk in 0.02s | file=applicant.csv
2026-07-03 00:50:47 | INFO    | app | DuckDB ingest completed in 0.03s | table=tbl_applicant_csv
2026-07-03 00:50:47 | ERROR   | app | DB ingest reported failure for table=tbl_applicant_csv: IO Error: Could not set lock on file "/Users/paragkadam/Downloads/AI_POC/poc_package/storage/ai_poc_dq.duckdb": Conflicting lock is held in /Applications/DBeaver.app/Contents/MacOS/dbeaver (PID 23163) by user paragkadam. See also https://duckdb.org/docs/stable/connect/concurrency
2026-07-03 00:50:58 | INFO    | app | upload streamed to disk in 0.01s | file=applicant.csv
2026-07-03 00:50:59 | INFO    | app | DuckDB ingest completed in 0.30s | table=tbl_applicant_csv
2026-07-03 00:51:02 | INFO    | app | [poc1] STEP 1 - getsize: 0.000s
2026-07-03 00:51:02 | INFO    | app | [poc1] STEP 2 - get_full_metadata_for_ai (DuckDB): 0.143s
2026-07-03 00:51:02 | INFO    | app | [poc1] STEP 3 - build_schema_discovery_prompt: 0.000s | prompt_chars=19296
2026-07-03 00:51:02 | INFO    | app | [poc1] USER PROMPT:
CSV METADATA (JSON):
{"schema":{"applicantid":"BIGINT","applicant_first_name":"VARCHAR","applicant_middle_name":"VARCHAR","applicant_last_name":"VARCHAR","mobile":"BIGINT","dob":"DATE","pan":"VARCHAR","employment":"VARCHAR","isactive":"BOOLEAN","createddt":"TIMESTAMP","last_updated_dt":"TIMESTAMP","created_date":"DATE","is_active":"BOOLEAN","file_name":"VARCHAR"},"column_statistics":[{"name":"applicantid","type":"BIGINT","null_count":0,"null_pct":0.0,"distinct_count":46973,"approx_distinct_count":43184,"min":"1","max":"46973"},{"name":"applicant_first_name","type":"VARCHAR","null_count":0,"null_pct":0.0,"distinct_count":30,"approx_distinct_count":30,"min":"Aadhya","max":"Vivaan"},{"name":"applicant_middle_name","type":"VARCHAR","null_count":3086,"null_pct":6.57,"distinct_count":14,"approx_distinct_count":16,"min":"Anil","max":"Vijay","value_counts":{"Mohan":3209,"Vijay":3187,"Prakash":3185,"Devi":3171,"Ramesh":3165,"Ashok":3132,"Laxmi":3130,"Suresh":3127,"Sunil":3115,"Madhav":3107,"Dilip":3104,"Anil":3092,"Kumar":3089,"Raj":3073}},{"name":"applicant_last_name","type":"VARCHAR","null_count":0,"null_pct":0.0,"distinct_count":20,"approx_distinct_count":22,"min":"Agarwal","max":"Yadav"},{"name":"mobile","type":"BIGINT","null_count":0,"null_pct":0.0,"distinct_count":46973,"approx_distinct_count":47799,"min":"6000007919","max":"6371979187"},{"name":"dob","type":"DATE","null_count":0,"null_pct":0.0,"distinct_count":15473,"approx_distinct_count":12957,"min":"1960-01-01","max":"2004-12-31"},{"name":"pan","type":"VARCHAR","null_count":0,"null_pct":0.0,"distinct_count":46973,"approx_distinct_count":48695,"min":"AAAOC1786K","max":"ZZZYF5487H"},{"name":"employment","type":"VARCHAR","null_count":0,"null_pct":0.0,"distinct_count":3,"approx_distinct_count":3,"min":"business","max":"salaried","value_counts":{"salaried":15669,"business":15663,"doctor":15641}},{"name":"isactive","type":"BOOLEAN","null_count":0,"null_pct":0.0,"distinct_count":2,"approx_distinct_count":2,"min":"false","max":"true","value_counts":{"True":35259,"False":11714}},{"name":"createddt","type":"TIMESTAMP","null_count":0,"null_pct":0.0,"distinct_count":46959,"approx_distinct_count":41296,"min":"2023-11-07 14:13:05","max":"2026-04-26 13:48:08"},{"name":"last_updated_dt","type":"TIMESTAMP","null_count":0,"null_pct":0.0,"distinct_count":46954,"approx_distinct_count":44975,"min":"2023-11-08 17:59:55","max":"2026-08-23 15:06:15"},{"name":"created_date","type":"DATE","null_count":0,"null_pct":0.0,"distinct_count":1,"approx_distinct_count":1,"min":"2026-07-03","max":"2026-07-03","value_counts":{"2026-07-03":46973}},{"name":"is_active","type":"BOOLEAN","null_count":0,"null_pct":0.0,"distinct_count":1,"approx_distinct_count":1,"min":"true","max":"true","value_counts":{"True":46973}},{"name":"file_name","type":"VARCHAR","null_count":0,"null_pct":0.0,"distinct_count":1,"approx_distinct_count":1,"min":"applicant.csv","max":"applicant.csv","value_counts":{"applicant.csv":46973}}],"sample_rows":[{"applicantid":1188,"applicant_first_name":"Kiara","applicant_middle_name":"Sunil","applicant_last_name":"Mehta","mobile":6009407772,"dob":"1995-09-15","pan":"QLKXQ1188F","employment":"doctor","isactive":true,"createddt":"2025-03-04 15:29:54","last_updated_dt":"2025-06-01 15:29:54","created_date":"2026-07-03","is_active":true,"file_name":"applicant.csv"},{"applicantid":2099,"applicant_first_name":"Aditya","applicant_middle_name":"Ashok","applicant_last_name":"Chopra","mobile":6016621981,"dob":"1976-07-15","pan":"VKXGY2099K","employment":"business","isactive":true,"createddt":"2025-01-04 05:21:06","last_updated_dt":"2025-01-18 03:21:06","created_date":"2026-07-03","is_active":true,"file_name":"applicant.csv"},{"applicantid":3239,"applicant_first_name":"Sai","applicant_middle_name":"Sunil","applicant_last_name":"Sharma","mobile":6025649641,"dob":"1961-03-28","pan":"OQXGO3239B","employment":"salaried","isactive":true,"createddt":"2024-08-28 07:44:25","last_updated_dt":"2024-10-18 19:44:25","created_date":"2026-07-03","is_active":true,"file_name":"applicant.csv"},{"applicantid":7397,"applicant_first_name":"Kiara","applicant_middle_name":"Dilip","applicant_last_name":"Chopra","mobile":6058576843,"dob":"1973-09-08","pan":"VDICL7397H","employment":"doctor","isactive":true,"createddt":"2025-09-28 15:06:24","last_updated_dt":"2026-01-06 01:06:24","created_date":"2026-07-03","is_active":true,"file_name":"applicant.csv"},{"applicantid":7560,"applicant_first_name":"Aadhya","applicant_middle_name":"Raj","applicant_last_name":"Pawar","mobile":6059867640,"dob":"1992-10-04","pan":"ERTRX7560A","employment":"business","isactive":true,"createddt":"2025-10-19 07:34:04","last_updated_dt":"2025-12-02 19:34:04","created_date":"2026-07-03","is_active":true,"file_name":"applicant.csv"},{"applicantid":8707,"applicant_first_name":"Vihaan","applicant_middle_name":"Laxmi","applicant_last_name":"Bajaj","mobile":6068950733,"dob":"1979-04-24","pan":"CBCOI8707F","employment":"business","isactive":false,"createddt":"2024-04-08 02:47:22","last_updated_dt":"2024-04-15 10:47:22","created_date":"2026-07-03","is_active":true,"file_name":"applicant.csv"},{"applicantid":10349,"applicant_first_name":"Anika","applicant_middle_name":"Ramesh","applicant_last_name":"Verma","mobile":6081953731,"dob":"1990-10-11","pan":"IBRYM0349N","employment":"doctor","isactive":true,"createddt":"2024-07-08 13:00:06","last_updated_dt":"2024-08-15 16:00:06","created_date":"2026-07-03","is_active":true,"file_name":"applicant.csv"},{"applicantid":10484,"applicant_first_name":"Vihaan","applicant_middle_name":"Prakash","applicant_last_name":"Jain","mobile":6083022796,"dob":"1962-09-12","pan":"HGLJS0484X","employment":"business","isactive":true,"createddt":"2025-09-16 02:08:15","last_updated_dt":"2025-10-27 18:08:15","created_date":"2026-07-03","is_active":true,"file_name":"applicant.csv"},{"applicantid":10952,"applicant_first_name":"Sai","applicant_middle_name":"Raj","applicant_last_name":"Verma","mobile":6086728888,"dob":"1970-08-01","pan":"EULXN0952M","employment":"salaried","isactive":true,"createddt":"2024-07-08 08:42:04","last_updated_dt":"2024-08-20 23:42:04","created_date":"2026-07-03","is_active":true,"file_name":"applicant.csv"},{"applicantid":14892,"applicant_first_name":"Diya","applicant_middle_name":"Anil","applicant_last_name":"Yadav","mobile":6117929748,"dob":"2003-04-18","pan":"GWQTX4892H","employment":"doctor","isactive":true,"createddt":"2024-08-16 08:02:30","last_updated_dt":"2024-08-19 17:02:30","created_date":"2026-07-03","is_active":true,"file_name":"applicant.csv"},{"applicantid":16257,"applicant_first_name":"Aadhya","applicant_middle_name":"Suresh","applicant_last_name":"Bajaj","mobile":6128739183,"dob":"1971-05-14","pan":"EJIPZ6257A","employment":"doctor","isactive":false,"createddt":"2026-03-29 17:48:34","last_updated_dt":"2026-05-30 11:48:34","created_date":"2026-07-03","is_active":true,"file_name":"applicant.csv"},{"applicantid":18368,"applicant_first_name":"Sagar","applicant_middle_name":"Devi","applicant_last_name":"Patel","mobile":6145456192,"dob":"1976-09-23","pan":"KNMTZ8368R","employment":"salaried","isactive":true,"createddt":"2025-08-14 10:03:41","last_updated_dt":"2025-10-20 16:03:41","created_date":"2026-07-03","is_active":true,"file_name":"applicant.csv"},{"applicantid":18409,"applicant_first_name":"Neha","applicant_middle_name":"Suresh","applicant_last_name":"Agarwal","mobile":6145780871,"dob":"1975-01-05","pan":"ZBSVC8409B","employment":"doctor","isactive":true,"createddt":"2025-07-29 21:30:14","last_updated_dt":"2025-10-27 02:30:14","created_date":"2026-07-03","is_active":true,"file_name":"applicant.csv"},{"applicantid":22107,"applicant_first_name":"Ishaan","applicant_middle_name":"Laxmi","applicant_last_name":"Kulkarni","mobile":6175065333,"dob":"1962-10-03","pan":"RPNGD2107G","employment":"doctor","isactive":true,"createddt":"2025-01-21 10:53:14","last_updated_dt":"2025-04-06 22:53:14","created_date":"2026-07-03","is_active":true,"file_name":"applicant.csv"},{"applicantid":22504,"applicant_first_name":"Neha","applicant_middle_name":"Vijay","applicant_last_name":"Verma","mobile":6178209176,"dob":"1960-08-27","pan":"PDZQL2504X","employment":"business","isactive":true,"createddt":"2025-01-27 16:03:10","last_updated_dt":"2025-02-20 12:03:10","created_date":"2026-07-03","is_active":true,"file_name":"applicant.csv"},{"applicantid":22886,"applicant_first_name":"Rahul","applicant_middle_name":"Suresh","applicant_last_name":"Mehta","mobile":6181234234,"dob":"1976-07-18","pan":"XSGOJ2886U","employment":"doctor","isactive":true,"createddt":"2025-09-17 08:34:29","last_updated_dt":"2025-11-20 13:34:29","created_date":"2026-07-03","is_active":true,"file_name":"applicant.csv"},{"applicantid":26630,"applicant_first_name":"Reyansh","applicant_middle_name":"Laxmi","applicant_last_name":"Chopra","mobile":6210882970,"dob":"1986-01-18","pan":"JDOWC6630Q","employment":"doctor","isactive":true,"createddt":"2025-05-27 17:21:36","last_updated_dt":"2025-08-11 18:21:36","created_date":"2026-07-03","is_active":true,"file_name":"applicant.csv"},{"applicantid":27492,"applicant_first_name":"Priya","applicant_middle_name":"Vijay","applicant_last_name":"Joshi","mobile":6217709148,"dob":"2002-10-07","pan":"MUNII7492S","employment":"salaried","isactive":true,"createddt":"2025-03-07 07:45:51","last_updated_dt":"2025-04-06 01:45:51","created_date":"2026-07-03","is_active":true,"file_name":"applicant.csv"},{"applicantid":31620,"applicant_first_name":"Krishna","applicant_middle_name":"Laxmi","applicant_last_name":"Iyer","mobile":6250398780,"dob":"2001-02-11","pan":"YUUEJ1620K","employment":"doctor","isactive":true,"createddt":"2025-03-07 04:39:26","last_updated_dt":"2025-04-05 19:39:26","created_date":"2026-07-03","is_active":true,"file_name":"applicant.csv"},{"applicantid":32226,"applicant_first_name":"Muhammad","applicant_middle_name":"Mohan","applicant_last_name":"Deshmukh","mobile":6255197694,"dob":"1992-10-20","pan":"AJIKN2226I","employment":"doctor","isactive":true,"createddt":"2024-01-21 05:56:47","last_updated_dt":"2024-03-15 17:56:47","created_date":"2026-07-03","is_active":true,"file_name":"applicant.csv"},{"applicantid":32867,"applicant_first_name":"Diya","applicant_middle_name":"Suresh","applicant_last_name":"Iyer","mobile":6260273773,"dob":"1974-11-18","pan":"HRZUK2867J","employment":"salaried","isactive":true,"createddt":"2024-11-03 03:34:06","last_updated_dt":"2024-12-03 11:34:06","created_date":"2026-07-03","is_active":true,"file_name":"applicant.csv"},{"applicantid":34011,"applicant_first_name":"Pooja","applicant_middle_name":"Kumar","applicant_last_name":"Kumar","mobile":6269333109,"dob":"1960-02-13","pan":"NVFER4011R","employment":"business","isactive":true,"createddt":"2023-12-31 06:08:25","last_updated_dt":"2024-02-24 02:08:25","created_date":"2026-07-03","is_active":true,"file_name":"applicant.csv"},{"applicantid":35028,"applicant_first_name":"Aarav","applicant_middle_name":"Vijay","applicant_last_name":"Patel","mobile":6277386732,"dob":"1985-08-12","pan":"ESFTN5028V","employment":"business","isactive":true,"createddt":"2025-07-26 23:23:00","last_updated_dt":"2025-08-30 02:23:00","created_date":"2026-07-03","is_active":true,"file_name":"applicant.csv"},{"applicantid":36672,"applicant_first_name":"Ira","applicant_middle_name":"Kumar","applicant_last_name":"Joshi","mobile":6290405568,"dob":"1960-12-21","pan":"HTNZV6672V","employment":"business","isactive":true,"createddt":"2024-05-31 00:27:17","last_updated_dt":"2024-07-18 00:27:17","created_date":"2026-07-03","is_active":true,"file_name":"applicant.csv"},{"applicantid":38159,"applicant_first_name":"Sai","applicant_middle_name":"Laxmi","applicant_last_name":"Kumar","mobile":6302181121,"dob":"1967-06-10","pan":"BOORV8159L","employment":"business","isactive":true,"createddt":"2026-03-10 03:29:40","last_updated_dt":"2026-04-22 06:29:40","created_date":"2026-07-03","is_active":true,"file_name":"applicant.csv"},{"applicantid":39572,"applicant_first_name":"Sneha","applicant_middle_name":"Vijay","applicant_last_name":"Joshi","mobile":6313370668,"dob":"1969-05-25","pan":"RWUXO9572N","employment":"business","isactive":true,"createddt":"2025-01-22 05:40:53","last_updated_dt":"2025-03-30 06:40:53","created_date":"2026-07-03","is_active":true,"file_name":"applicant.csv"},{"applicantid":40467,"applicant_first_name":"Myra","applicant_middle_name":"Dilip","applicant_last_name":"Singh","mobile":6320458173,"dob":"1965-10-22","pan":"LQYIC0467F","employment":"business","isactive":true,"createddt":"2024-09-08 09:18:32","last_updated_dt":"2024-09-08 09:18:32","created_date":"2026-07-03","is_active":true,"file_name":"applicant.csv"},{"applicantid":41740,"applicant_first_name":"Muhammad","applicant_middle_name":"Devi","applicant_last_name":"Kumar","mobile":6330539060,"dob":"1962-03-30","pan":"KMVQM1740B","employment":"business","isactive":false,"createddt":"2025-02-27 02:49:08","last_updated_dt":"2025-04-22 11:49:08","created_date":"2026-07-03","is_active":true,"file_name":"applicant.csv"},{"applicantid":43549,"applicant_first_name":"Sagar","applicant_middle_name":"Sunil","applicant_last_name":"Verma","mobile":6344864531,"dob":"1976-02-19","pan":"CRLKE3549O","employment":"doctor","isactive":true,"createddt":"2026-01-22 01:18:57","last_updated_dt":"2026-04-05 05:18:57","created_date":"2026-07-03","is_active":true,"file_name":"applicant.csv"},{"applicantid":46907,"applicant_first_name":"Rohan","applicant_middle_name":"Prakash","applicant_last_name":"Mehta","mobile":6371456533,"dob":"1997-04-09","pan":"YJGKA6907R","employment":"business","isactive":true,"createddt":"2024-01-03 05:52:18","last_updated_dt":"2024-03-06 15:52:18","created_date":"2026-07-03","is_active":true,"file_name":"applicant.csv"}]}

ANALYSIS STEPS:

STEP 1 — VERIFY TYPES
  Review the schema and sample_rows in the JSON below.
  If samples show different types than schema, correct it.
  Example: schema says Int64, but samples show ["25", "N/A"] → correct to Utf8/String

STEP 2 — UNDERSTAND BUSINESS MEANING
  Based on column name and sample values, what does this column represent?
  Example: "date_of_birth" + samples ["1990-05-15", "2000-01-20"] → "Customer birth date"

STEP 3 — DATA QUALITY ASSESSMENT
  Look at null counts, distinct counts, ranges in column_statistics.
  For low-cardinality columns, review value_counts to understand the
  full distribution of categories — not just which values exist, but
  how common each one is. Flag class imbalance (e.g. one value covering
  >95% of rows), unexpectedly rare values that might be data entry
  errors, or values outside the expected set.
  Example: loan_type value_counts = {"PL": 800, "HL": 450, "BL": 90, "XYZ": 2}
  → "XYZ" appearing only twice is likely a data entry error, flag it.

STEP 4 — IDENTIFY KEY COLUMNS
  Which 3-5 columns are most critical for quality analysis?
  Usually: IDs, dates, amounts, status fields

STEP 5 — IDENTIFY CRITICAL DATA POINTS
  Which columns have:
  - Data quality issues (high nulls, duplicates, inconsistent formats, class imbalance)?
  - Security concerns (sensitive data, PII)?
  - Business impact (revenue, transaction amounts, customer status)?
  - Format issues (mixed date formats, invalid values)?
  These are CRITICAL and must be flagged.

STEP 6 — RECOMMEND INDEXES
  Which columns should be indexed for fast queries?
  Think about:
  - Primary keys / IDs (always index)
  - Date fields used in WHERE/JOIN (always index)
  - Status/category fields with filtering (index if low-cardinality)
  - Foreign keys / relationships (always index)
  - High-cardinality fields unlikely to be filtered (skip)

  For each recommendation, explain WHY it should be indexed.

  Examples of good reasons:
  - "Primary key — fast lookups and joins"
  - "Frequently filtered in WHERE clauses"
  - "Date range queries for reports"
  - "Join condition with other tables"
  - "Sorts and aggregations on this column"
  - "Low-cardinality status field — improves filter selectivity"
  
STEP 7 - Conditional / Dependency Checks (Column-Controlled Mandatory Fields) 
  Identify situations where the value of one column determines whether another column should or should not contain data. 
  Examples of controlling relationships Application_Status 
  - Loan_Account_Number Payment_Status 
  - Payment_Date Order_Status 
  - Delivery_Date Approval_Flag 
  - Approved_By Is_Active 
  - Deactivation_Date Employment_Status 
  - Exit_Date Customer_Type 
  -> GST_Number Loan_Status 
  -> Disbursement_Date Product_Type 
  -> Product_Code Country 
  -> State Generate failed rows checks for these dependencies. 
  Examples If Application_Status = 'Disbursed', Loan_Account_Number must not be NULL
  Generate similar validations whenever one column logically controls another.

Return JSON with schema profile:
{
  "table_name": "derived from filename",
  "total_columns": number,
  "total_rows": number,
  "file_size_mb": number,
  "schema": [
    {
      "column": "exact name",
      "business_meaning": "what this represents",
      "data_type": "CORRECTED type (not just inferred)",
      "nullable": boolean,
      "null_count": number,
      "null_pct": number,
      "unique_count": number,
      "validation_rule": "rule to enforce",
      "sample_values": ["val1", "val2", "val3"],
      "categorical_values": ["val1", "val2"] or [],
      "value_distribution": {"val1": 800, "val2": 450} or {}
    }
  ],
  "key_columns": ["col1", "col2", "col3"],
  "critical_data": [
    {
      "column": "column_name",
      "severity": "HIGH" or "MEDIUM",
      "concern": "Specific issue found",
      "impact": "Business/data quality impact"
    }
  ],
  "quality_concerns": ["Specific concern with details"],
  "recommended_indexes": [
    {
      "column": "applicantid",
      "index_type": "B-Tree",
      "reason": "Primary key — enables fast lookups and join operations"
    }
  ],
  "data_completeness_pct": number (average of non-null percentages)
}

2026-07-03 00:51:38 | INFO    | bedrock_client | [bedrock] invoke_model network+generation time: 36.403s
2026-07-03 00:51:38 | INFO    | bedrock_client | [bedrock] response body read+json.loads: 0.001s
2026-07-03 00:51:38 | INFO    | bedrock_client | bedrock call | input_tokens=6918 output_tokens=5189 total=12107 session_total=12107 requests=1
2026-07-03 00:51:38 | INFO    | bedrock_client | [ask_json] ask() total (network+generation+read): 36.407s
2026-07-03 00:51:38 | INFO    | bedrock_client | [ask_json] cleanup + json.loads parse: 0.001s
2026-07-03 00:51:38 | INFO    | app | [poc1] STEP 4 - ask_json (Bedrock call, incl. JSON parse): 36.408s
2026-07-03 00:51:38 | INFO    | app | [poc1] STEP 5 - save_versioned: 0.002s
2026-07-03 00:51:38 | INFO    | app | [poc1] STEP 6 - contract write: 0.000s | new_contract=False
2026-07-03 00:51:38 | INFO    | app | [poc1] TOTAL route time: 36.554s
2026-07-03 00:51:47 | INFO    | app | SODA YAML Prompt (first 500 chars):
RULE GENERATION PRIORITY

DO NOT use: failed rows, fail query, alert, warn, valid_format, regex
ONLY use: row_count, missing_count, duplicate_count, min(), max(), invalid_count

1. TABLE LEVEL CHECKS
Always include checks for <table_name>:
  - row_count > 0
If expected row count is known, generate an appropriate threshold.

2. MISSING VALUE CHECKS
Use actual metadata.
If nullable = false → Generate missing_count(column) = 0
If nullable=true → Use observed null count with reasonable tolerance
Alw
2026-07-03 00:51:59 | INFO    | bedrock_client | [bedrock] invoke_model network+generation time: 11.922s
2026-07-03 00:51:59 | INFO    | bedrock_client | [bedrock] response body read+json.loads: 0.001s
2026-07-03 00:51:59 | INFO    | bedrock_client | bedrock call | input_tokens=7184 output_tokens=2184 total=9368 session_total=21475 requests=2
2026-07-03 01:07:00 | WARNING | werkzeug |  * Debugger is active!
2026-07-03 01:08:32 | WARNING | werkzeug |  * Debugger is active!
2026-07-03 01:08:40 | INFO    | app | upload streamed to disk in 0.01s | file=applicant.csv
2026-07-03 01:08:41 | INFO    | app | DuckDB ingest completed in 0.31s | table=tbl_applicant_csv
2026-07-03 01:08:43 | INFO    | app | [poc1] STEP 1 - getsize: 0.000s
2026-07-03 01:08:43 | INFO    | app | [poc1] STEP 2 - get_full_metadata_for_ai (DuckDB): 0.144s
2026-07-03 01:08:43 | INFO    | app | [poc1] STEP 3 - build_schema_discovery_prompt: 0.000s | prompt_chars=19295
2026-07-03 01:08:43 | INFO    | app | [poc1] USER PROMPT:
CSV METADATA (JSON):
{"schema":{"applicantid":"BIGINT","applicant_first_name":"VARCHAR","applicant_middle_name":"VARCHAR","applicant_last_name":"VARCHAR","mobile":"BIGINT","dob":"DATE","pan":"VARCHAR","employment":"VARCHAR","isactive":"BOOLEAN","createddt":"TIMESTAMP","last_updated_dt":"TIMESTAMP","created_date":"DATE","is_active":"BOOLEAN","file_name":"VARCHAR"},"column_statistics":[{"name":"applicantid","type":"BIGINT","null_count":0,"null_pct":0.0,"distinct_count":46973,"approx_distinct_count":43184,"min":"1","max":"46973"},{"name":"applicant_first_name","type":"VARCHAR","null_count":0,"null_pct":0.0,"distinct_count":30,"approx_distinct_count":30,"min":"Aadhya","max":"Vivaan"},{"name":"applicant_middle_name","type":"VARCHAR","null_count":3086,"null_pct":6.57,"distinct_count":14,"approx_distinct_count":16,"min":"Anil","max":"Vijay","value_counts":{"Mohan":3209,"Vijay":3187,"Prakash":3185,"Devi":3171,"Ramesh":3165,"Ashok":3132,"Laxmi":3130,"Suresh":3127,"Sunil":3115,"Madhav":3107,"Dilip":3104,"Anil":3092,"Kumar":3089,"Raj":3073}},{"name":"applicant_last_name","type":"VARCHAR","null_count":0,"null_pct":0.0,"distinct_count":20,"approx_distinct_count":22,"min":"Agarwal","max":"Yadav"},{"name":"mobile","type":"BIGINT","null_count":0,"null_pct":0.0,"distinct_count":46973,"approx_distinct_count":47799,"min":"6000007919","max":"6371979187"},{"name":"dob","type":"DATE","null_count":0,"null_pct":0.0,"distinct_count":15473,"approx_distinct_count":12957,"min":"1960-01-01","max":"2004-12-31"},{"name":"pan","type":"VARCHAR","null_count":0,"null_pct":0.0,"distinct_count":46973,"approx_distinct_count":48695,"min":"AAAOC1786K","max":"ZZZYF5487H"},{"name":"employment","type":"VARCHAR","null_count":0,"null_pct":0.0,"distinct_count":3,"approx_distinct_count":3,"min":"business","max":"salaried","value_counts":{"salaried":15669,"business":15663,"doctor":15641}},{"name":"isactive","type":"BOOLEAN","null_count":0,"null_pct":0.0,"distinct_count":2,"approx_distinct_count":2,"min":"false","max":"true","value_counts":{"True":35259,"False":11714}},{"name":"createddt","type":"TIMESTAMP","null_count":0,"null_pct":0.0,"distinct_count":46959,"approx_distinct_count":41296,"min":"2023-11-07 14:13:05","max":"2026-04-26 13:48:08"},{"name":"last_updated_dt","type":"TIMESTAMP","null_count":0,"null_pct":0.0,"distinct_count":46954,"approx_distinct_count":44975,"min":"2023-11-08 17:59:55","max":"2026-08-23 15:06:15"},{"name":"created_date","type":"DATE","null_count":0,"null_pct":0.0,"distinct_count":1,"approx_distinct_count":1,"min":"2026-07-03","max":"2026-07-03","value_counts":{"2026-07-03":46973}},{"name":"is_active","type":"BOOLEAN","null_count":0,"null_pct":0.0,"distinct_count":1,"approx_distinct_count":1,"min":"true","max":"true","value_counts":{"True":46973}},{"name":"file_name","type":"VARCHAR","null_count":0,"null_pct":0.0,"distinct_count":1,"approx_distinct_count":1,"min":"applicant.csv","max":"applicant.csv","value_counts":{"applicant.csv":46973}}],"sample_rows":[{"applicantid":1369,"applicant_first_name":"Sagar","applicant_middle_name":"Anil","applicant_last_name":"Mehta","mobile":6010841111,"dob":"1967-07-19","pan":"OUJBP1369Y","employment":"business","isactive":true,"createddt":"2024-03-16 12:40:31","last_updated_dt":"2024-05-04 19:40:31","created_date":"2026-07-03","is_active":true,"file_name":"applicant.csv"},{"applicantid":2211,"applicant_first_name":"Diya","applicant_middle_name":"Suresh","applicant_last_name":"Joshi","mobile":6017508909,"dob":"1990-07-06","pan":"PBZFI2211A","employment":"business","isactive":false,"createddt":"2024-06-08 13:59:37","last_updated_dt":"2024-10-05 21:59:37","created_date":"2026-07-03","is_active":true,"file_name":"applicant.csv"},{"applicantid":4525,"applicant_first_name":"Aarav","applicant_middle_name":"Suresh","applicant_last_name":"Yadav","mobile":6035833475,"dob":"1999-08-20","pan":"EJIFF4525G","employment":"business","isactive":true,"createddt":"2024-03-14 16:53:00","last_updated_dt":"2024-07-11 18:53:00","created_date":"2026-07-03","is_active":true,"file_name":"applicant.csv"},{"applicantid":6467,"applicant_first_name":"Ira","applicant_middle_name":"Ashok","applicant_last_name":"Agarwal","mobile":6051212173,"dob":"1999-04-30","pan":"OHTVB6467M","employment":"doctor","isactive":true,"createddt":"2025-09-08 20:46:55","last_updated_dt":"2025-09-29 23:46:55","created_date":"2026-07-03","is_active":true,"file_name":"applicant.csv"},{"applicantid":7699,"applicant_first_name":"Amit","applicant_middle_name":"Anil","applicant_last_name":"Mishra","mobile":6060968381,"dob":"1969-07-02","pan":"UDGCY7699V","employment":"doctor","isactive":true,"createddt":"2025-06-14 15:38:18","last_updated_dt":"2025-09-18 19:38:18","created_date":"2026-07-03","is_active":true,"file_name":"applicant.csv"},{"applicantid":8179,"applicant_first_name":"Arjun","applicant_middle_name":"Sunil","applicant_last_name":"Reddy","mobile":6064769501,"dob":"1970-10-23","pan":"VGMYT8179T","employment":"salaried","isactive":true,"createddt":"2025-05-11 19:04:41","last_updated_dt":"2025-06-26 23:04:41","created_date":"2026-07-03","is_active":true,"file_name":"applicant.csv"},{"applicantid":9041,"applicant_first_name":"Anika","applicant_middle_name":"Suresh","applicant_last_name":"Pawar","mobile":6071595679,"dob":"1994-06-01","pan":"KKVRO9041N","employment":"business","isactive":true,"createddt":"2024-10-30 01:48:56","last_updated_dt":"2025-02-18 01:48:56","created_date":"2026-07-03","is_active":true,"file_name":"applicant.csv"},{"applicantid":12036,"applicant_first_name":"Aarav","applicant_middle_name":"Mohan","applicant_last_name":"Deshmukh","mobile":6095313084,"dob":"1989-03-23","pan":"BFJTY2036D","employment":"business","isactive":true,"createddt":"2024-02-24 03:04:01","last_updated_dt":"2024-04-12 10:04:01","created_date":"2026-07-03","is_active":true,"file_name":"applicant.csv"},{"applicantid":13564,"applicant_first_name":"Muhammad","applicant_middle_name":"Prakash","applicant_last_name":"Patel","mobile":6107413316,"dob":"1991-01-21","pan":"VYUES3564T","employment":"doctor","isactive":true,"createddt":"2025-10-04 20:12:41","last_updated_dt":"2025-11-18 02:12:41","created_date":"2026-07-03","is_active":true,"file_name":"applicant.csv"},{"applicantid":14910,"applicant_first_name":"Ira","applicant_middle_name":"Ashok","applicant_last_name":"Gupta","mobile":6118072290,"dob":"1977-08-22","pan":"JDULF4910W","employment":"business","isactive":true,"createddt":"2025-08-20 18:12:21","last_updated_dt":"2025-11-16 09:12:21","created_date":"2026-07-03","is_active":true,"file_name":"applicant.csv"},{"applicantid":16359,"applicant_first_name":"Kiara","applicant_middle_name":"Laxmi","applicant_last_name":"Patel","mobile":6129546921,"dob":"1989-06-22","pan":"MIIRZ6359T","employment":"doctor","isactive":true,"createddt":"2024-05-26 13:40:52","last_updated_dt":"2024-06-02 11:40:52","created_date":"2026-07-03","is_active":true,"file_name":"applicant.csv"},{"applicantid":19704,"applicant_first_name":"Neha","applicant_middle_name":"Ramesh","applicant_last_name":"Sharma","mobile":6156035976,"dob":"1970-11-27","pan":"QMUWH9704T","employment":"business","isactive":true,"createddt":"2025-12-04 03:49:21","last_updated_dt":"2026-03-22 00:49:21","created_date":"2026-07-03","is_active":true,"file_name":"applicant.csv"},{"applicantid":21049,"applicant_first_name":"Ira","applicant_middle_name":"Madhav","applicant_last_name":"Nair","mobile":6166687031,"dob":"1964-05-13","pan":"KZAYJ1049D","employment":"business","isactive":false,"createddt":"2025-11-05 11:59:48","last_updated_dt":"2026-02-15 21:59:48","created_date":"2026-07-03","is_active":true,"file_name":"applicant.csv"},{"applicantid":21145,"applicant_first_name":"Sneha","applicant_middle_name":"Suresh","applicant_last_name":"Mehta","mobile":6167447255,"dob":"1977-10-04","pan":"JZDGD1145H","employment":"salaried","isactive":false,"createddt":"2026-01-13 21:30:57","last_updated_dt":"2026-03-01 02:30:57","created_date":"2026-07-03","is_active":true,"file_name":"applicant.csv"},{"applicantid":23409,"applicant_first_name":"Diya","applicant_middle_name":"Ashok","applicant_last_name":"Joshi","mobile":6185375871,"dob":"2003-08-22","pan":"TOSHB3409T","employment":"salaried","isactive":false,"createddt":"2025-07-08 19:49:14","last_updated_dt":"2025-09-11 04:49:14","created_date":"2026-07-03","is_active":true,"file_name":"applicant.csv"},{"applicantid":24083,"applicant_first_name":"Pooja","applicant_middle_name":"Ashok","applicant_last_name":"Nair","mobile":6190713277,"dob":"1963-04-07","pan":"WYUTT4083O","employment":"salaried","isactive":true,"createddt":"2024-07-10 01:27:29","last_updated_dt":"2024-07-22 16:27:29","created_date":"2026-07-03","is_active":true,"file_name":"applicant.csv"},{"applicantid":24169,"applicant_first_name":"Neha","applicant_middle_name":"Anil","applicant_last_name":"Yadav","mobile":6191394311,"dob":"1998-05-15","pan":"RLPSR4169Y","employment":"business","isactive":true,"createddt":"2024-04-08 00:25:48","last_updated_dt":"2024-07-17 07:25:48","created_date":"2026-07-03","is_active":true,"file_name":"applicant.csv"},{"applicantid":26962,"applicant_first_name":"Avni","applicant_middle_name":"Devi","applicant_last_name":"Jain","mobile":6213512078,"dob":"1995-02-22","pan":"EZCUP6962N","employment":"salaried","isactive":true,"createddt":"2024-05-09 14:58:47","last_updated_dt":"2024-09-02 05:58:47","created_date":"2026-07-03","is_active":true,"file_name":"applicant.csv"},{"applicantid":28503,"applicant_first_name":"Aditya","applicant_middle_name":"Madhav","applicant_last_name":"Patel","mobile":6225715257,"dob":"1977-10-24","pan":"YFLEA8503Z","employment":"business","isactive":false,"createddt":"2025-08-20 02:14:18","last_updated_dt":"2025-10-30 08:14:18","created_date":"2026-07-03","is_active":true,"file_name":"applicant.csv"},{"applicantid":29685,"applicant_first_name":"Sagar","applicant_middle_name":"Anil","applicant_last_name":"Kulkarni","mobile":6235075515,"dob":"1992-02-10","pan":"HCEWC9685I","employment":"salaried","isactive":true,"createddt":"2025-04-22 21:41:29","last_updated_dt":"2025-05-19 04:41:29","created_date":"2026-07-03","is_active":true,"file_name":"applicant.csv"},{"applicantid":29787,"applicant_first_name":"Nikhil","applicant_middle_name":"Devi","applicant_last_name":"Jain","mobile":6235883253,"dob":"1992-03-28","pan":"ETMHK9787Y","employment":"doctor","isactive":true,"createddt":"2026-04-07 00:29:42","last_updated_dt":"2026-04-17 05:29:42","created_date":"2026-07-03","is_active":true,"file_name":"applicant.csv"},{"applicantid":32046,"applicant_first_name":"Ira","applicant_middle_name":"Devi","applicant_last_name":"Kumar","mobile":6253772274,"dob":"2004-10-17","pan":"NBGIH2046B","employment":"salaried","isactive":true,"createddt":"2024-09-17 02:20:33","last_updated_dt":"2024-09-30 09:20:33","created_date":"2026-07-03","is_active":true,"file_name":"applicant.csv"},{"applicantid":35225,"applicant_first_name":"Reyansh","applicant_middle_name":"Laxmi","applicant_last_name":"Chopra","mobile":6278946775,"dob":"1962-04-13","pan":"XHASC5225P","employment":"business","isactive":true,"createddt":"2026-03-29 17:44:53","last_updated_dt":"2026-05-04 17:44:53","created_date":"2026-07-03","is_active":true,"file_name":"applicant.csv"},{"applicantid":38270,"applicant_first_name":"Amit","applicant_middle_name":"Sunil","applicant_last_name":"Mishra","mobile":6303060130,"dob":"1965-07-26","pan":"OQWVG8270P","employment":"salaried","isactive":true,"createddt":"2025-09-08 20:34:49","last_updated_dt":"2025-09-20 21:34:49","created_date":"2026-07-03","is_active":true,"file_name":"applicant.csv"},{"applicantid":38763,"applicant_first_name":"Aditya","applicant_middle_name":"Vijay","applicant_last_name":"Agarwal","mobile":6306964197,"dob":"1964-12-07","pan":"LEBJM8763U","employment":"salaried","isactive":false,"createddt":"2026-03-29 03:42:49","last_updated_dt":"2026-05-02 14:42:49","created_date":"2026-07-03","is_active":true,"file_name":"applicant.csv"},{"applicantid":39460,"applicant_first_name":"Diya","applicant_middle_name":"Mohan","applicant_last_name":"Patel","mobile":6312483740,"dob":"1995-01-09","pan":"RKFFC9460B","employment":"doctor","isactive":false,"createddt":"2025-11-25 04:36:27","last_updated_dt":"2026-01-15 20:36:27","created_date":"2026-07-03","is_active":true,"file_name":"applicant.csv"},{"applicantid":40280,"applicant_first_name":"Ira","applicant_middle_name":"Anil","applicant_last_name":"Chopra","mobile":6318977320,"dob":"1989-08-08","pan":"XTFQV0280Y","employment":"salaried","isactive":false,"createddt":"2024-01-27 06:01:37","last_updated_dt":"2024-02-20 05:01:37","created_date":"2026-07-03","is_active":true,"file_name":"applicant.csv"},{"applicantid":41755,"applicant_first_name":"Arjun","applicant_middle_name":"Vijay","applicant_last_name":"Agarwal","mobile":6330657845,"dob":"1975-01-21","pan":"DMADO1755X","employment":"doctor","isactive":false,"createddt":"2025-02-16 22:15:52","last_updated_dt":"2025-04-30 17:15:52","created_date":"2026-07-03","is_active":true,"file_name":"applicant.csv"},{"applicantid":44635,"applicant_first_name":"Sai","applicant_middle_name":"Mohan","applicant_last_name":"Nair","mobile":6353464565,"dob":"1996-03-10","pan":"JRLHS4635N","employment":"doctor","isactive":true,"createddt":"2024-01-03 20:26:20","last_updated_dt":"2024-01-08 18:26:20","created_date":"2026-07-03","is_active":true,"file_name":"applicant.csv"},{"applicantid":46816,"applicant_first_name":"Diya","applicant_middle_name":"Laxmi","applicant_last_name":"Kumar","mobile":6370735904,"dob":"1962-02-20","pan":"NPTKU6816O","employment":"salaried","isactive":true,"createddt":"2025-04-19 06:44:00","last_updated_dt":"2025-05-15 10:44:00","created_date":"2026-07-03","is_active":true,"file_name":"applicant.csv"}]}

ANALYSIS STEPS:

STEP 1 — VERIFY TYPES
  Review the schema and sample_rows in the JSON below.
  If samples show different types than schema, correct it.
  Example: schema says Int64, but samples show ["25", "N/A"] → correct to Utf8/String

STEP 2 — UNDERSTAND BUSINESS MEANING
  Based on column name and sample values, what does this column represent?
  Example: "date_of_birth" + samples ["1990-05-15", "2000-01-20"] → "Customer birth date"

STEP 3 — DATA QUALITY ASSESSMENT
  Look at null counts, distinct counts, ranges in column_statistics.
  For low-cardinality columns, review value_counts to understand the
  full distribution of categories — not just which values exist, but
  how common each one is. Flag class imbalance (e.g. one value covering
  >95% of rows), unexpectedly rare values that might be data entry
  errors, or values outside the expected set.
  Example: loan_type value_counts = {"PL": 800, "HL": 450, "BL": 90, "XYZ": 2}
  → "XYZ" appearing only twice is likely a data entry error, flag it.

STEP 4 — IDENTIFY KEY COLUMNS
  Which 3-5 columns are most critical for quality analysis?
  Usually: IDs, dates, amounts, status fields

STEP 5 — IDENTIFY CRITICAL DATA POINTS
  Which columns have:
  - Data quality issues (high nulls, duplicates, inconsistent formats, class imbalance)?
  - Security concerns (sensitive data, PII)?
  - Business impact (revenue, transaction amounts, customer status)?
  - Format issues (mixed date formats, invalid values)?
  These are CRITICAL and must be flagged.

STEP 6 — RECOMMEND INDEXES
  Which columns should be indexed for fast queries?
  Think about:
  - Primary keys / IDs (always index)
  - Date fields used in WHERE/JOIN (always index)
  - Status/category fields with filtering (index if low-cardinality)
  - Foreign keys / relationships (always index)
  - High-cardinality fields unlikely to be filtered (skip)

  For each recommendation, explain WHY it should be indexed.

  Examples of good reasons:
  - "Primary key — fast lookups and joins"
  - "Frequently filtered in WHERE clauses"
  - "Date range queries for reports"
  - "Join condition with other tables"
  - "Sorts and aggregations on this column"
  - "Low-cardinality status field — improves filter selectivity"
  
STEP 7 - Conditional / Dependency Checks (Column-Controlled Mandatory Fields) 
  Identify situations where the value of one column determines whether another column should or should not contain data. 
  Examples of controlling relationships Application_Status 
  - Loan_Account_Number Payment_Status 
  - Payment_Date Order_Status 
  - Delivery_Date Approval_Flag 
  - Approved_By Is_Active 
  - Deactivation_Date Employment_Status 
  - Exit_Date Customer_Type 
  -> GST_Number Loan_Status 
  -> Disbursement_Date Product_Type 
  -> Product_Code Country 
  -> State Generate failed rows checks for these dependencies. 
  Examples If Application_Status = 'Disbursed', Loan_Account_Number must not be NULL
  Generate similar validations whenever one column logically controls another.

Return JSON with schema profile:
{
  "table_name": "derived from filename",
  "total_columns": number,
  "total_rows": number,
  "file_size_mb": number,
  "schema": [
    {
      "column": "exact name",
      "business_meaning": "what this represents",
      "data_type": "CORRECTED type (not just inferred)",
      "nullable": boolean,
      "null_count": number,
      "null_pct": number,
      "unique_count": number,
      "validation_rule": "rule to enforce",
      "sample_values": ["val1", "val2", "val3"],
      "categorical_values": ["val1", "val2"] or [],
      "value_distribution": {"val1": 800, "val2": 450} or {}
    }
  ],
  "key_columns": ["col1", "col2", "col3"],
  "critical_data": [
    {
      "column": "column_name",
      "severity": "HIGH" or "MEDIUM",
      "concern": "Specific issue found",
      "impact": "Business/data quality impact"
    }
  ],
  "quality_concerns": ["Specific concern with details"],
  "recommended_indexes": [
    {
      "column": "applicantid",
      "index_type": "B-Tree",
      "reason": "Primary key — enables fast lookups and join operations"
    }
  ],
  "data_completeness_pct": number (average of non-null percentages)
}

2026-07-03 01:09:20 | INFO    | bedrock_client | [bedrock] invoke_model network+generation time: 36.468s
2026-07-03 01:09:20 | INFO    | bedrock_client | [bedrock] response body read+json.loads: 0.001s
2026-07-03 01:09:20 | INFO    | bedrock_client | bedrock call | input_tokens=6943 output_tokens=5069 total=12012 session_total=12012 requests=1
2026-07-03 01:09:20 | INFO    | bedrock_client | [ask_json] ask() total (network+generation+read): 36.471s
2026-07-03 01:09:20 | INFO    | bedrock_client | [ask_json] cleanup + json.loads parse: 0.001s
2026-07-03 01:09:20 | INFO    | app | [poc1] STEP 4 - ask_json (Bedrock call, incl. JSON parse): 36.472s
2026-07-03 01:09:20 | INFO    | app | [poc1] STEP 5 - save_versioned: 0.003s
2026-07-03 01:09:20 | INFO    | app | [poc1] STEP 6 - contract write: 0.000s | new_contract=False
2026-07-03 01:09:20 | INFO    | app | [poc1] TOTAL route time: 36.621s
2026-07-03 01:09:34 | INFO    | app | SODA YAML Prompt (first 500 chars):
RULE GENERATION PRIORITY

DO NOT use: alert, warn, valid_format, regex
ONLY use: row_count, missing_count, duplicate_count, min(), max(), min_length(), max_length(), invalid_count, failed rows

1. TABLE LEVEL CHECKS
Always include checks for <table_name>:
  - row_count > 0
If expected row count is known, generate an appropriate threshold.

2. MISSING VALUE CHECKS
Use actual metadata.
If nullable = false → Generate missing_count(column) = 0
If nullable=true → Use observed null count with reasonab
2026-07-03 01:09:44 | INFO    | bedrock_client | [bedrock] invoke_model network+generation time: 9.656s
2026-07-03 01:09:44 | INFO    | bedrock_client | [bedrock] response body read+json.loads: 0.000s
2026-07-03 01:09:44 | INFO    | bedrock_client | bedrock call | input_tokens=7039 output_tokens=1540 total=8579 session_total=20591 requests=2
2026-07-03 01:10:46 | WARNING | werkzeug |  * Debugger is active!
2026-07-03 01:10:47 | WARNING | werkzeug |  * Debugger is active!
2026-07-03 01:12:31 | INFO    | app | upload streamed to disk in 29.46s | file=applicant_data_4gb.csv
2026-07-03 01:13:28 | INFO    | app | DuckDB ingest completed in 57.64s | table=tbl_applicant_data_4gb_csv
2026-07-03 01:13:42 | INFO    | app | [poc1] STEP 1 - getsize: 0.000s
2026-07-03 01:14:08 | INFO    | app | [poc1] STEP 2 - get_full_metadata_for_ai (DuckDB): 25.966s
2026-07-03 01:14:08 | INFO    | app | [poc1] STEP 3 - build_schema_discovery_prompt: 0.001s | prompt_chars=18550
2026-07-03 01:14:08 | INFO    | app | [poc1] USER PROMPT:
CSV METADATA (JSON):
{"schema":{"applicantid":"BIGINT","firstname":"VARCHAR","middlename":"VARCHAR","lastname":"VARCHAR","mobile":"BIGINT","dob":"DATE","pan":"VARCHAR","employment":"VARCHAR","isactive":"BOOLEAN","createddt":"TIMESTAMP","last_updated_dt":"TIMESTAMP","created_date":"DATE","is_active":"BOOLEAN","file_name":"VARCHAR"},"column_statistics":[{"name":"applicantid","type":"BIGINT","null_count":0,"null_pct":0.0,"distinct_count":37050000,"approx_distinct_count":51921704,"min":"1","max":"37050000"},{"name":"firstname","type":"VARCHAR","null_count":0,"null_pct":0.0,"distinct_count":531,"approx_distinct_count":571,"min":"Aachal","max":"Zinal"},{"name":"middlename","type":"VARCHAR","null_count":0,"null_pct":0.0,"distinct_count":531,"approx_distinct_count":571,"min":"Aachal","max":"Zinal"},{"name":"lastname","type":"VARCHAR","null_count":0,"null_pct":0.0,"distinct_count":538,"approx_distinct_count":527,"min":"Acharya","max":"Zachariah"},{"name":"mobile","type":"BIGINT","null_count":0,"null_pct":0.0,"distinct_count":36372289,"approx_distinct_count":31493408,"min":"9000000018","max":"9999999965"},{"name":"dob","type":"DATE","null_count":0,"null_pct":0.0,"distinct_count":16435,"approx_distinct_count":12957,"min":"1960-06-30","max":"2005-06-28"},{"name":"pan","type":"VARCHAR","null_count":0,"null_pct":0.0,"distinct_count":37049781,"approx_distinct_count":35032243,"min":"AAAAB0106A","max":"ZZZZZ7307B"},{"name":"employment","type":"VARCHAR","null_count":0,"null_pct":0.0,"distinct_count":3,"approx_distinct_count":3,"min":"business","max":"salaried","value_counts":{"salaried":25937843,"business":7405805,"doctor":3706352}},{"name":"isactive","type":"BOOLEAN","null_count":0,"null_pct":0.0,"distinct_count":1,"approx_distinct_count":1,"min":"true","max":"true","value_counts":{"True":37050000}},{"name":"createddt","type":"TIMESTAMP","null_count":0,"null_pct":0.0,"distinct_count":9001,"approx_distinct_count":9804,"min":"2000-01-01 00:00:00","max":"2024-08-22 00:00:00"},{"name":"last_updated_dt","type":"TIMESTAMP","null_count":0,"null_pct":0.0,"distinct_count":9030,"approx_distinct_count":10065,"min":"2000-01-02 00:00:00","max":"2024-09-21 00:00:00"},{"name":"created_date","type":"DATE","null_count":0,"null_pct":0.0,"distinct_count":1,"approx_distinct_count":1,"min":"2026-07-03","max":"2026-07-03","value_counts":{"2026-07-03":37050000}},{"name":"is_active","type":"BOOLEAN","null_count":0,"null_pct":0.0,"distinct_count":1,"approx_distinct_count":1,"min":"true","max":"true","value_counts":{"True":37050000}},{"name":"file_name","type":"VARCHAR","null_count":0,"null_pct":0.0,"distinct_count":1,"approx_distinct_count":1,"min":"applicant_data_4gb.csv","max":"applicant_data_4gb.csv","value_counts":{"applicant_data_4gb.csv":37050000}}],"sample_rows":[{"applicantid":5468887,"firstname":"Oscar","middlename":"Idika","lastname":"Aggarwal","mobile":9717993021,"dob":"1996-07-01","pan":"TAEKJ3024I","employment":"business","isactive":true,"createddt":"2000-12-30 00:00:00","last_updated_dt":"2001-01-05 00:00:00","created_date":"2026-07-03","is_active":true,"file_name":"applicant_data_4gb.csv"},{"applicantid":5845138,"firstname":"Gavin","middlename":"Gaurika","lastname":"Rama","mobile":9771450667,"dob":"1998-04-20","pan":"TWNIU0431H","employment":"salaried","isactive":true,"createddt":"2004-11-05 00:00:00","last_updated_dt":"2004-11-16 00:00:00","created_date":"2026-07-03","is_active":true,"file_name":"applicant_data_4gb.csv"},{"applicantid":7574396,"firstname":"Vansha","middlename":"Jacob","lastname":"Bumb","mobile":9872100395,"dob":"1992-06-27","pan":"KHAAP4824R","employment":"salaried","isactive":true,"createddt":"2009-01-18 00:00:00","last_updated_dt":"2009-01-31 00:00:00","created_date":"2026-07-03","is_active":true,"file_name":"applicant_data_4gb.csv"},{"applicantid":21155998,"firstname":"Sara","middlename":"Chakradev","lastname":"Doshi","mobile":9214796091,"dob":"1967-05-26","pan":"BLSLT2286W","employment":"business","isactive":true,"createddt":"2003-10-22 00:00:00","last_updated_dt":"2003-10-27 00:00:00","created_date":"2026-07-03","is_active":true,"file_name":"applicant_data_4gb.csv"},{"applicantid":21730865,"firstname":"Indali","middlename":"Nirja","lastname":"Mannan","mobile":9933048851,"dob":"1976-11-24","pan":"DEKID5947E","employment":"salaried","isactive":true,"createddt":"2015-02-08 00:00:00","last_updated_dt":"2015-03-10 00:00:00","created_date":"2026-07-03","is_active":true,"file_name":"applicant_data_4gb.csv"},{"applicantid":26982144,"firstname":"Warjas","middlename":"Samarth","lastname":"Tata","mobile":9447856960,"dob":"2004-05-29","pan":"MVASW1347Y","employment":"salaried","isactive":true,"createddt":"2008-08-26 00:00:00","last_updated_dt":"2008-08-30 00:00:00","created_date":"2026-07-03","is_active":true,"file_name":"applicant_data_4gb.csv"},{"applicantid":29739050,"firstname":"Dhruv","middlename":"Balendra","lastname":"Pandey","mobile":9186316497,"dob":"1974-06-01","pan":"HDNXG1926Z","employment":"business","isactive":true,"createddt":"2024-01-27 00:00:00","last_updated_dt":"2024-02-25 00:00:00","created_date":"2026-07-03","is_active":true,"file_name":"applicant_data_4gb.csv"},{"applicantid":35890093,"firstname":"Jackson","middlename":"Pavani","lastname":"Som","mobile":9173423491,"dob":"1969-01-16","pan":"ACENE0764V","employment":"salaried","isactive":true,"createddt":"2014-06-20 00:00:00","last_updated_dt":"2014-07-16 00:00:00","created_date":"2026-07-03","is_active":true,"file_name":"applicant_data_4gb.csv"},{"applicantid":1806097,"firstname":"Chaitaly","middlename":"Chakradhar","lastname":"Yohannan","mobile":9283313774,"dob":"2003-09-24","pan":"EBKZG3840H","employment":"salaried","isactive":true,"createddt":"2009-01-04 00:00:00","last_updated_dt":"2009-01-12 00:00:00","created_date":"2026-07-03","is_active":true,"file_name":"applicant_data_4gb.csv"},{"applicantid":6570470,"firstname":"Tara","middlename":"Balveer","lastname":"Tank","mobile":9569550954,"dob":"1964-10-16","pan":"MUAQO7943X","employment":"salaried","isactive":true,"createddt":"2014-07-07 00:00:00","last_updated_dt":"2014-07-31 00:00:00","created_date":"2026-07-03","is_active":true,"file_name":"applicant_data_4gb.csv"},{"applicantid":10309477,"firstname":"Yatan","middlename":"Wishi","lastname":"Ghose","mobile":9474311782,"dob":"1989-07-07","pan":"AHUAR0595F","employment":"salaried","isactive":true,"createddt":"2006-08-30 00:00:00","last_updated_dt":"2006-09-03 00:00:00","created_date":"2026-07-03","is_active":true,"file_name":"applicant_data_4gb.csv"},{"applicantid":21999307,"firstname":"Pranit","middlename":"Oeshi","lastname":"Gade","mobile":9974559528,"dob":"1963-04-04","pan":"IRGJG0556L","employment":"salaried","isactive":true,"createddt":"2004-08-19 00:00:00","last_updated_dt":"2004-08-21 00:00:00","created_date":"2026-07-03","is_active":true,"file_name":"applicant_data_4gb.csv"},{"applicantid":22429962,"firstname":"Ishani","middlename":"Shaurya","lastname":"Lad","mobile":9466033446,"dob":"1994-10-02","pan":"JNPVF6678B","employment":"salaried","isactive":true,"createddt":"2019-12-13 00:00:00","last_updated_dt":"2019-12-26 00:00:00","created_date":"2026-07-03","is_active":true,"file_name":"applicant_data_4gb.csv"},{"applicantid":28764266,"firstname":"Aarush","middlename":"Rajata","lastname":"Balasubramanian","mobile":9165962098,"dob":"1989-06-10","pan":"CEZBZ4482Z","employment":"salaried","isactive":true,"createddt":"2009-01-02 00:00:00","last_updated_dt":"2009-01-31 00:00:00","created_date":"2026-07-03","is_active":true,"file_name":"applicant_data_4gb.csv"},{"applicantid":32393204,"firstname":"Chakrika","middlename":"Laksh","lastname":"Bumb","mobile":9277030151,"dob":"1964-01-15","pan":"KHTNM0877A","employment":"salaried","isactive":true,"createddt":"2015-06-04 00:00:00","last_updated_dt":"2015-06-23 00:00:00","created_date":"2026-07-03","is_active":true,"file_name":"applicant_data_4gb.csv"},{"applicantid":5505589,"firstname":"Nitesh","middlename":"Udyati","lastname":"Mander","mobile":9628174250,"dob":"1977-04-03","pan":"TATTG9831X","employment":"salaried","isactive":true,"createddt":"2010-07-11 00:00:00","last_updated_dt":"2010-07-22 00:00:00","created_date":"2026-07-03","is_active":true,"file_name":"applicant_data_4gb.csv"},{"applicantid":5515058,"firstname":"Rayaan","middlename":"Darpan","lastname":"Mani","mobile":9214491340,"dob":"1963-01-31","pan":"RFHRR6685U","employment":"business","isactive":true,"createddt":"2015-08-24 00:00:00","last_updated_dt":"2015-09-12 00:00:00","created_date":"2026-07-03","is_active":true,"file_name":"applicant_data_4gb.csv"},{"applicantid":22536949,"firstname":"Charvi","middlename":"Charvi","lastname":"Rastogi","mobile":9695208388,"dob":"1999-02-25","pan":"QBCNC3474W","employment":"salaried","isactive":true,"createddt":"2017-10-17 00:00:00","last_updated_dt":"2017-11-02 00:00:00","created_date":"2026-07-03","is_active":true,"file_name":"applicant_data_4gb.csv"},{"applicantid":1668050,"firstname":"Saumya","middlename":"Vasudha","lastname":"Chacko","mobile":9454819857,"dob":"1996-12-17","pan":"CCOJJ0670Q","employment":"salaried","isactive":true,"createddt":"2013-08-17 00:00:00","last_updated_dt":"2013-09-16 00:00:00","created_date":"2026-07-03","is_active":true,"file_name":"applicant_data_4gb.csv"},{"applicantid":1951233,"firstname":"Ekani","middlename":"Falan","lastname":"Murty","mobile":9026621191,"dob":"1991-11-15","pan":"ZOOKR4478S","employment":"salaried","isactive":true,"createddt":"2016-12-08 00:00:00","last_updated_dt":"2016-12-20 00:00:00","created_date":"2026-07-03","is_active":true,"file_name":"applicant_data_4gb.csv"},{"applicantid":5757001,"firstname":"Zansi","middlename":"Alka","lastname":"Kadakia","mobile":9914937927,"dob":"1990-10-19","pan":"CUMEG6345K","employment":"salaried","isactive":true,"createddt":"2023-01-18 00:00:00","last_updated_dt":"2023-02-06 00:00:00","created_date":"2026-07-03","is_active":true,"file_name":"applicant_data_4gb.csv"},{"applicantid":6862316,"firstname":"Jasmit","middlename":"Nidhi","lastname":"Tiwari","mobile":9947309247,"dob":"1999-01-29","pan":"LUOPQ2848H","employment":"salaried","isactive":true,"createddt":"2008-02-14 00:00:00","last_updated_dt":"2008-02-25 00:00:00","created_date":"2026-07-03","is_active":true,"file_name":"applicant_data_4gb.csv"},{"applicantid":14801571,"firstname":"Ladli","middlename":"Vivaan","lastname":"Bir","mobile":9074047218,"dob":"1962-07-11","pan":"QCSGK6009Z","employment":"business","isactive":true,"createddt":"2019-08-15 00:00:00","last_updated_dt":"2019-08-20 00:00:00","created_date":"2026-07-03","is_active":true,"file_name":"applicant_data_4gb.csv"},{"applicantid":16558712,"firstname":"Yatin","middlename":"Aarush","lastname":"Setty","mobile":9473445971,"dob":"2002-11-20","pan":"CZFLS2013O","employment":"salaried","isactive":true,"createddt":"2008-09-23 00:00:00","last_updated_dt":"2008-10-21 00:00:00","created_date":"2026-07-03","is_active":true,"file_name":"applicant_data_4gb.csv"},{"applicantid":17682345,"firstname":"Upadhriti","middlename":"Nathan","lastname":"Deol","mobile":9666948468,"dob":"1963-02-20","pan":"EYCMV9320F","employment":"business","isactive":true,"createddt":"2020-11-20 00:00:00","last_updated_dt":"2020-11-28 00:00:00","created_date":"2026-07-03","is_active":true,"file_name":"applicant_data_4gb.csv"},{"applicantid":25081324,"firstname":"Jonathan","middlename":"Watika","lastname":"Kari","mobile":9037042473,"dob":"1973-01-17","pan":"IWHUO4056O","employment":"business","isactive":true,"createddt":"2015-08-17 00:00:00","last_updated_dt":"2015-08-31 00:00:00","created_date":"2026-07-03","is_active":true,"file_name":"applicant_data_4gb.csv"},{"applicantid":30621412,"firstname":"Leena","middlename":"Devika","lastname":"Sandhu","mobile":9546135813,"dob":"1994-06-30","pan":"EYSYL5851L","employment":"salaried","isactive":true,"createddt":"2024-01-16 00:00:00","last_updated_dt":"2024-01-24 00:00:00","created_date":"2026-07-03","is_active":true,"file_name":"applicant_data_4gb.csv"},{"applicantid":31747686,"firstname":"Hemal","middlename":"Abha","lastname":"Mukhopadhyay","mobile":9485012432,"dob":"1965-03-23","pan":"LOLTP9367E","employment":"salaried","isactive":true,"createddt":"2002-07-18 00:00:00","last_updated_dt":"2002-08-07 00:00:00","created_date":"2026-07-03","is_active":true,"file_name":"applicant_data_4gb.csv"},{"applicantid":32216952,"firstname":"Agastya","middlename":"Girik","lastname":"Mutti","mobile":9345193550,"dob":"1980-02-05","pan":"UBVOK4023G","employment":"salaried","isactive":true,"createddt":"2015-01-31 00:00:00","last_updated_dt":"2015-02-25 00:00:00","created_date":"2026-07-03","is_active":true,"file_name":"applicant_data_4gb.csv"},{"applicantid":35629466,"firstname":"Imaran","middlename":"Jairaj","lastname":"Dara","mobile":9252904837,"dob":"1997-04-21","pan":"WNJLT5216M","employment":"salaried","isactive":true,"createddt":"2001-12-13 00:00:00","last_updated_dt":"2002-01-07 00:00:00","created_date":"2026-07-03","is_active":true,"file_name":"applicant_data_4gb.csv"}]}

ANALYSIS STEPS:

STEP 1 — VERIFY TYPES
  Review the schema and sample_rows in the JSON below.
  If samples show different types than schema, correct it.
  Example: schema says Int64, but samples show ["25", "N/A"] → correct to Utf8/String

STEP 2 — UNDERSTAND BUSINESS MEANING
  Based on column name and sample values, what does this column represent?
  Example: "date_of_birth" + samples ["1990-05-15", "2000-01-20"] → "Customer birth date"

STEP 3 — DATA QUALITY ASSESSMENT
  Look at null counts, distinct counts, ranges in column_statistics.
  For low-cardinality columns, review value_counts to understand the
  full distribution of categories — not just which values exist, but
  how common each one is. Flag class imbalance (e.g. one value covering
  >95% of rows), unexpectedly rare values that might be data entry
  errors, or values outside the expected set.
  Example: loan_type value_counts = {"PL": 800, "HL": 450, "BL": 90, "XYZ": 2}
  → "XYZ" appearing only twice is likely a data entry error, flag it.

STEP 4 — IDENTIFY KEY COLUMNS
  Which 3-5 columns are most critical for quality analysis?
  Usually: IDs, dates, amounts, status fields

STEP 5 — IDENTIFY CRITICAL DATA POINTS
  Which columns have:
  - Data quality issues (high nulls, duplicates, inconsistent formats, class imbalance)?
  - Security concerns (sensitive data, PII)?
  - Business impact (revenue, transaction amounts, customer status)?
  - Format issues (mixed date formats, invalid values)?
  These are CRITICAL and must be flagged.

STEP 6 — RECOMMEND INDEXES
  Which columns should be indexed for fast queries?
  Think about:
  - Primary keys / IDs (always index)
  - Date fields used in WHERE/JOIN (always index)
  - Status/category fields with filtering (index if low-cardinality)
  - Foreign keys / relationships (always index)
  - High-cardinality fields unlikely to be filtered (skip)

  For each recommendation, explain WHY it should be indexed.

  Examples of good reasons:
  - "Primary key — fast lookups and joins"
  - "Frequently filtered in WHERE clauses"
  - "Date range queries for reports"
  - "Join condition with other tables"
  - "Sorts and aggregations on this column"
  - "Low-cardinality status field — improves filter selectivity"
  
STEP 7 - Conditional / Dependency Checks (Column-Controlled Mandatory Fields) 
  Identify situations where the value of one column determines whether another column should or should not contain data. 
  Examples of controlling relationships Application_Status 
  - Loan_Account_Number Payment_Status 
  - Payment_Date Order_Status 
  - Delivery_Date Approval_Flag 
  - Approved_By Is_Active 
  - Deactivation_Date Employment_Status 
  - Exit_Date Customer_Type 
  -> GST_Number Loan_Status 
  -> Disbursement_Date Product_Type 
  -> Product_Code Country 
  -> State Generate failed rows checks for these dependencies. 
  Examples If Application_Status = 'Disbursed', Loan_Account_Number must not be NULL
  Generate similar validations whenever one column logically controls another.

Return JSON with schema profile:
{
  "table_name": "derived from filename",
  "total_columns": number,
  "total_rows": number,
  "file_size_mb": number,
  "schema": [
    {
      "column": "exact name",
      "business_meaning": "what this represents",
      "data_type": "CORRECTED type (not just inferred)",
      "nullable": boolean,
      "null_count": number,
      "null_pct": number,
      "unique_count": number,
      "validation_rule": "rule to enforce",
      "sample_values": ["val1", "val2", "val3"],
      "categorical_values": ["val1", "val2"] or [],
      "value_distribution": {"val1": 800, "val2": 450} or {}
    }
  ],
  "key_columns": ["col1", "col2", "col3"],
  "critical_data": [
    {
      "column": "column_name",
      "severity": "HIGH" or "MEDIUM",
      "concern": "Specific issue found",
      "impact": "Business/data quality impact"
    }
  ],
  "quality_concerns": ["Specific concern with details"],
  "recommended_indexes": [
    {
      "column": "applicantid",
      "index_type": "B-Tree",
      "reason": "Primary key — enables fast lookups and join operations"
    }
  ],
  "data_completeness_pct": number (average of non-null percentages)
}

2026-07-03 01:14:45 | INFO    | bedrock_client | [bedrock] invoke_model network+generation time: 37.361s
2026-07-03 01:14:45 | INFO    | bedrock_client | [bedrock] response body read+json.loads: 0.001s
2026-07-03 01:14:45 | INFO    | bedrock_client | bedrock call | input_tokens=6656 output_tokens=5227 total=11883 session_total=11883 requests=1
2026-07-03 01:14:45 | INFO    | bedrock_client | [ask_json] ask() total (network+generation+read): 37.364s
2026-07-03 01:14:45 | INFO    | bedrock_client | [ask_json] cleanup + json.loads parse: 0.001s
2026-07-03 01:14:45 | INFO    | app | [poc1] STEP 4 - ask_json (Bedrock call, incl. JSON parse): 37.366s
2026-07-03 01:14:45 | INFO    | app | [poc1] STEP 5 - save_versioned: 0.003s
2026-07-03 01:14:45 | INFO    | app | [poc1] STEP 6 - contract write: 0.001s | new_contract=True
2026-07-03 01:14:45 | INFO    | app | [poc1] TOTAL route time: 63.342s
2026-07-03 01:15:13 | INFO    | app | SODA YAML Prompt (first 500 chars):
RULE GENERATION PRIORITY

DO NOT use: alert, warn, valid_format, regex
ONLY use: row_count, missing_count, duplicate_count, min(), max(), min_length(), max_length(), invalid_count, failed rows

1. TABLE LEVEL CHECKS
Always include checks for <table_name>:
  - row_count > 0
If expected row count is known, generate an appropriate threshold.

2. MISSING VALUE CHECKS
Use actual metadata.
If nullable = false → Generate missing_count(column) = 0
If nullable=true → Use observed null count with reasonab
2026-07-03 01:15:22 | INFO    | bedrock_client | [bedrock] invoke_model network+generation time: 9.372s
2026-07-03 01:15:22 | INFO    | bedrock_client | [bedrock] response body read+json.loads: 0.000s
2026-07-03 01:15:22 | INFO    | bedrock_client | bedrock call | input_tokens=7212 output_tokens=1774 total=8986 session_total=20869 requests=2
2026-07-03 01:19:01 | WARNING | werkzeug |  * Debugger is active!
2026-07-03 01:19:04 | INFO    | app | upload streamed to disk in 0.01s | file=application.csv
2026-07-03 01:19:04 | INFO    | app | DuckDB ingest completed in 0.25s | table=tbl_application_csv
2026-07-03 01:19:07 | INFO    | app | [poc1] STEP 1 - getsize: 0.000s
2026-07-03 01:19:08 | INFO    | app | [poc1] STEP 2 - get_full_metadata_for_ai (DuckDB): 0.134s
2026-07-03 01:19:08 | INFO    | app | [poc1] STEP 3 - build_schema_discovery_prompt: 0.000s | prompt_chars=15686
2026-07-03 01:19:08 | INFO    | app | [poc1] USER PROMPT:
CSV METADATA (JSON):
{"schema":{"applicationid":"BIGINT","createddt":"TIMESTAMP","applicantid":"BIGINT","productcd":"VARCHAR","appstatus":"VARCHAR","lan":"VARCHAR","isactive":"BOOLEAN","last_updated_dt":"TIMESTAMP","created_date":"DATE","is_active":"BOOLEAN","file_name":"VARCHAR"},"column_statistics":[{"name":"applicationid","type":"BIGINT","null_count":0,"null_pct":0.0,"distinct_count":71123,"approx_distinct_count":63228,"min":"1","max":"71123"},{"name":"createddt","type":"TIMESTAMP","null_count":0,"null_pct":0.0,"distinct_count":71085,"approx_distinct_count":69841,"min":"2024-05-25 14:14:15","max":"2026-04-26 14:06:28"},{"name":"applicantid","type":"BIGINT","null_count":0,"null_pct":0.0,"distinct_count":46973,"approx_distinct_count":43184,"min":"1","max":"46973"},{"name":"productcd","type":"VARCHAR","null_count":0,"null_pct":0.0,"distinct_count":3,"approx_distinct_count":3,"min":"BL","max":"PL","value_counts":{"PL":23774,"BL":23703,"HL":23646}},{"name":"appstatus","type":"VARCHAR","null_count":0,"null_pct":0.0,"distinct_count":5,"approx_distinct_count":5,"min":"AIP","max":"disbursed","value_counts":{"created":17671,"disbursed":14336,"AIP":14230,"approved":14217,"cancelled":10669}},{"name":"lan","type":"VARCHAR","null_count":56785,"null_pct":79.84,"distinct_count":14336,"approx_distinct_count":14905,"min":"LAN2026000000000001","max":"LAN2026000000071123"},{"name":"isactive","type":"BOOLEAN","null_count":0,"null_pct":0.0,"distinct_count":2,"approx_distinct_count":2,"min":"false","max":"true","value_counts":{"True":53254,"False":17869}},{"name":"last_updated_dt","type":"TIMESTAMP","null_count":0,"null_pct":0.0,"distinct_count":71074,"approx_distinct_count":56735,"min":"2024-05-26 23:10:11","max":"2026-07-25 11:27:50"},{"name":"created_date","type":"DATE","null_count":0,"null_pct":0.0,"distinct_count":1,"approx_distinct_count":1,"min":"2026-07-03","max":"2026-07-03","value_counts":{"2026-07-03":71123}},{"name":"is_active","type":"BOOLEAN","null_count":0,"null_pct":0.0,"distinct_count":1,"approx_distinct_count":1,"min":"true","max":"true","value_counts":{"True":71123}},{"name":"file_name","type":"VARCHAR","null_count":0,"null_pct":0.0,"distinct_count":1,"approx_distinct_count":1,"min":"application.csv","max":"application.csv","value_counts":{"application.csv":71123}}],"sample_rows":[{"applicationid":1672,"createddt":"2026-03-12 00:28:58","applicantid":1672,"productcd":"PL","appstatus":"created","lan":null,"isactive":true,"last_updated_dt":"2026-04-09 10:28:58","created_date":"2026-07-03","is_active":true,"file_name":"application.csv"},{"applicationid":3494,"createddt":"2026-01-01 01:30:27","applicantid":3494,"productcd":"BL","appstatus":"cancelled","lan":null,"isactive":false,"last_updated_dt":"2026-01-09 09:30:27","created_date":"2026-07-03","is_active":true,"file_name":"application.csv"},{"applicationid":9440,"createddt":"2024-12-21 17:47:47","applicantid":9440,"productcd":"HL","appstatus":"AIP","lan":null,"isactive":true,"last_updated_dt":"2024-12-27 16:47:47","created_date":"2026-07-03","is_active":true,"file_name":"application.csv"},{"applicationid":12339,"createddt":"2024-10-22 02:26:51","applicantid":12339,"productcd":"BL","appstatus":"approved","lan":null,"isactive":true,"last_updated_dt":"2025-01-05 12:26:51","created_date":"2026-07-03","is_active":true,"file_name":"application.csv"},{"applicationid":14237,"createddt":"2025-11-26 21:19:42","applicantid":14237,"productcd":"HL","appstatus":"approved","lan":null,"isactive":true,"last_updated_dt":"2026-01-04 08:19:42","created_date":"2026-07-03","is_active":true,"file_name":"application.csv"},{"applicationid":14327,"createddt":"2024-06-17 21:14:38","applicantid":14327,"productcd":"HL","appstatus":"created","lan":null,"isactive":true,"last_updated_dt":"2024-08-24 22:14:38","created_date":"2026-07-03","is_active":true,"file_name":"application.csv"},{"applicationid":16287,"createddt":"2024-12-02 08:30:37","applicantid":16287,"productcd":"PL","appstatus":"disbursed","lan":"LAN2026000000016287","isactive":true,"last_updated_dt":"2025-01-16 00:30:37","created_date":"2026-07-03","is_active":true,"file_name":"application.csv"},{"applicationid":21537,"createddt":"2026-03-31 23:14:58","applicantid":21537,"productcd":"HL","appstatus":"created","lan":null,"isactive":false,"last_updated_dt":"2026-06-29 15:14:58","created_date":"2026-07-03","is_active":true,"file_name":"application.csv"},{"applicationid":22067,"createddt":"2025-04-02 22:38:54","applicantid":22067,"productcd":"PL","appstatus":"disbursed","lan":"LAN2026000000022067","isactive":true,"last_updated_dt":"2025-04-20 13:38:54","created_date":"2026-07-03","is_active":true,"file_name":"application.csv"},{"applicationid":25709,"createddt":"2026-04-08 05:22:11","applicantid":25709,"productcd":"HL","appstatus":"created","lan":null,"isactive":false,"last_updated_dt":"2026-05-05 06:22:11","created_date":"2026-07-03","is_active":true,"file_name":"application.csv"},{"applicationid":30277,"createddt":"2024-08-18 12:21:59","applicantid":30277,"productcd":"HL","appstatus":"created","lan":null,"isactive":false,"last_updated_dt":"2024-09-06 21:21:59","created_date":"2026-07-03","is_active":true,"file_name":"application.csv"},{"applicationid":34526,"createddt":"2025-09-23 22:05:26","applicantid":34526,"productcd":"HL","appstatus":"disbursed","lan":"LAN2026000000034526","isactive":true,"last_updated_dt":"2025-11-20 19:05:26","created_date":"2026-07-03","is_active":true,"file_name":"application.csv"},{"applicationid":34714,"createddt":"2024-11-29 14:24:48","applicantid":34714,"productcd":"BL","appstatus":"approved","lan":null,"isactive":true,"last_updated_dt":"2025-01-15 02:24:48","created_date":"2026-07-03","is_active":true,"file_name":"application.csv"},{"applicationid":35081,"createddt":"2026-01-15 15:35:40","applicantid":35081,"productcd":"HL","appstatus":"created","lan":null,"isactive":true,"last_updated_dt":"2026-03-23 22:35:40","created_date":"2026-07-03","is_active":true,"file_name":"application.csv"},{"applicationid":38504,"createddt":"2025-10-22 10:22:45","applicantid":38504,"productcd":"BL","appstatus":"approved","lan":null,"isactive":true,"last_updated_dt":"2025-11-19 12:22:45","created_date":"2026-07-03","is_active":true,"file_name":"application.csv"},{"applicationid":39515,"createddt":"2024-09-14 22:52:20","applicantid":39515,"productcd":"HL","appstatus":"created","lan":null,"isactive":false,"last_updated_dt":"2024-10-07 05:52:20","created_date":"2026-07-03","is_active":true,"file_name":"application.csv"},{"applicationid":40590,"createddt":"2025-02-20 01:26:40","applicantid":40590,"productcd":"PL","appstatus":"AIP","lan":null,"isactive":false,"last_updated_dt":"2025-04-18 14:26:40","created_date":"2026-07-03","is_active":true,"file_name":"application.csv"},{"applicationid":45246,"createddt":"2026-02-16 01:28:19","applicantid":45246,"productcd":"HL","appstatus":"disbursed","lan":"LAN2026000000045246","isactive":false,"last_updated_dt":"2026-05-13 17:28:19","created_date":"2026-07-03","is_active":true,"file_name":"application.csv"},{"applicationid":48110,"createddt":"2026-01-11 18:37:48","applicantid":1137,"productcd":"PL","appstatus":"created","lan":null,"isactive":false,"last_updated_dt":"2026-03-29 14:37:48","created_date":"2026-07-03","is_active":true,"file_name":"application.csv"},{"applicationid":49625,"createddt":"2025-10-05 04:02:22","applicantid":2652,"productcd":"HL","appstatus":"approved","lan":null,"isactive":true,"last_updated_dt":"2025-10-06 13:02:22","created_date":"2026-07-03","is_active":true,"file_name":"application.csv"},{"applicationid":52704,"createddt":"2026-04-25 18:37:39","applicantid":5731,"productcd":"PL","appstatus":"approved","lan":null,"isactive":true,"last_updated_dt":"2026-07-09 08:37:39","created_date":"2026-07-03","is_active":true,"file_name":"application.csv"},{"applicationid":54463,"createddt":"2024-12-22 01:44:54","applicantid":7490,"productcd":"BL","appstatus":"approved","lan":null,"isactive":true,"last_updated_dt":"2025-03-16 11:44:54","created_date":"2026-07-03","is_active":true,"file_name":"application.csv"},{"applicationid":56883,"createddt":"2025-03-31 10:26:56","applicantid":9910,"productcd":"PL","appstatus":"created","lan":null,"isactive":true,"last_updated_dt":"2025-06-10 15:26:56","created_date":"2026-07-03","is_active":true,"file_name":"application.csv"},{"applicationid":59126,"createddt":"2024-12-13 17:02:38","applicantid":12153,"productcd":"BL","appstatus":"AIP","lan":null,"isactive":true,"last_updated_dt":"2025-01-17 07:02:38","created_date":"2026-07-03","is_active":true,"file_name":"application.csv"},{"applicationid":60326,"createddt":"2024-12-22 17:46:39","applicantid":13353,"productcd":"HL","appstatus":"created","lan":null,"isactive":true,"last_updated_dt":"2025-01-21 11:46:39","created_date":"2026-07-03","is_active":true,"file_name":"application.csv"},{"applicationid":61737,"createddt":"2025-01-29 07:28:14","applicantid":14764,"productcd":"PL","appstatus":"created","lan":null,"isactive":true,"last_updated_dt":"2025-02-19 21:28:14","created_date":"2026-07-03","is_active":true,"file_name":"application.csv"},{"applicationid":64769,"createddt":"2025-12-04 13:03:34","applicantid":17796,"productcd":"BL","appstatus":"created","lan":null,"isactive":true,"last_updated_dt":"2026-01-19 06:03:34","created_date":"2026-07-03","is_active":true,"file_name":"application.csv"},{"applicationid":66941,"createddt":"2025-01-05 13:43:06","applicantid":19968,"productcd":"HL","appstatus":"approved","lan":null,"isactive":true,"last_updated_dt":"2025-03-10 21:43:06","created_date":"2026-07-03","is_active":true,"file_name":"application.csv"},{"applicationid":68166,"createddt":"2026-02-21 11:37:29","applicantid":21193,"productcd":"HL","appstatus":"created","lan":null,"isactive":true,"last_updated_dt":"2026-03-30 16:37:29","created_date":"2026-07-03","is_active":true,"file_name":"application.csv"},{"applicationid":71084,"createddt":"2026-03-26 09:05:11","applicantid":24111,"productcd":"PL","appstatus":"approved","lan":null,"isactive":false,"last_updated_dt":"2026-04-08 13:05:11","created_date":"2026-07-03","is_active":true,"file_name":"application.csv"}]}

ANALYSIS STEPS:

STEP 1 — VERIFY TYPES
  Review the schema and sample_rows in the JSON below.
  If samples show different types than schema, correct it.
  Example: schema says Int64, but samples show ["25", "N/A"] → correct to Utf8/String

STEP 2 — UNDERSTAND BUSINESS MEANING
  Based on column name and sample values, what does this column represent?
  Example: "date_of_birth" + samples ["1990-05-15", "2000-01-20"] → "Customer birth date"

STEP 3 — DATA QUALITY ASSESSMENT
  Look at null counts, distinct counts, ranges in column_statistics.
  For low-cardinality columns, review value_counts to understand the
  full distribution of categories — not just which values exist, but
  how common each one is. Flag class imbalance (e.g. one value covering
  >95% of rows), unexpectedly rare values that might be data entry
  errors, or values outside the expected set.
  Example: loan_type value_counts = {"PL": 800, "HL": 450, "BL": 90, "XYZ": 2}
  → "XYZ" appearing only twice is likely a data entry error, flag it.

STEP 4 — IDENTIFY KEY COLUMNS
  Which 3-5 columns are most critical for quality analysis?
  Usually: IDs, dates, amounts, status fields

STEP 5 — IDENTIFY CRITICAL DATA POINTS
  Which columns have:
  - Data quality issues (high nulls, duplicates, inconsistent formats, class imbalance)?
  - Security concerns (sensitive data, PII)?
  - Business impact (revenue, transaction amounts, customer status)?
  - Format issues (mixed date formats, invalid values)?
  These are CRITICAL and must be flagged.

STEP 6 — RECOMMEND INDEXES
  Which columns should be indexed for fast queries?
  Think about:
  - Primary keys / IDs (always index)
  - Date fields used in WHERE/JOIN (always index)
  - Status/category fields with filtering (index if low-cardinality)
  - Foreign keys / relationships (always index)
  - High-cardinality fields unlikely to be filtered (skip)

  For each recommendation, explain WHY it should be indexed.

  Examples of good reasons:
  - "Primary key — fast lookups and joins"
  - "Frequently filtered in WHERE clauses"
  - "Date range queries for reports"
  - "Join condition with other tables"
  - "Sorts and aggregations on this column"
  - "Low-cardinality status field — improves filter selectivity"
  
STEP 7 - Conditional / Dependency Checks (Column-Controlled Mandatory Fields) 
  Identify situations where the value of one column determines whether another column should or should not contain data. 
  Examples of controlling relationships Application_Status 
  - Loan_Account_Number Payment_Status 
  - Payment_Date Order_Status 
  - Delivery_Date Approval_Flag 
  - Approved_By Is_Active 
  - Deactivation_Date Employment_Status 
  - Exit_Date Customer_Type 
  -> GST_Number Loan_Status 
  -> Disbursement_Date Product_Type 
  -> Product_Code Country 
  -> State Generate failed rows checks for these dependencies. 
  Examples If Application_Status = 'Disbursed', Loan_Account_Number must not be NULL
  Generate similar validations whenever one column logically controls another.

Return JSON with schema profile:
{
  "table_name": "derived from filename",
  "total_columns": number,
  "total_rows": number,
  "file_size_mb": number,
  "schema": [
    {
      "column": "exact name",
      "business_meaning": "what this represents",
      "data_type": "CORRECTED type (not just inferred)",
      "nullable": boolean,
      "null_count": number,
      "null_pct": number,
      "unique_count": number,
      "validation_rule": "rule to enforce",
      "sample_values": ["val1", "val2", "val3"],
      "categorical_values": ["val1", "val2"] or [],
      "value_distribution": {"val1": 800, "val2": 450} or {}
    }
  ],
  "key_columns": ["col1", "col2", "col3"],
  "critical_data": [
    {
      "column": "column_name",
      "severity": "HIGH" or "MEDIUM",
      "concern": "Specific issue found",
      "impact": "Business/data quality impact"
    }
  ],
  "quality_concerns": ["Specific concern with details"],
  "recommended_indexes": [
    {
      "column": "applicantid",
      "index_type": "B-Tree",
      "reason": "Primary key — enables fast lookups and join operations"
    }
  ],
  "data_completeness_pct": number (average of non-null percentages)
}

2026-07-03 01:19:45 | INFO    | bedrock_client | [bedrock] invoke_model network+generation time: 37.876s
2026-07-03 01:19:45 | INFO    | bedrock_client | [bedrock] response body read+json.loads: 0.001s
2026-07-03 01:19:45 | INFO    | bedrock_client | bedrock call | input_tokens=5374 output_tokens=5188 total=10562 session_total=10562 requests=1
2026-07-03 01:19:45 | INFO    | bedrock_client | [ask_json] ask() total (network+generation+read): 37.878s
2026-07-03 01:19:45 | INFO    | bedrock_client | [ask_json] cleanup + json.loads parse: 0.001s
2026-07-03 01:19:45 | INFO    | app | [poc1] STEP 4 - ask_json (Bedrock call, incl. JSON parse): 37.880s
2026-07-03 01:19:45 | INFO    | app | [poc1] STEP 5 - save_versioned: 0.002s
2026-07-03 01:19:45 | INFO    | app | [poc1] STEP 6 - contract write: 0.000s | new_contract=False
2026-07-03 01:19:45 | INFO    | app | [poc1] TOTAL route time: 38.021s
2026-07-03 01:23:17 | INFO    | app | SODA YAML Prompt (first 500 chars):
RULE GENERATION PRIORITY

DO NOT use: alert, warn, valid_format, regex
ONLY use: row_count, missing_count, duplicate_count, min(), max(), min_length(), max_length(), invalid_count, failed rows

1. TABLE LEVEL CHECKS
Always include checks for <table_name>:
  - row_count > 0
If expected row count is known, generate an appropriate threshold.

2. MISSING VALUE CHECKS
Use actual metadata.
If nullable = false → Generate missing_count(column) = 0
If nullable=true → Use observed null count with reasonab
2026-07-03 01:23:25 | INFO    | bedrock_client | [bedrock] invoke_model network+generation time: 7.832s
2026-07-03 01:23:25 | INFO    | bedrock_client | [bedrock] response body read+json.loads: 0.001s
2026-07-03 01:23:25 | INFO    | bedrock_client | bedrock call | input_tokens=7019 output_tokens=1183 total=8202 session_total=18764 requests=2
2026-07-03 01:26:35 | WARNING | werkzeug |  * Debugger is active!
2026-07-03 01:26:54 | WARNING | werkzeug |  * Debugger is active!
2026-07-03 01:26:56 | WARNING | werkzeug |  * Debugger is active!
2026-07-03 01:27:30 | WARNING | werkzeug |  * Debugger is active!
2026-07-03 01:27:41 | INFO    | app | upload streamed to disk in 0.01s | file=application.csv
2026-07-03 01:27:41 | INFO    | app | DuckDB ingest completed in 0.24s | table=tbl_application_csv
2026-07-03 01:27:46 | INFO    | app | [poc1] STEP 1 - getsize: 0.000s
2026-07-03 01:27:46 | INFO    | app | [poc1] STEP 2 - get_full_metadata_for_ai (DuckDB): 0.147s
2026-07-03 01:27:46 | INFO    | app | [poc1] STEP 3 - build_schema_discovery_prompt: 0.000s | prompt_chars=15696
2026-07-03 01:27:46 | INFO    | app | [poc1] USER PROMPT:
CSV METADATA (JSON):
{"schema":{"applicationid":"BIGINT","createddt":"TIMESTAMP","applicantid":"BIGINT","productcd":"VARCHAR","appstatus":"VARCHAR","lan":"VARCHAR","isactive":"BOOLEAN","last_updated_dt":"TIMESTAMP","created_date":"DATE","is_active":"BOOLEAN","file_name":"VARCHAR"},"column_statistics":[{"name":"applicationid","type":"BIGINT","null_count":0,"null_pct":0.0,"distinct_count":71123,"approx_distinct_count":63228,"min":"1","max":"71123"},{"name":"createddt","type":"TIMESTAMP","null_count":0,"null_pct":0.0,"distinct_count":71085,"approx_distinct_count":69841,"min":"2024-05-25 14:14:15","max":"2026-04-26 14:06:28"},{"name":"applicantid","type":"BIGINT","null_count":0,"null_pct":0.0,"distinct_count":46973,"approx_distinct_count":43184,"min":"1","max":"46973"},{"name":"productcd","type":"VARCHAR","null_count":0,"null_pct":0.0,"distinct_count":3,"approx_distinct_count":3,"min":"BL","max":"PL","value_counts":{"PL":23774,"BL":23703,"HL":23646}},{"name":"appstatus","type":"VARCHAR","null_count":0,"null_pct":0.0,"distinct_count":5,"approx_distinct_count":5,"min":"AIP","max":"disbursed","value_counts":{"created":17671,"disbursed":14336,"AIP":14230,"approved":14217,"cancelled":10669}},{"name":"lan","type":"VARCHAR","null_count":56785,"null_pct":79.84,"distinct_count":14336,"approx_distinct_count":14905,"min":"LAN2026000000000001","max":"LAN2026000000071123"},{"name":"isactive","type":"BOOLEAN","null_count":0,"null_pct":0.0,"distinct_count":2,"approx_distinct_count":2,"min":"false","max":"true","value_counts":{"True":53254,"False":17869}},{"name":"last_updated_dt","type":"TIMESTAMP","null_count":0,"null_pct":0.0,"distinct_count":71074,"approx_distinct_count":56735,"min":"2024-05-26 23:10:11","max":"2026-07-25 11:27:50"},{"name":"created_date","type":"DATE","null_count":0,"null_pct":0.0,"distinct_count":1,"approx_distinct_count":1,"min":"2026-07-03","max":"2026-07-03","value_counts":{"2026-07-03":71123}},{"name":"is_active","type":"BOOLEAN","null_count":0,"null_pct":0.0,"distinct_count":1,"approx_distinct_count":1,"min":"true","max":"true","value_counts":{"True":71123}},{"name":"file_name","type":"VARCHAR","null_count":0,"null_pct":0.0,"distinct_count":1,"approx_distinct_count":1,"min":"application.csv","max":"application.csv","value_counts":{"application.csv":71123}}],"sample_rows":[{"applicationid":1454,"createddt":"2025-02-02 05:43:36","applicantid":1454,"productcd":"PL","appstatus":"approved","lan":null,"isactive":true,"last_updated_dt":"2025-03-22 20:43:36","created_date":"2026-07-03","is_active":true,"file_name":"application.csv"},{"applicationid":3209,"createddt":"2024-06-12 08:11:51","applicantid":3209,"productcd":"HL","appstatus":"disbursed","lan":"LAN2026000000003209","isactive":true,"last_updated_dt":"2024-06-23 22:11:51","created_date":"2026-07-03","is_active":true,"file_name":"application.csv"},{"applicationid":4372,"createddt":"2025-03-03 17:11:16","applicantid":4372,"productcd":"HL","appstatus":"created","lan":null,"isactive":true,"last_updated_dt":"2025-05-28 18:11:16","created_date":"2026-07-03","is_active":true,"file_name":"application.csv"},{"applicationid":4541,"createddt":"2024-08-19 11:34:05","applicantid":4541,"productcd":"PL","appstatus":"AIP","lan":null,"isactive":true,"last_updated_dt":"2024-10-21 11:34:05","created_date":"2026-07-03","is_active":true,"file_name":"application.csv"},{"applicationid":8381,"createddt":"2025-05-17 18:57:35","applicantid":8381,"productcd":"PL","appstatus":"AIP","lan":null,"isactive":true,"last_updated_dt":"2025-07-28 13:57:35","created_date":"2026-07-03","is_active":true,"file_name":"application.csv"},{"applicationid":8936,"createddt":"2024-11-24 02:03:36","applicantid":8936,"productcd":"BL","appstatus":"created","lan":null,"isactive":false,"last_updated_dt":"2025-01-18 06:03:36","created_date":"2026-07-03","is_active":true,"file_name":"application.csv"},{"applicationid":13262,"createddt":"2025-06-27 07:27:31","applicantid":13262,"productcd":"HL","appstatus":"disbursed","lan":"LAN2026000000013262","isactive":true,"last_updated_dt":"2025-09-06 14:27:31","created_date":"2026-07-03","is_active":true,"file_name":"application.csv"},{"applicationid":13785,"createddt":"2025-01-08 18:27:43","applicantid":13785,"productcd":"HL","appstatus":"AIP","lan":null,"isactive":true,"last_updated_dt":"2025-03-21 04:27:43","created_date":"2026-07-03","is_active":true,"file_name":"application.csv"},{"applicationid":20428,"createddt":"2025-12-07 03:42:14","applicantid":20428,"productcd":"HL","appstatus":"AIP","lan":null,"isactive":true,"last_updated_dt":"2025-12-23 15:42:14","created_date":"2026-07-03","is_active":true,"file_name":"application.csv"},{"applicationid":21818,"createddt":"2024-11-11 17:17:50","applicantid":21818,"productcd":"HL","appstatus":"created","lan":null,"isactive":true,"last_updated_dt":"2024-11-15 17:17:50","created_date":"2026-07-03","is_active":true,"file_name":"application.csv"},{"applicationid":22527,"createddt":"2025-06-24 17:58:23","applicantid":22527,"productcd":"HL","appstatus":"disbursed","lan":"LAN2026000000022527","isactive":true,"last_updated_dt":"2025-09-04 13:58:23","created_date":"2026-07-03","is_active":true,"file_name":"application.csv"},{"applicationid":25420,"createddt":"2026-02-26 05:34:40","applicantid":25420,"productcd":"BL","appstatus":"cancelled","lan":null,"isactive":true,"last_updated_dt":"2026-05-01 20:34:40","created_date":"2026-07-03","is_active":true,"file_name":"application.csv"},{"applicationid":29038,"createddt":"2025-10-29 04:22:50","applicantid":29038,"productcd":"BL","appstatus":"disbursed","lan":"LAN2026000000029038","isactive":true,"last_updated_dt":"2025-12-31 05:22:50","created_date":"2026-07-03","is_active":true,"file_name":"application.csv"},{"applicationid":31233,"createddt":"2024-12-02 00:03:48","applicantid":31233,"productcd":"BL","appstatus":"disbursed","lan":"LAN2026000000031233","isactive":true,"last_updated_dt":"2025-01-09 07:03:48","created_date":"2026-07-03","is_active":true,"file_name":"application.csv"},{"applicationid":32478,"createddt":"2025-01-17 06:14:24","applicantid":32478,"productcd":"HL","appstatus":"approved","lan":null,"isactive":true,"last_updated_dt":"2025-02-17 19:14:24","created_date":"2026-07-03","is_active":true,"file_name":"application.csv"},{"applicationid":36473,"createddt":"2025-06-05 03:21:40","applicantid":36473,"productcd":"BL","appstatus":"created","lan":null,"isactive":false,"last_updated_dt":"2025-08-03 17:21:40","created_date":"2026-07-03","is_active":true,"file_name":"application.csv"},{"applicationid":38111,"createddt":"2024-11-28 01:38:39","applicantid":38111,"productcd":"HL","appstatus":"approved","lan":null,"isactive":true,"last_updated_dt":"2025-02-06 17:38:39","created_date":"2026-07-03","is_active":true,"file_name":"application.csv"},{"applicationid":38969,"createddt":"2025-01-08 13:06:26","applicantid":38969,"productcd":"HL","appstatus":"cancelled","lan":null,"isactive":true,"last_updated_dt":"2025-04-04 18:06:26","created_date":"2026-07-03","is_active":true,"file_name":"application.csv"},{"applicationid":39812,"createddt":"2025-11-17 21:37:50","applicantid":39812,"productcd":"BL","appstatus":"created","lan":null,"isactive":true,"last_updated_dt":"2025-11-27 01:37:50","created_date":"2026-07-03","is_active":true,"file_name":"application.csv"},{"applicationid":46488,"createddt":"2025-01-05 05:40:11","applicantid":46488,"productcd":"BL","appstatus":"created","lan":null,"isactive":false,"last_updated_dt":"2025-02-04 18:40:11","created_date":"2026-07-03","is_active":true,"file_name":"application.csv"},{"applicationid":48739,"createddt":"2026-02-01 12:28:27","applicantid":1766,"productcd":"PL","appstatus":"created","lan":null,"isactive":true,"last_updated_dt":"2026-03-22 01:28:27","created_date":"2026-07-03","is_active":true,"file_name":"application.csv"},{"applicationid":52247,"createddt":"2026-04-22 04:04:24","applicantid":5274,"productcd":"BL","appstatus":"created","lan":null,"isactive":false,"last_updated_dt":"2026-05-25 19:04:24","created_date":"2026-07-03","is_active":true,"file_name":"application.csv"},{"applicationid":55182,"createddt":"2025-08-07 22:13:52","applicantid":8209,"productcd":"HL","appstatus":"AIP","lan":null,"isactive":true,"last_updated_dt":"2025-09-20 12:13:52","created_date":"2026-07-03","is_active":true,"file_name":"application.csv"},{"applicationid":55964,"createddt":"2026-02-07 18:25:15","applicantid":8991,"productcd":"BL","appstatus":"created","lan":null,"isactive":true,"last_updated_dt":"2026-02-19 15:25:15","created_date":"2026-07-03","is_active":true,"file_name":"application.csv"},{"applicationid":59695,"createddt":"2025-09-22 16:55:17","applicantid":12722,"productcd":"HL","appstatus":"AIP","lan":null,"isactive":true,"last_updated_dt":"2025-10-30 21:55:17","created_date":"2026-07-03","is_active":true,"file_name":"application.csv"},{"applicationid":62593,"createddt":"2025-02-15 22:58:56","applicantid":15620,"productcd":"PL","appstatus":"AIP","lan":null,"isactive":true,"last_updated_dt":"2025-02-18 20:58:56","created_date":"2026-07-03","is_active":true,"file_name":"application.csv"},{"applicationid":63875,"createddt":"2025-01-07 14:46:34","applicantid":16902,"productcd":"BL","appstatus":"disbursed","lan":"LAN2026000000063875","isactive":true,"last_updated_dt":"2025-01-27 16:46:34","created_date":"2026-07-03","is_active":true,"file_name":"application.csv"},{"applicationid":65613,"createddt":"2025-02-13 21:36:58","applicantid":18640,"productcd":"BL","appstatus":"created","lan":null,"isactive":true,"last_updated_dt":"2025-02-16 12:36:58","created_date":"2026-07-03","is_active":true,"file_name":"application.csv"},{"applicationid":67711,"createddt":"2025-03-24 11:44:07","applicantid":20738,"productcd":"BL","appstatus":"approved","lan":null,"isactive":true,"last_updated_dt":"2025-03-28 23:44:07","created_date":"2026-07-03","is_active":true,"file_name":"application.csv"},{"applicationid":70343,"createddt":"2026-02-17 06:32:25","applicantid":23370,"productcd":"HL","appstatus":"approved","lan":null,"isactive":true,"last_updated_dt":"2026-02-21 03:32:25","created_date":"2026-07-03","is_active":true,"file_name":"application.csv"}]}

ANALYSIS STEPS:

STEP 1 — VERIFY TYPES
  Review the schema and sample_rows in the JSON below.
  If samples show different types than schema, correct it.
  Example: schema says Int64, but samples show ["25", "N/A"] → correct to Utf8/String

STEP 2 — UNDERSTAND BUSINESS MEANING
  Based on column name and sample values, what does this column represent?
  Example: "date_of_birth" + samples ["1990-05-15", "2000-01-20"] → "Customer birth date"

STEP 3 — DATA QUALITY ASSESSMENT
  Look at null counts, distinct counts, ranges in column_statistics.
  For low-cardinality columns, review value_counts to understand the
  full distribution of categories — not just which values exist, but
  how common each one is. Flag class imbalance (e.g. one value covering
  >95% of rows), unexpectedly rare values that might be data entry
  errors, or values outside the expected set.
  Example: loan_type value_counts = {"PL": 800, "HL": 450, "BL": 90, "XYZ": 2}
  → "XYZ" appearing only twice is likely a data entry error, flag it.

STEP 4 — IDENTIFY KEY COLUMNS
  Which 3-5 columns are most critical for quality analysis?
  Usually: IDs, dates, amounts, status fields

STEP 5 — IDENTIFY CRITICAL DATA POINTS
  Which columns have:
  - Data quality issues (high nulls, duplicates, inconsistent formats, class imbalance)?
  - Security concerns (sensitive data, PII)?
  - Business impact (revenue, transaction amounts, customer status)?
  - Format issues (mixed date formats, invalid values)?
  These are CRITICAL and must be flagged.

STEP 6 — RECOMMEND INDEXES
  Which columns should be indexed for fast queries?
  Think about:
  - Primary keys / IDs (always index)
  - Date fields used in WHERE/JOIN (always index)
  - Status/category fields with filtering (index if low-cardinality)
  - Foreign keys / relationships (always index)
  - High-cardinality fields unlikely to be filtered (skip)

  For each recommendation, explain WHY it should be indexed.

  Examples of good reasons:
  - "Primary key — fast lookups and joins"
  - "Frequently filtered in WHERE clauses"
  - "Date range queries for reports"
  - "Join condition with other tables"
  - "Sorts and aggregations on this column"
  - "Low-cardinality status field — improves filter selectivity"
  
STEP 7 - Conditional / Dependency Checks (Column-Controlled Mandatory Fields) 
  Identify situations where the value of one column determines whether another column should or should not contain data. 
  Examples of controlling relationships Application_Status 
  - Loan_Account_Number Payment_Status 
  - Payment_Date Order_Status 
  - Delivery_Date Approval_Flag 
  - Approved_By Is_Active 
  - Deactivation_Date Employment_Status 
  - Exit_Date Customer_Type 
  -> GST_Number Loan_Status 
  -> Disbursement_Date Product_Type 
  -> Product_Code Country 
  -> State Generate failed rows checks for these dependencies. 
  Examples If Application_Status = 'Disbursed', Loan_Account_Number must not be NULL
  Generate similar validations whenever one column logically controls another.

Return JSON with schema profile:
{
  "table_name": "derived from filename",
  "total_columns": number,
  "total_rows": number,
  "file_size_mb": number,
  "schema": [
    {
      "column": "exact name",
      "business_meaning": "what this represents",
      "data_type": "CORRECTED type (not just inferred)",
      "nullable": boolean,
      "null_count": number,
      "null_pct": number,
      "unique_count": number,
      "validation_rule": "rule to enforce",
      "sample_values": ["val1", "val2", "val3"],
      "categorical_values": ["val1", "val2"] or [],
      "value_distribution": {"val1": 800, "val2": 450} or {}
    }
  ],
  "key_columns": ["col1", "col2", "col3"],
  "critical_data": [
    {
      "column": "column_name",
      "severity": "HIGH" or "MEDIUM",
      "concern": "Specific issue found",
      "impact": "Business/data quality impact"
    }
  ],
  "quality_concerns": ["Specific concern with details"],
  "recommended_indexes": [
    {
      "column": "applicantid",
      "index_type": "B-Tree",
      "reason": "Primary key — enables fast lookups and join operations"
    }
  ],
  "data_completeness_pct": number (average of non-null percentages)
}

2026-07-03 01:28:21 | INFO    | bedrock_client | [bedrock] invoke_model network+generation time: 35.410s
2026-07-03 01:28:21 | INFO    | bedrock_client | [bedrock] response body read+json.loads: 0.000s
2026-07-03 01:28:21 | INFO    | bedrock_client | bedrock call | input_tokens=5396 output_tokens=5039 total=10435 session_total=10435 requests=1
2026-07-03 01:28:21 | INFO    | bedrock_client | [ask_json] ask() total (network+generation+read): 35.412s
2026-07-03 01:28:21 | INFO    | bedrock_client | [ask_json] cleanup + json.loads parse: 0.001s
2026-07-03 01:28:21 | INFO    | app | [poc1] STEP 4 - ask_json (Bedrock call, incl. JSON parse): 35.413s
2026-07-03 01:28:21 | INFO    | app | [poc1] STEP 5 - save_versioned: 0.002s
2026-07-03 01:28:21 | INFO    | app | [poc1] STEP 6 - contract write: 0.000s | new_contract=False
2026-07-03 01:28:21 | INFO    | app | [poc1] TOTAL route time: 35.564s
2026-07-03 01:29:16 | INFO    | app | SODA YAML Prompt (first 500 chars):
RULE GENERATION PRIORITY

DO NOT use: alert, warn, valid_format, regex, regexp_like, regexp_matches, RLIKE, like-based pattern rules
ONLY use: row_count, missing_count, duplicate_count, min(), max(), min_length(), max_length(), invalid_count, failed rows

1. TABLE LEVEL CHECKS
Always include checks for <table_name>:
  - row_count > 0
If expected row count is known, generate an appropriate threshold.

2. MISSING VALUE CHECKS
Use actual metadata.
If nullable = false → Generate missing_count(column
2026-07-03 01:29:25 | INFO    | bedrock_client | [bedrock] invoke_model network+generation time: 9.437s
2026-07-03 01:29:25 | INFO    | bedrock_client | [bedrock] response body read+json.loads: 0.000s
2026-07-03 01:29:25 | INFO    | bedrock_client | bedrock call | input_tokens=6877 output_tokens=1632 total=8509 session_total=18944 requests=2
2026-07-03 01:37:39 | WARNING | werkzeug |  * Debugger is active!
2026-07-03 11:28:01 | WARNING | werkzeug |  * Debugger is active!
2026-07-03 11:28:10 | INFO    | app | upload streamed to disk in 0.02s | file=application.csv
2026-07-03 11:28:10 | INFO    | app | DuckDB ingest completed in 0.26s | table=tbl_application_csv
2026-07-03 11:28:15 | INFO    | app | [poc1] STEP 1 - getsize: 0.000s
2026-07-03 11:28:15 | INFO    | app | [poc1] STEP 2 - get_full_metadata_for_ai (DuckDB): 0.113s
2026-07-03 11:28:15 | INFO    | app | [poc1] STEP 3 - build_schema_discovery_prompt: 0.000s | prompt_chars=15730
2026-07-03 11:28:15 | INFO    | app | [poc1] USER PROMPT:
CSV METADATA (JSON):
{"schema":{"applicationid":"BIGINT","createddt":"TIMESTAMP","applicantid":"BIGINT","productcd":"VARCHAR","appstatus":"VARCHAR","lan":"VARCHAR","isactive":"BOOLEAN","last_updated_dt":"TIMESTAMP","created_date":"DATE","is_active":"BOOLEAN","file_name":"VARCHAR"},"column_statistics":[{"name":"applicationid","type":"BIGINT","null_count":0,"null_pct":0.0,"distinct_count":71123,"approx_distinct_count":63228,"min":"1","max":"71123"},{"name":"createddt","type":"TIMESTAMP","null_count":0,"null_pct":0.0,"distinct_count":71085,"approx_distinct_count":69841,"min":"2024-05-25 14:14:15","max":"2026-04-26 14:06:28"},{"name":"applicantid","type":"BIGINT","null_count":0,"null_pct":0.0,"distinct_count":46973,"approx_distinct_count":43184,"min":"1","max":"46973"},{"name":"productcd","type":"VARCHAR","null_count":0,"null_pct":0.0,"distinct_count":3,"approx_distinct_count":3,"min":"BL","max":"PL","value_counts":{"PL":23774,"BL":23703,"HL":23646}},{"name":"appstatus","type":"VARCHAR","null_count":0,"null_pct":0.0,"distinct_count":5,"approx_distinct_count":5,"min":"AIP","max":"disbursed","value_counts":{"created":17671,"disbursed":14336,"AIP":14230,"approved":14217,"cancelled":10669}},{"name":"lan","type":"VARCHAR","null_count":56785,"null_pct":79.84,"distinct_count":14336,"approx_distinct_count":14905,"min":"LAN2026000000000001","max":"LAN2026000000071123"},{"name":"isactive","type":"BOOLEAN","null_count":0,"null_pct":0.0,"distinct_count":2,"approx_distinct_count":2,"min":"false","max":"true","value_counts":{"True":53254,"False":17869}},{"name":"last_updated_dt","type":"TIMESTAMP","null_count":0,"null_pct":0.0,"distinct_count":71074,"approx_distinct_count":56735,"min":"2024-05-26 23:10:11","max":"2026-07-25 11:27:50"},{"name":"created_date","type":"DATE","null_count":0,"null_pct":0.0,"distinct_count":1,"approx_distinct_count":1,"min":"2026-07-03","max":"2026-07-03","value_counts":{"2026-07-03":71123}},{"name":"is_active","type":"BOOLEAN","null_count":0,"null_pct":0.0,"distinct_count":1,"approx_distinct_count":1,"min":"true","max":"true","value_counts":{"True":71123}},{"name":"file_name","type":"VARCHAR","null_count":0,"null_pct":0.0,"distinct_count":1,"approx_distinct_count":1,"min":"application.csv","max":"application.csv","value_counts":{"application.csv":71123}}],"sample_rows":[{"applicationid":814,"createddt":"2026-03-23 16:48:12","applicantid":814,"productcd":"HL","appstatus":"cancelled","lan":null,"isactive":true,"last_updated_dt":"2026-06-06 15:48:12","created_date":"2026-07-03","is_active":true,"file_name":"application.csv"},{"applicationid":1575,"createddt":"2025-01-07 18:20:56","applicantid":1575,"productcd":"PL","appstatus":"cancelled","lan":null,"isactive":true,"last_updated_dt":"2025-03-06 13:20:56","created_date":"2026-07-03","is_active":true,"file_name":"application.csv"},{"applicationid":1893,"createddt":"2025-05-09 15:19:41","applicantid":1893,"productcd":"PL","appstatus":"created","lan":null,"isactive":false,"last_updated_dt":"2025-06-15 15:19:41","created_date":"2026-07-03","is_active":true,"file_name":"application.csv"},{"applicationid":4034,"createddt":"2026-04-11 12:08:23","applicantid":4034,"productcd":"BL","appstatus":"cancelled","lan":null,"isactive":true,"last_updated_dt":"2026-07-02 05:08:23","created_date":"2026-07-03","is_active":true,"file_name":"application.csv"},{"applicationid":15625,"createddt":"2024-09-27 03:56:48","applicantid":15625,"productcd":"BL","appstatus":"disbursed","lan":"LAN2026000000015625","isactive":true,"last_updated_dt":"2024-10-24 23:56:48","created_date":"2026-07-03","is_active":true,"file_name":"application.csv"},{"applicationid":20039,"createddt":"2025-01-18 04:26:51","applicantid":20039,"productcd":"HL","appstatus":"disbursed","lan":"LAN2026000000020039","isactive":false,"last_updated_dt":"2025-03-11 18:26:51","created_date":"2026-07-03","is_active":true,"file_name":"application.csv"},{"applicationid":20637,"createddt":"2025-01-30 05:45:58","applicantid":20637,"productcd":"BL","appstatus":"created","lan":null,"isactive":true,"last_updated_dt":"2025-02-21 14:45:58","created_date":"2026-07-03","is_active":true,"file_name":"application.csv"},{"applicationid":23133,"createddt":"2026-02-20 03:19:00","applicantid":23133,"productcd":"PL","appstatus":"approved","lan":null,"isactive":true,"last_updated_dt":"2026-05-09 04:19:00","created_date":"2026-07-03","is_active":true,"file_name":"application.csv"},{"applicationid":23233,"createddt":"2024-08-06 19:46:35","applicantid":23233,"productcd":"PL","appstatus":"disbursed","lan":"LAN2026000000023233","isactive":true,"last_updated_dt":"2024-09-23 03:46:35","created_date":"2026-07-03","is_active":true,"file_name":"application.csv"},{"applicationid":25494,"createddt":"2026-02-21 17:39:30","applicantid":25494,"productcd":"HL","appstatus":"AIP","lan":null,"isactive":true,"last_updated_dt":"2026-05-18 04:39:30","created_date":"2026-07-03","is_active":true,"file_name":"application.csv"},{"applicationid":27036,"createddt":"2024-12-21 06:46:52","applicantid":27036,"productcd":"HL","appstatus":"AIP","lan":null,"isactive":true,"last_updated_dt":"2024-12-25 20:46:52","created_date":"2026-07-03","is_active":true,"file_name":"application.csv"},{"applicationid":29604,"createddt":"2026-03-12 04:20:22","applicantid":29604,"productcd":"BL","appstatus":"created","lan":null,"isactive":true,"last_updated_dt":"2026-04-29 14:20:22","created_date":"2026-07-03","is_active":true,"file_name":"application.csv"},{"applicationid":30826,"createddt":"2025-02-12 08:46:07","applicantid":30826,"productcd":"HL","appstatus":"cancelled","lan":null,"isactive":true,"last_updated_dt":"2025-04-21 22:46:07","created_date":"2026-07-03","is_active":true,"file_name":"application.csv"},{"applicationid":34276,"createddt":"2026-04-09 14:15:23","applicantid":34276,"productcd":"PL","appstatus":"created","lan":null,"isactive":true,"last_updated_dt":"2026-07-08 02:15:23","created_date":"2026-07-03","is_active":true,"file_name":"application.csv"},{"applicationid":35924,"createddt":"2024-11-10 22:40:27","applicantid":35924,"productcd":"HL","appstatus":"disbursed","lan":"LAN2026000000035924","isactive":true,"last_updated_dt":"2024-11-29 14:40:27","created_date":"2026-07-03","is_active":true,"file_name":"application.csv"},{"applicationid":37376,"createddt":"2025-12-19 10:39:19","applicantid":37376,"productcd":"BL","appstatus":"approved","lan":null,"isactive":false,"last_updated_dt":"2026-01-02 13:39:19","created_date":"2026-07-03","is_active":true,"file_name":"application.csv"},{"applicationid":39223,"createddt":"2025-11-17 18:10:16","applicantid":39223,"productcd":"PL","appstatus":"AIP","lan":null,"isactive":true,"last_updated_dt":"2026-01-21 05:10:16","created_date":"2026-07-03","is_active":true,"file_name":"application.csv"},{"applicationid":39357,"createddt":"2024-11-15 04:26:36","applicantid":39357,"productcd":"HL","appstatus":"created","lan":null,"isactive":false,"last_updated_dt":"2025-02-10 09:26:36","created_date":"2026-07-03","is_active":true,"file_name":"application.csv"},{"applicationid":42764,"createddt":"2025-07-09 17:23:57","applicantid":42764,"productcd":"HL","appstatus":"created","lan":null,"isactive":true,"last_updated_dt":"2025-09-08 13:23:57","created_date":"2026-07-03","is_active":true,"file_name":"application.csv"},{"applicationid":43506,"createddt":"2026-02-23 19:07:50","applicantid":43506,"productcd":"PL","appstatus":"created","lan":null,"isactive":true,"last_updated_dt":"2026-04-25 11:07:50","created_date":"2026-07-03","is_active":true,"file_name":"application.csv"},{"applicationid":48166,"createddt":"2024-06-22 06:21:56","applicantid":1193,"productcd":"BL","appstatus":"created","lan":null,"isactive":true,"last_updated_dt":"2024-07-10 17:21:56","created_date":"2026-07-03","is_active":true,"file_name":"application.csv"},{"applicationid":50274,"createddt":"2024-08-13 02:06:07","applicantid":3301,"productcd":"PL","appstatus":"approved","lan":null,"isactive":true,"last_updated_dt":"2024-11-09 19:06:07","created_date":"2026-07-03","is_active":true,"file_name":"application.csv"},{"applicationid":54497,"createddt":"2024-10-26 14:05:23","applicantid":7524,"productcd":"BL","appstatus":"disbursed","lan":"LAN2026000000054497","isactive":true,"last_updated_dt":"2024-12-08 23:05:23","created_date":"2026-07-03","is_active":true,"file_name":"application.csv"},{"applicationid":58152,"createddt":"2025-05-28 00:00:20","applicantid":11179,"productcd":"HL","appstatus":"AIP","lan":null,"isactive":true,"last_updated_dt":"2025-08-22 20:00:20","created_date":"2026-07-03","is_active":true,"file_name":"application.csv"},{"applicationid":59681,"createddt":"2025-01-03 14:31:46","applicantid":12708,"productcd":"PL","appstatus":"disbursed","lan":"LAN2026000000059681","isactive":true,"last_updated_dt":"2025-02-14 08:31:46","created_date":"2026-07-03","is_active":true,"file_name":"application.csv"},{"applicationid":63411,"createddt":"2026-03-18 11:26:56","applicantid":16438,"productcd":"BL","appstatus":"disbursed","lan":"LAN2026000000063411","isactive":true,"last_updated_dt":"2026-03-19 11:26:56","created_date":"2026-07-03","is_active":true,"file_name":"application.csv"},{"applicationid":64239,"createddt":"2024-12-13 16:50:16","applicantid":17266,"productcd":"BL","appstatus":"approved","lan":null,"isactive":true,"last_updated_dt":"2025-01-06 10:50:16","created_date":"2026-07-03","is_active":true,"file_name":"application.csv"},{"applicationid":66740,"createddt":"2024-07-27 20:17:14","applicantid":19767,"productcd":"HL","appstatus":"approved","lan":null,"isactive":true,"last_updated_dt":"2024-09-05 05:17:14","created_date":"2026-07-03","is_active":true,"file_name":"application.csv"},{"applicationid":68623,"createddt":"2026-02-26 17:04:05","applicantid":21650,"productcd":"PL","appstatus":"AIP","lan":null,"isactive":true,"last_updated_dt":"2026-03-17 04:04:05","created_date":"2026-07-03","is_active":true,"file_name":"application.csv"},{"applicationid":70910,"createddt":"2025-07-31 02:22:35","applicantid":23937,"productcd":"PL","appstatus":"created","lan":null,"isactive":true,"last_updated_dt":"2025-09-15 19:22:35","created_date":"2026-07-03","is_active":true,"file_name":"application.csv"}]}

ANALYSIS STEPS:

STEP 1 — VERIFY TYPES
  Review the schema and sample_rows in the JSON below.
  If samples show different types than schema, correct it.
  Example: schema says Int64, but samples show ["25", "N/A"] → correct to Utf8/String

STEP 2 — UNDERSTAND BUSINESS MEANING
  Based on column name and sample values, what does this column represent?
  Example: "date_of_birth" + samples ["1990-05-15", "2000-01-20"] → "Customer birth date"

STEP 3 — DATA QUALITY ASSESSMENT
  Look at null counts, distinct counts, ranges in column_statistics.
  For low-cardinality columns, review value_counts to understand the
  full distribution of categories — not just which values exist, but
  how common each one is. Flag class imbalance (e.g. one value covering
  >95% of rows), unexpectedly rare values that might be data entry
  errors, or values outside the expected set.
  Example: loan_type value_counts = {"PL": 800, "HL": 450, "BL": 90, "XYZ": 2}
  → "XYZ" appearing only twice is likely a data entry error, flag it.

STEP 4 — IDENTIFY KEY COLUMNS
  Which 3-5 columns are most critical for quality analysis?
  Usually: IDs, dates, amounts, status fields

STEP 5 — IDENTIFY CRITICAL DATA POINTS
  Which columns have:
  - Data quality issues (high nulls, duplicates, inconsistent formats, class imbalance)?
  - Security concerns (sensitive data, PII)?
  - Business impact (revenue, transaction amounts, customer status)?
  - Format issues (mixed date formats, invalid values)?
  These are CRITICAL and must be flagged.

STEP 6 — RECOMMEND INDEXES
  Which columns should be indexed for fast queries?
  Think about:
  - Primary keys / IDs (always index)
  - Date fields used in WHERE/JOIN (always index)
  - Status/category fields with filtering (index if low-cardinality)
  - Foreign keys / relationships (always index)
  - High-cardinality fields unlikely to be filtered (skip)

  For each recommendation, explain WHY it should be indexed.

  Examples of good reasons:
  - "Primary key — fast lookups and joins"
  - "Frequently filtered in WHERE clauses"
  - "Date range queries for reports"
  - "Join condition with other tables"
  - "Sorts and aggregations on this column"
  - "Low-cardinality status field — improves filter selectivity"
  
STEP 7 - Conditional / Dependency Checks (Column-Controlled Mandatory Fields) 
  Identify situations where the value of one column determines whether another column should or should not contain data. 
  Examples of controlling relationships Application_Status 
  - Loan_Account_Number Payment_Status 
  - Payment_Date Order_Status 
  - Delivery_Date Approval_Flag 
  - Approved_By Is_Active 
  - Deactivation_Date Employment_Status 
  - Exit_Date Customer_Type 
  -> GST_Number Loan_Status 
  -> Disbursement_Date Product_Type 
  -> Product_Code Country 
  -> State Generate failed rows checks for these dependencies. 
  Examples If Application_Status = 'Disbursed', Loan_Account_Number must not be NULL
  Generate similar validations whenever one column logically controls another.

Return JSON with schema profile:
{
  "table_name": "derived from filename",
  "total_columns": number,
  "total_rows": number,
  "file_size_mb": number,
  "schema": [
    {
      "column": "exact name",
      "business_meaning": "what this represents",
      "data_type": "CORRECTED type (not just inferred)",
      "nullable": boolean,
      "null_count": number,
      "null_pct": number,
      "unique_count": number,
      "validation_rule": "rule to enforce",
      "sample_values": ["val1", "val2", "val3"],
      "categorical_values": ["val1", "val2"] or [],
      "value_distribution": {"val1": 800, "val2": 450} or {}
    }
  ],
  "key_columns": ["col1", "col2", "col3"],
  "critical_data": [
    {
      "column": "column_name",
      "severity": "HIGH" or "MEDIUM",
      "concern": "Specific issue found",
      "impact": "Business/data quality impact"
    }
  ],
  "quality_concerns": ["Specific concern with details"],
  "recommended_indexes": [
    {
      "column": "applicantid",
      "index_type": "B-Tree",
      "reason": "Primary key — enables fast lookups and join operations"
    }
  ],
  "data_completeness_pct": number (average of non-null percentages)
}

2026-07-03 11:28:47 | INFO    | bedrock_client | [bedrock] invoke_model network+generation time: 31.535s
2026-07-03 11:28:47 | INFO    | bedrock_client | [bedrock] response body read+json.loads: 0.001s
2026-07-03 11:28:47 | INFO    | bedrock_client | bedrock call | input_tokens=5401 output_tokens=4430 total=9831 session_total=9831 requests=1
2026-07-03 11:28:47 | INFO    | bedrock_client | [ask_json] ask() total (network+generation+read): 31.536s
2026-07-03 11:28:47 | INFO    | bedrock_client | [ask_json] cleanup + json.loads parse: 0.001s
2026-07-03 11:28:47 | INFO    | app | [poc1] STEP 4 - ask_json (Bedrock call, incl. JSON parse): 31.538s
2026-07-03 11:28:47 | INFO    | app | [poc1] STEP 5 - save_versioned: 0.003s
2026-07-03 11:28:47 | INFO    | app | [poc1] STEP 6 - contract write: 0.000s | new_contract=False
2026-07-03 11:28:47 | INFO    | app | [poc1] TOTAL route time: 31.655s
2026-07-03 11:29:12 | INFO    | app | SODA YAML Prompt (first 500 chars):
RULE GENERATION PRIORITY

DO NOT use: alert, warn, valid_format, regex, regexp_like, regexp_matches, RLIKE, like-based pattern rules
ONLY use: row_count, missing_count, duplicate_count, min(), max(), min_length(), max_length(), invalid_count, failed rows

1. TABLE LEVEL CHECKS
Always include checks for <table_name>:
  - row_count > 0
If expected row count is known, generate an appropriate threshold.

2. MISSING VALUE CHECKS
Use actual metadata.
If nullable = false → Generate missing_count(column
2026-07-03 11:29:20 | INFO    | bedrock_client | [bedrock] invoke_model network+generation time: 7.963s
2026-07-03 11:29:20 | INFO    | bedrock_client | [bedrock] response body read+json.loads: 0.000s
2026-07-03 11:29:20 | INFO    | bedrock_client | bedrock call | input_tokens=6454 output_tokens=1353 total=7807 session_total=17638 requests=2
2026-07-03 11:37:32 | WARNING | werkzeug |  * Debugger is active!
2026-07-03 11:37:41 | WARNING | werkzeug |  * Debugger is active!
2026-07-03 11:37:47 | WARNING | werkzeug |  * Debugger is active!
2026-07-03 11:41:05 | WARNING | werkzeug |  * Debugger is active!
2026-07-03 11:41:11 | INFO    | app | upload streamed to disk in 0.01s | file=applicant.csv
2026-07-03 11:41:11 | INFO    | app | DuckDB ingest completed in 0.25s | table=tbl_applicant_csv
2026-07-03 11:41:15 | INFO    | app | [poc1] STEP 1 - getsize: 0.000s
2026-07-03 11:41:15 | INFO    | app | [poc1] STEP 2 - get_full_metadata_for_ai (DuckDB): 0.120s
2026-07-03 11:41:15 | INFO    | app | [poc1] STEP 3 - build_schema_discovery_prompt: 0.000s | prompt_chars=18742
2026-07-03 11:41:15 | INFO    | app | [poc1] USER PROMPT:
CSV METADATA (JSON):
{"schema":{"applicantid":"BIGINT","applicant_first_name":"VARCHAR","applicant_middle_name":"VARCHAR","applicant_last_name":"VARCHAR","mobile":"BIGINT","dob":"DATE","pan":"VARCHAR","employment":"VARCHAR","isactive":"BOOLEAN","createddt":"TIMESTAMP","last_updated_dt":"TIMESTAMP","created_date":"DATE","is_active":"BOOLEAN","file_name":"VARCHAR"},"column_statistics":[{"name":"applicantid","type":"BIGINT","null_count":0,"null_pct":0.0,"distinct_count":46973,"min":"1","max":"46973"},{"name":"applicant_first_name","type":"VARCHAR","null_count":0,"null_pct":0.0,"distinct_count":30,"min":"Aadhya","max":"Vivaan"},{"name":"applicant_middle_name","type":"VARCHAR","null_count":3086,"null_pct":6.57,"distinct_count":14,"min":"Anil","max":"Vijay","value_counts":{"Mohan":3209,"Vijay":3187,"Prakash":3185,"Devi":3171,"Ramesh":3165,"Ashok":3132,"Laxmi":3130,"Suresh":3127,"Sunil":3115,"Madhav":3107,"Dilip":3104,"Anil":3092,"Kumar":3089,"Raj":3073}},{"name":"applicant_last_name","type":"VARCHAR","null_count":0,"null_pct":0.0,"distinct_count":20,"min":"Agarwal","max":"Yadav"},{"name":"mobile","type":"BIGINT","null_count":0,"null_pct":0.0,"distinct_count":46973,"min":"6000007919","max":"6371979187"},{"name":"dob","type":"DATE","null_count":0,"null_pct":0.0,"distinct_count":15473,"min":"1960-01-01","max":"2004-12-31"},{"name":"pan","type":"VARCHAR","null_count":0,"null_pct":0.0,"distinct_count":46973,"min":"AAAOC1786K","max":"ZZZYF5487H"},{"name":"employment","type":"VARCHAR","null_count":0,"null_pct":0.0,"distinct_count":3,"min":"business","max":"salaried","value_counts":{"salaried":15669,"business":15663,"doctor":15641}},{"name":"isactive","type":"BOOLEAN","null_count":0,"null_pct":0.0,"distinct_count":2,"min":"false","max":"true","value_counts":{"True":35259,"False":11714}},{"name":"createddt","type":"TIMESTAMP","null_count":0,"null_pct":0.0,"distinct_count":46959,"min":"2023-11-07 14:13:05","max":"2026-04-26 13:48:08"},{"name":"last_updated_dt","type":"TIMESTAMP","null_count":0,"null_pct":0.0,"distinct_count":46954,"min":"2023-11-08 17:59:55","max":"2026-08-23 15:06:15"},{"name":"created_date","type":"DATE","null_count":0,"null_pct":0.0,"distinct_count":1,"min":"2026-07-03","max":"2026-07-03","value_counts":{"2026-07-03":46973}},{"name":"is_active","type":"BOOLEAN","null_count":0,"null_pct":0.0,"distinct_count":1,"min":"true","max":"true","value_counts":{"True":46973}},{"name":"file_name","type":"VARCHAR","null_count":0,"null_pct":0.0,"distinct_count":1,"min":"applicant.csv","max":"applicant.csv","value_counts":{"applicant.csv":46973}}],"sample_rows":[{"applicantid":206,"applicant_first_name":"Arjun","applicant_middle_name":"Prakash","applicant_last_name":"Mishra","mobile":6001631314,"dob":"1960-10-04","pan":"PEJFT0206N","employment":"doctor","isactive":false,"createddt":"2025-03-31 09:18:18","last_updated_dt":"2025-06-22 06:18:18","created_date":"2026-07-03","is_active":true,"file_name":"applicant.csv"},{"applicantid":1317,"applicant_first_name":"Priya","applicant_middle_name":"Laxmi","applicant_last_name":"Kulkarni","mobile":6010429323,"dob":"1999-04-03","pan":"VIXBL1317V","employment":"business","isactive":false,"createddt":"2024-01-11 03:59:47","last_updated_dt":"2024-05-10 13:59:47","created_date":"2026-07-03","is_active":true,"file_name":"applicant.csv"},{"applicantid":1666,"applicant_first_name":"Vivaan","applicant_middle_name":"Ramesh","applicant_last_name":"Deshmukh","mobile":6013193054,"dob":"1994-05-29","pan":"FGPBU1666Q","employment":"salaried","isactive":true,"createddt":"2023-11-23 18:33:25","last_updated_dt":"2024-02-07 05:33:25","created_date":"2026-07-03","is_active":true,"file_name":"applicant.csv"},{"applicantid":2913,"applicant_first_name":"Amit","applicant_middle_name":"Vijay","applicant_last_name":"Deshmukh","mobile":6023068047,"dob":"2002-05-16","pan":"IXPOO2913Z","employment":"salaried","isactive":true,"createddt":"2025-08-27 06:47:30","last_updated_dt":"2025-10-13 12:47:30","created_date":"2026-07-03","is_active":true,"file_name":"applicant.csv"},{"applicantid":6191,"applicant_first_name":"Pooja","applicant_middle_name":"Madhav","applicant_last_name":"Kumar","mobile":6049026529,"dob":"1976-07-23","pan":"TUCSD6191L","employment":"business","isactive":true,"createddt":"2025-05-19 10:41:15","last_updated_dt":"2025-05-21 05:41:15","created_date":"2026-07-03","is_active":true,"file_name":"applicant.csv"},{"applicantid":6453,"applicant_first_name":"Kiara","applicant_middle_name":"Suresh","applicant_last_name":"Singh","mobile":6051101307,"dob":"1995-06-13","pan":"ZDHIX6453M","employment":"business","isactive":false,"createddt":"2024-12-06 15:27:14","last_updated_dt":"2025-02-18 13:27:14","created_date":"2026-07-03","is_active":true,"file_name":"applicant.csv"},{"applicantid":7696,"applicant_first_name":"Sagar","applicant_middle_name":"Kumar","applicant_last_name":"Kulkarni","mobile":6060944624,"dob":"1966-07-17","pan":"RHXHI7696C","employment":"business","isactive":true,"createddt":"2024-10-22 19:57:14","last_updated_dt":"2024-12-17 19:57:14","created_date":"2026-07-03","is_active":true,"file_name":"applicant.csv"},{"applicantid":8324,"applicant_first_name":"Amit","applicant_middle_name":"Kumar","applicant_last_name":"Gupta","mobile":6065917756,"dob":"1982-04-24","pan":"VOGMS8324S","employment":"business","isactive":true,"createddt":"2023-12-24 03:55:04","last_updated_dt":"2024-03-24 16:55:04","created_date":"2026-07-03","is_active":true,"file_name":"applicant.csv"},{"applicantid":9490,"applicant_first_name":"Anaya","applicant_middle_name":"Kumar","applicant_last_name":"Mishra","mobile":6075151310,"dob":"1980-10-23","pan":"TUDFC9490A","employment":"business","isactive":true,"createddt":"2025-02-22 20:56:54","last_updated_dt":"2025-05-10 23:56:54","created_date":"2026-07-03","is_active":true,"file_name":"applicant.csv"},{"applicantid":10071,"applicant_first_name":"Sai","applicant_middle_name":"Ashok","applicant_last_name":"Patel","mobile":6079752249,"dob":"1977-01-11","pan":"DCNFF0071F","employment":"salaried","isactive":true,"createddt":"2025-03-16 15:40:35","last_updated_dt":"2025-05-26 15:40:35","created_date":"2026-07-03","is_active":true,"file_name":"applicant.csv"},{"applicantid":11705,"applicant_first_name":"Krishna","applicant_middle_name":"Ramesh","applicant_last_name":"Kumar","mobile":6092691895,"dob":"1972-06-05","pan":"EUEGZ1705Y","employment":"business","isactive":true,"createddt":"2026-02-19 11:18:02","last_updated_dt":"2026-06-18 10:18:02","created_date":"2026-07-03","is_active":true,"file_name":"applicant.csv"},{"applicantid":13033,"applicant_first_name":"Sagar","applicant_middle_name":null,"applicant_last_name":"Deshmukh","mobile":6103208327,"dob":"1980-08-16","pan":"PZKJA3033F","employment":"salaried","isactive":true,"createddt":"2024-06-11 18:03:30","last_updated_dt":"2024-07-30 09:03:30","created_date":"2026-07-03","is_active":true,"file_name":"applicant.csv"},{"applicantid":13655,"applicant_first_name":"Aditya","applicant_middle_name":"Ashok","applicant_last_name":"Mishra","mobile":6108133945,"dob":"2000-06-23","pan":"NJHVM3655I","employment":"salaried","isactive":false,"createddt":"2024-06-27 20:54:35","last_updated_dt":"2024-08-02 05:54:35","created_date":"2026-07-03","is_active":true,"file_name":"applicant.csv"},{"applicantid":16082,"applicant_first_name":"Sneha","applicant_middle_name":"Raj","applicant_last_name":"Verma","mobile":6127353358,"dob":"1975-03-23","pan":"SQKCZ6082U","employment":"doctor","isactive":true,"createddt":"2025-06-25 04:40:43","last_updated_dt":"2025-07-03 23:40:43","created_date":"2026-07-03","is_active":true,"file_name":"applicant.csv"},{"applicantid":19601,"applicant_first_name":"Aadhya","applicant_middle_name":"Vijay","applicant_last_name":"Kulkarni","mobile":6155220319,"dob":"1996-01-06","pan":"GLPLT9601S","employment":"doctor","isactive":true,"createddt":"2024-09-20 07:35:28","last_updated_dt":"2025-01-12 05:35:28","created_date":"2026-07-03","is_active":true,"file_name":"applicant.csv"},{"applicantid":20578,"applicant_first_name":"Ira","applicant_middle_name":"Madhav","applicant_last_name":"Mehta","mobile":6162957182,"dob":"1991-04-05","pan":"DLZCX0578F","employment":"doctor","isactive":true,"createddt":"2025-10-13 22:39:29","last_updated_dt":"2026-01-17 04:39:29","created_date":"2026-07-03","is_active":true,"file_name":"applicant.csv"},{"applicantid":23324,"applicant_first_name":"Ishaan","applicant_middle_name":"Prakash","applicant_last_name":"Kulkarni","mobile":6184702756,"dob":"1986-01-21","pan":"JTIKQ3324D","employment":"doctor","isactive":true,"createddt":"2024-05-18 14:39:26","last_updated_dt":"2024-08-12 12:39:26","created_date":"2026-07-03","is_active":true,"file_name":"applicant.csv"},{"applicantid":25943,"applicant_first_name":"Sara","applicant_middle_name":"Suresh","applicant_last_name":"Verma","mobile":6205442617,"dob":"1982-07-22","pan":"TRQUY5943X","employment":"doctor","isactive":true,"createddt":"2025-10-12 12:53:28","last_updated_dt":"2025-12-01 05:53:28","created_date":"2026-07-03","is_active":true,"file_name":"applicant.csv"},{"applicantid":25981,"applicant_first_name":"Sai","applicant_middle_name":"Ashok","applicant_last_name":"Kulkarni","mobile":6205743539,"dob":"1982-07-08","pan":"IXKQK5981O","employment":"doctor","isactive":false,"createddt":"2024-06-18 04:30:34","last_updated_dt":"2024-09-06 01:30:34","created_date":"2026-07-03","is_active":true,"file_name":"applicant.csv"},{"applicantid":28418,"applicant_first_name":"Anika","applicant_middle_name":"Sunil","applicant_last_name":"Sharma","mobile":6225042142,"dob":"1962-05-24","pan":"HYDFD8418K","employment":"salaried","isactive":true,"createddt":"2024-08-27 00:01:58","last_updated_dt":"2024-12-08 04:01:58","created_date":"2026-07-03","is_active":true,"file_name":"applicant.csv"},{"applicantid":28803,"applicant_first_name":"Sai","applicant_middle_name":"Devi","applicant_last_name":"Jain","mobile":6228090957,"dob":"1987-07-10","pan":"GOBMO8803B","employment":"salaried","isactive":false,"createddt":"2025-04-21 14:28:01","last_updated_dt":"2025-06-27 23:28:01","created_date":"2026-07-03","is_active":true,"file_name":"applicant.csv"},{"applicantid":30055,"applicant_first_name":"Vivaan","applicant_middle_name":"Laxmi","applicant_last_name":"Nair","mobile":6238005545,"dob":"1962-07-02","pan":"ASQLS0055L","employment":"business","isactive":true,"createddt":"2025-10-21 15:13:02","last_updated_dt":"2025-10-25 18:13:02","created_date":"2026-07-03","is_active":true,"file_name":"applicant.csv"},{"applicantid":30987,"applicant_first_name":"Neha","applicant_middle_name":"Madhav","applicant_last_name":"Pawar","mobile":6245386053,"dob":"1975-12-22","pan":"JJBMC0987B","employment":"salaried","isactive":true,"createddt":"2025-07-26 02:28:14","last_updated_dt":"2025-10-23 01:28:14","created_date":"2026-07-03","is_active":true,"file_name":"applicant.csv"},{"applicantid":33340,"applicant_first_name":"Amit","applicant_middle_name":"Devi","applicant_last_name":"Iyer","mobile":6264019460,"dob":"1986-04-14","pan":"PNRKG3340B","employment":"doctor","isactive":false,"createddt":"2024-02-27 17:03:09","last_updated_dt":"2024-03-03 19:03:09","created_date":"2026-07-03","is_active":true,"file_name":"applicant.csv"},{"applicantid":37211,"applicant_first_name":"Anika","applicant_middle_name":"Anil","applicant_last_name":"Singh","mobile":6294673909,"dob":"2000-04-28","pan":"SKRTH7211S","employment":"salaried","isactive":true,"createddt":"2024-01-12 22:30:22","last_updated_dt":"2024-03-22 14:30:22","created_date":"2026-07-03","is_active":true,"file_name":"applicant.csv"},{"applicantid":39797,"applicant_first_name":"Vivaan","applicant_middle_name":"Prakash","applicant_last_name":"Patel","mobile":6315152443,"dob":"1984-05-26","pan":"PJSFP9797U","employment":"salaried","isactive":true,"createddt":"2024-10-14 16:58:29","last_updated_dt":"2024-12-14 05:58:29","created_date":"2026-07-03","is_active":true,"file_name":"applicant.csv"},{"applicantid":40515,"applicant_first_name":"Avni","applicant_middle_name":"Anil","applicant_last_name":"Nair","mobile":6320838285,"dob":"1998-01-16","pan":"CKBHK0515Q","employment":"doctor","isactive":true,"createddt":"2025-06-26 11:16:09","last_updated_dt":"2025-09-27 13:16:09","created_date":"2026-07-03","is_active":true,"file_name":"applicant.csv"},{"applicantid":41027,"applicant_first_name":"Amit","applicant_middle_name":"Sunil","applicant_last_name":"Sharma","mobile":6324892813,"dob":"1985-03-27","pan":"FOROF1027I","employment":"doctor","isactive":false,"createddt":"2024-08-07 01:08:28","last_updated_dt":"2024-10-01 07:08:28","created_date":"2026-07-03","is_active":true,"file_name":"applicant.csv"},{"applicantid":44491,"applicant_first_name":"Aditya","applicant_middle_name":"Madhav","applicant_last_name":"Chopra","mobile":6352324229,"dob":"1981-10-18","pan":"CQDTG4491W","employment":"salaried","isactive":true,"createddt":"2026-01-05 06:24:09","last_updated_dt":"2026-03-31 10:24:09","created_date":"2026-07-03","is_active":true,"file_name":"applicant.csv"},{"applicantid":46023,"applicant_first_name":"Krishna","applicant_middle_name":"Prakash","applicant_last_name":"Sharma","mobile":6364456137,"dob":"1978-04-09","pan":"GONBQ6023E","employment":"doctor","isactive":true,"createddt":"2025-09-07 05:08:29","last_updated_dt":"2025-11-25 07:08:29","created_date":"2026-07-03","is_active":true,"file_name":"applicant.csv"}]}

ANALYSIS STEPS:

STEP 1 — VERIFY TYPES
  Review the schema and sample_rows in the JSON below.
  If samples show different types than schema, correct it.
  Example: schema says Int64, but samples show ["25", "N/A"] → correct to Utf8/String

STEP 2 — UNDERSTAND BUSINESS MEANING
  Based on column name and sample values, what does this column represent?
  Example: "date_of_birth" + samples ["1990-05-15", "2000-01-20"] → "Customer birth date"

STEP 3 — DATA QUALITY ASSESSMENT
  Look at null counts, distinct counts, ranges in column_statistics.
  For low-cardinality columns, review value_counts to understand the
  full distribution of categories — not just which values exist, but
  how common each one is. Flag class imbalance (e.g. one value covering
  >95% of rows), unexpectedly rare values that might be data entry
  errors, or values outside the expected set.
  Example: loan_type value_counts = {"PL": 800, "HL": 450, "BL": 90, "XYZ": 2}
  → "XYZ" appearing only twice is likely a data entry error, flag it.

STEP 4 — IDENTIFY KEY COLUMNS
  Which 3-5 columns are most critical for quality analysis?
  Usually: IDs, dates, amounts, status fields

STEP 5 — IDENTIFY CRITICAL DATA POINTS
  Which columns have:
  - Data quality issues (high nulls, duplicates, inconsistent formats, class imbalance)?
  - Security concerns (sensitive data, PII)?
  - Business impact (revenue, transaction amounts, customer status)?
  - Format issues (mixed date formats, invalid values)?
  These are CRITICAL and must be flagged.

STEP 6 — RECOMMEND INDEXES
  Which columns should be indexed for fast queries?
  Think about:
  - Primary keys / IDs (always index)
  - Date fields used in WHERE/JOIN (always index)
  - Status/category fields with filtering (index if low-cardinality)
  - Foreign keys / relationships (always index)
  - High-cardinality fields unlikely to be filtered (skip)

  For each recommendation, explain WHY it should be indexed.

  Examples of good reasons:
  - "Primary key — fast lookups and joins"
  - "Frequently filtered in WHERE clauses"
  - "Date range queries for reports"
  - "Join condition with other tables"
  - "Sorts and aggregations on this column"
  - "Low-cardinality status field — improves filter selectivity"
  
STEP 7 - Conditional / Dependency Checks (Column-Controlled Mandatory Fields) 
  Identify situations where the value of one column determines whether another column should or should not contain data. 
  Examples of controlling relationships Application_Status 
  - Loan_Account_Number Payment_Status 
  - Payment_Date Order_Status 
  - Delivery_Date Approval_Flag 
  - Approved_By Is_Active 
  - Deactivation_Date Employment_Status 
  - Exit_Date Customer_Type 
  -> GST_Number Loan_Status 
  -> Disbursement_Date Product_Type 
  -> Product_Code Country 
  -> State Generate failed rows checks for these dependencies. 
  Examples If Application_Status = 'Disbursed', Loan_Account_Number must not be NULL
  Generate similar validations whenever one column logically controls another.

Return JSON with schema profile:
{
  "table_name": "derived from filename",
  "total_columns": number,
  "total_rows": number,
  "file_size_mb": number,
  "schema": [
    {
      "column": "exact name",
      "business_meaning": "what this represents",
      "data_type": "CORRECTED type (not just inferred)",
      "nullable": boolean,
      "null_count": number,
      "null_pct": number,
      "unique_count": number,
      "validation_rule": "rule to enforce",
      "sample_values": ["val1", "val2", "val3"],
      "categorical_values": ["val1", "val2"] or [],
      "value_distribution": {"val1": 800, "val2": 450} or {}
    }
  ],
  "key_columns": ["col1", "col2", "col3"],
  "critical_data": [
    {
      "column": "column_name",
      "severity": "HIGH" or "MEDIUM",
      "concern": "Specific issue found",
      "impact": "Business/data quality impact"
    }
  ],
  "quality_concerns": ["Specific concern with details"],
  "recommended_indexes": [
    {
      "column": "applicantid",
      "index_type": "B-Tree",
      "reason": "Primary key — enables fast lookups and join operations"
    }
  ],
  "data_completeness_pct": number (average of non-null percentages)
}

2026-07-03 11:41:49 | INFO    | bedrock_client | [bedrock] invoke_model network+generation time: 34.073s
2026-07-03 11:41:49 | INFO    | bedrock_client | [bedrock] response body read+json.loads: 0.001s
2026-07-03 11:41:49 | INFO    | bedrock_client | bedrock call | input_tokens=6741 output_tokens=5020 total=11761 session_total=11761 requests=1
2026-07-03 11:41:49 | INFO    | bedrock_client | [ask_json] ask() total (network+generation+read): 34.076s
2026-07-03 11:41:49 | INFO    | bedrock_client | [ask_json] cleanup + json.loads parse: 0.001s
2026-07-03 11:41:49 | INFO    | app | [poc1] STEP 4 - ask_json (Bedrock call, incl. JSON parse): 34.077s
2026-07-03 11:41:49 | INFO    | app | [poc1] STEP 5 - save_versioned: 0.002s
2026-07-03 11:41:49 | INFO    | app | [poc1] STEP 6 - contract write: 0.000s | new_contract=True
2026-07-03 11:41:49 | INFO    | app | [poc1] TOTAL route time: 34.202s
2026-07-03 11:43:09 | INFO    | app | SODA YAML Prompt (first 500 chars):
RULE GENERATION PRIORITY

DO NOT use: alert, warn, valid_format, regex, regexp_like, RLIKE, like-based pattern rules
ONLY use: row_count, missing_count, duplicate_count, min(), max(), min_length(), max_length(), invalid_count, failed rows

1. TABLE LEVEL CHECKS
Always include checks for <table_name>:
  - row_count > 0
If expected row count is known, generate an appropriate threshold.

2. MISSING VALUE CHECKS
Use actual metadata.
If nullable = false → Generate missing_count(column) = 0
If nullabl
2026-07-03 11:43:19 | INFO    | bedrock_client | [bedrock] invoke_model network+generation time: 9.937s
2026-07-03 11:43:19 | INFO    | bedrock_client | [bedrock] response body read+json.loads: 0.000s
2026-07-03 11:43:19 | INFO    | bedrock_client | bedrock call | input_tokens=7077 output_tokens=1798 total=8875 session_total=20636 requests=2
2026-07-03 11:58:43 | WARNING | werkzeug |  * Debugger is active!
2026-07-03 12:04:08 | WARNING | werkzeug |  * Debugger is active!
2026-07-03 12:04:12 | WARNING | werkzeug |  * Debugger is active!
2026-07-03 12:04:13 | WARNING | werkzeug |  * Debugger is active!
